EmployeeID,Department,JobRole,Age,MonthlyIncome,AttritionProbability,RiskLevel,EngagementScore,PerformanceRating,WorkLifeBalanceScore,SkillGaps,GapCount,UpskillingRecommendation,TopRiskDrivers
1,Sales,Sales Executive,41,5993,0.8857,HIGH,81,3,1,"Adobe ActionScript, Apple Keynote, Critical Thinking",3,Recommended: Advanced Certification in Adobe ActionScript (Addresses critical gap: Adobe ActionScript),"OverTime_No, TotalSatisfactionScore, StockOptionLevel"
2,Research & Development,Research Scientist,49,5130,0.0816,LOW,100,4,3,"3D graphics software, Mathematics, Reading Comprehension",3,Recommended: Advanced Certification in 3D graphics software (Addresses critical gap: 3D graphics software),"DailyRate, BusinessTravel_Travel_Frequently, ExperienceRatio"
4,Research & Development,Laboratory Technician,37,2090,0.3369,MEDIUM,100,3,3,"C++, Critical Thinking, Email software, Laboratory information management system LIMS, Reading Comprehension, Science, Writing",7,Recommended: Advanced Certification in C++ (Addresses critical gap: C++),"OverTime_No, MonthlyIncome, YearsWithCurrManager"
5,Research & Development,Research Scientist,33,2909,0.4085,MEDIUM,100,3,3,"Active Listening, Ada, Advanced numerical software, Reading Comprehension",4,Recommended: Active Listening and High-Impact Communication for Leaders (Addresses critical gap: Active Listening),"OverTime_No, StockOptionLevel, PercentSalaryHike"
7,Research & Development,Laboratory Technician,27,3468,0.2663,LOW,96,3,3,"C++, Critical Thinking, Laboratory information management system LIMS, Linux, Writing",5,Recommended: Advanced Certification in C++ (Addresses critical gap: C++),"NumCompaniesWorked, Age, JobRole_Laboratory Technician"
8,Research & Development,Laboratory Technician,32,3068,0.0463,LOW,100,3,2,"C++, Database software, Email software, Reading Comprehension",4,Recommended: Advanced Certification in C++ (Addresses critical gap: C++),"BusinessTravel_Travel_Frequently, YearsSinceLastPromotion, StockOptionLevel"
10,Research & Development,Laboratory Technician,59,2670,0.2345,LOW,84,4,2,"C++, Database software, Linux, Monitoring, Writing",5,Recommended: Advanced Certification in C++ (Addresses critical gap: C++),"OverTime_No, YearsWithCurrManager, TotalSatisfactionScore"
11,Research & Development,Laboratory Technician,30,2693,0.2287,LOW,100,4,3,"C++, Database software, Email software, Laboratory information management system LIMS",4,Recommended: Advanced Certification in C++ (Addresses critical gap: C++),"TotalWorkingYears, YearsWithCurrManager, JobRole_Laboratory Technician"
12,Research & Development,Manufacturing Director,38,9526,0.132,LOW,100,4,3,"Adobe InDesign, Apple Final Cut Pro, Monitoring",3,Recommended: Advanced Certification in Adobe InDesign (Addresses critical gap: Adobe InDesign),"DistanceFromHome, BusinessTravel_Travel_Frequently, StockOptionLevel"
13,Research & Development,Healthcare Representative,36,5237,0.0903,LOW,100,3,2,"Adobe Acrobat, Alteer Office, Speaking",3,Recommended: Advanced Certification in Adobe Acrobat (Addresses critical gap: Adobe Acrobat),"NumCompaniesWorked, DistanceFromHome, YearsSinceLastPromotion"
14,Research & Development,Laboratory Technician,35,2426,0.0468,LOW,90,3,3,"Email software, Laboratory information management system LIMS",2,Recommended: Advanced Certification in Email software (Addresses critical gap: Email software),"MonthlyIncome, TotalSatisfactionScore, DistanceFromHome"
15,Research & Development,Laboratory Technician,29,4193,0.0972,LOW,100,3,3,"Monitoring, Reading Comprehension",2,Recommended: Performance Monitoring and KPI Management Masterclass (Addresses critical gap: Monitoring),"OverTime_No, StockOptionLevel, Age"
16,Research & Development,Research Scientist,31,2911,0.0347,LOW,100,3,2,"Active Learning, Active Listening, Ada, Mathematics, Reading Comprehension",5,Recommended: Advanced Certification in Active Learning (Addresses critical gap: Active Learning),"EnvironmentSatisfaction, DistanceFromHome, YearsSinceLastPromotion"
18,Research & Development,Laboratory Technician,34,2661,0.0586,LOW,100,3,3,"C++, Database software, Microsoft Access, Reading Comprehension, Writing",5,Recommended: Advanced Certification in C++ (Addresses critical gap: C++),"DistanceFromHome, JobRole_Laboratory Technician, MonthlyIncome"
19,Research & Development,Laboratory Technician,28,2028,0.9749,HIGH,91,3,3,"C++, Database software, Linux, Microsoft Access, Science, Writing",6,Recommended: Advanced Certification in C++ (Addresses critical gap: C++),"OverTime_No, MonthlyIncome, DistanceFromHome"
20,Research & Development,Manufacturing Director,29,9980,0.0814,LOW,85,3,3,"Active Listening, Adobe InDesign",2,Recommended: Active Listening and High-Impact Communication for Leaders (Addresses critical gap: Active Listening),"YearsSinceLastPromotion, TotalSatisfactionScore, DistanceFromHome"
21,Research & Development,Research Scientist,32,3298,0.0454,LOW,82,3,2,"3D graphics software, Active Learning, Active Listening, Advanced numerical software, Amazon Elastic Compute Cloud EC2",5,Recommended: Advanced Certification in 3D graphics software (Addresses critical gap: 3D graphics software),"OverTime_No, TotalSatisfactionScore, DailyRate"
22,Research & Development,Laboratory Technician,22,2935,0.3692,MEDIUM,100,3,2,"Email software, Laboratory information management system LIMS, Microsoft Access, Monitoring, Reading Comprehension, Science",6,Recommended: Advanced Certification in Email software (Addresses critical gap: Email software),"OverTime_No, YearsWithCurrManager, Age"
23,Sales,Manager,53,15427,0.0377,LOW,100,3,3,"Active Listening, Adobe Photoshop, Critical Thinking, Speaking",4,Recommended: Active Listening and High-Impact Communication for Leaders (Addresses critical gap: Active Listening),"StockOptionLevel, IncomePerYearAtCompany, Department_Research & Development"
24,Research & Development,Research Scientist,38,3944,0.1143,LOW,100,3,3,"Active Listening, Ada, Amazon Elastic Compute Cloud EC2, Reading Comprehension",4,Recommended: Active Listening and High-Impact Communication for Leaders (Addresses critical gap: Active Listening),"OverTime_No, NumCompaniesWorked, StockOptionLevel"
26,Research & Development,Manufacturing Director,24,4011,0.0116,LOW,100,3,2,"ABB Optimize IT Predict & Control, Adobe After Effects, Adobe InDesign, Monitoring",4,Recommended: Advanced Certification in ABB Optimize IT Predict & Control (Addresses critical gap: ABB Optimize IT Predict & Control),"ExperienceRatio, EnvironmentSatisfaction, DistanceFromHome"
27,Sales,Sales Representative,36,3407,0.6793,HIGH,75,4,3,"ACT! Premium, Adobe Acrobat, Adobe Creative Cloud software, Adobe Illustrator, Critical Thinking, Reading Comprehension",6,Recommended: Advanced Certification in ACT! Premium (Addresses critical gap: ACT! Premium),"TotalSatisfactionScore, NumCompaniesWorked, StockOptionLevel"
28,Research & Development,Research Director,34,11994,0.0248,LOW,92,3,3,IBM Lotus 1-2-3,1,Recommended: Advanced Certification in IBM Lotus 1-2-3 (Addresses critical gap: IBM Lotus 1-2-3),"TotalSatisfactionScore, StockOptionLevel, DailyRate"
30,Research & Development,Research Scientist,21,1232,0.1475,LOW,100,3,3,"3D graphics software, Active Learning, Active Listening, Algorithmic software, Amazon DynamoDB, Amazon Elastic Compute Cloud EC2, Critical Thinking",7,Recommended: Advanced Certification in 3D graphics software (Addresses critical gap: 3D graphics software),"YearsWithCurrManager, MonthlyIncome, TotalWorkingYears"
31,Research & Development,Research Scientist,34,2960,0.1709,LOW,70,3,3,"Algorithmic software, Amazon DynamoDB, Amazon Elastic Compute Cloud EC2, Reading Comprehension",4,Recommended: Advanced Certification in Algorithmic software (Addresses critical gap: Algorithmic software),"TotalSatisfactionScore, StockOptionLevel, PercentSalaryHike"
32,Research & Development,Manager,53,19094,0.0111,LOW,100,3,2,"Act!, Adobe Acrobat, Reading Comprehension",3,Recommended: Advanced Certification in Act! (Addresses critical gap: Act!),"PercentSalaryHike, NumCompaniesWorked, JobRole_Research Scientist"
33,Research & Development,Research Scientist,32,3919,0.9685,HIGH,62,4,3,"3D graphics software, Amazon Elastic Compute Cloud EC2, Critical Thinking",3,Recommended: Advanced Certification in 3D graphics software (Addresses critical gap: 3D graphics software),"OverTime_No, JobInvolvement, StockOptionLevel"
35,Sales,Sales Executive,42,6825,0.1113,LOW,100,3,3,"Adobe ActionScript, Airtable, Reading Comprehension",3,Recommended: Advanced Certification in Adobe ActionScript (Addresses critical gap: Adobe ActionScript),"PercentSalaryHike, DailyRate, Department_Research & Development"
36,Research & Development,Healthcare Representative,44,10248,0.0447,LOW,100,3,3,"3DGrid HIPAA Checkup, American Medical Association CodeManager",2,Recommended: Advanced Certification in 3DGrid HIPAA Checkup (Addresses critical gap: 3DGrid HIPAA Checkup),"EnvironmentSatisfaction, YearsSinceLastPromotion, DailyRate"
38,Sales,Manager,46,18947,0.0549,LOW,82,3,2,"Active Listening, Critical Thinking",2,Recommended: Active Listening and High-Impact Communication for Leaders (Addresses critical gap: Active Listening),"TotalSatisfactionScore, StockOptionLevel, EducationField_Marketing"
39,Research & Development,Laboratory Technician,33,2496,0.1709,LOW,100,3,3,"C++, Email software, Laboratory information management system LIMS, Monitoring, Reading Comprehension, Science",6,Recommended: Advanced Certification in C++ (Addresses critical gap: C++),"YearsWithCurrManager, MonthlyIncome, JobRole_Laboratory Technician"
40,Research & Development,Healthcare Representative,44,6465,0.0139,LOW,100,3,4,"AcuStaf, Reading Comprehension",2,Recommended: Advanced Certification in AcuStaf (Addresses critical gap: AcuStaf),"OverTime_No, StockOptionLevel, WorkLifeBalance"
41,Research & Development,Laboratory Technician,30,2206,0.0584,LOW,100,3,3,"Email software, Microsoft Access",2,Recommended: Advanced Certification in Email software (Addresses critical gap: Email software),"MonthlyIncome, StockOptionLevel, JobRole_Laboratory Technician"
42,Sales,Sales Representative,39,2086,0.794,HIGH,100,3,4,"Active Listening, Adobe Acrobat, Adobe Illustrator",3,Recommended: Active Listening and High-Impact Communication for Leaders (Addresses critical gap: Active Listening),"MonthlyIncome, YearsWithCurrManager, EducationField_Technical Degree"
45,Research & Development,Research Scientist,24,2293,0.9306,HIGH,93,3,2,"Active Learning, Ada, Advanced numerical software, Algorithmic software",4,Recommended: Advanced Certification in Active Learning (Addresses critical gap: Active Learning),"OverTime_No, MonthlyIncome, YearsWithCurrManager"
46,Research & Development,Research Scientist,43,2645,0.0019,LOW,100,3,2,"Ada, Algorithmic software, Amazon DynamoDB, Critical Thinking, Reading Comprehension",5,Recommended: Advanced Certification in Ada (Addresses critical gap: Ada),"MonthlyIncome, BusinessTravel_Non-Travel, YearsInCurrentRole"
47,Sales,Sales Representative,50,2683,0.6475,HIGH,90,3,3,"3M Post-it App, Adobe Dreamweaver, Adobe Illustrator",3,Recommended: Advanced Certification in 3M Post-it App (Addresses critical gap: 3M Post-it App),"OverTime_No, StockOptionLevel, TotalSatisfactionScore"
49,Sales,Sales Representative,35,2014,0.3068,MEDIUM,100,3,3,"3M Post-it App, ACT! Premium, Reading Comprehension, Writing",4,Recommended: Advanced Certification in 3M Post-it App (Addresses critical gap: 3M Post-it App),"MonthlyIncome, TotalWorkingYears, DailyRate"
51,Research & Development,Research Scientist,36,3419,0.2229,LOW,96,3,4,"Active Learning, Ada, Advanced numerical software, Amazon Elastic Compute Cloud EC2, Reading Comprehension",5,Recommended: Advanced Certification in Active Learning (Addresses critical gap: Active Learning),"OverTime_No, YearsWithCurrManager, NumCompaniesWorked"
52,Sales,Sales Executive,33,5376,0.0711,LOW,87,3,3,"Adobe Acrobat, Adobe Creative Cloud software, Critical Thinking, Monitoring",4,Recommended: Advanced Certification in Adobe Acrobat (Addresses critical gap: Adobe Acrobat),"TotalSatisfactionScore, BusinessTravel_Travel_Frequently, RelationshipSatisfaction"
53,Research & Development,Laboratory Technician,35,1951,0.139,LOW,100,3,3,"Email software, Laboratory information management system LIMS, Microsoft Access, Monitoring, Science",5,Recommended: Advanced Certification in Email software (Addresses critical gap: Email software),"MonthlyIncome, YearsWithCurrManager, TotalWorkingYears"
54,Research & Development,Laboratory Technician,27,2341,0.5267,MEDIUM,100,3,3,"C++, Linux, Monitoring, Reading Comprehension, Science",5,Recommended: Advanced Certification in C++ (Addresses critical gap: C++),"YearsWithCurrManager, MonthlyIncome, TotalWorkingYears"
55,Research & Development,Laboratory Technician,26,2293,0.957,HIGH,78,3,2,"Database software, Linux, Microsoft Access, Monitoring, Science, Writing",6,Recommended: Advanced Certification in Database software (Addresses critical gap: Database software),"JobInvolvement, TotalWorkingYears, StockOptionLevel"
56,Sales,Sales Executive,27,8726,0.0465,LOW,100,3,3,Reading Comprehension,1,Recommended: Information Synthesis and Rapid Document Analysis (Addresses critical gap: Reading Comprehension),"StockOptionLevel, BusinessTravel_Travel_Frequently, Age"
57,Research & Development,Laboratory Technician,30,4011,0.063,LOW,100,4,3,"Email software, Writing",2,Recommended: Advanced Certification in Email software (Addresses critical gap: Email software),"Age, BusinessTravel_Travel_Frequently, YearsSinceLastPromotion"
58,Research & Development,Research Director,41,19545,0.0127,LOW,98,3,3,"Reading Comprehension, Writing",2,Recommended: Information Synthesis and Rapid Document Analysis (Addresses critical gap: Reading Comprehension),"StockOptionLevel, YearsSinceLastPromotion, TrainingTimesLastYear"
60,Sales,Sales Executive,34,4568,0.0336,LOW,100,4,3,"Active Listening, Apple Keynote, Speaking",3,Recommended: Active Listening and High-Impact Communication for Leaders (Addresses critical gap: Active Listening),"StockOptionLevel, DistanceFromHome, YearsSinceLastPromotion"
61,Research & Development,Research Scientist,37,3022,0.444,MEDIUM,95,4,3,"Active Listening, Ada, Algorithmic software, Critical Thinking, Reading Comprehension",5,Recommended: Active Listening and High-Impact Communication for Leaders (Addresses critical gap: Active Listening),"TotalSatisfactionScore, StockOptionLevel, YearsWithCurrManager"
62,Sales,Sales Executive,46,5772,0.1778,LOW,100,4,3,Reading Comprehension,1,Recommended: Information Synthesis and Rapid Document Analysis (Addresses critical gap: Reading Comprehension),"OverTime_No, StockOptionLevel, BusinessTravel_Travel_Frequently"
63,Research & Development,Laboratory Technician,35,2269,0.0368,LOW,100,3,3,"Critical Thinking, Reading Comprehension, Science, Writing",4,Recommended: Executive Decision Making & Critical Thinking Workshop (Addresses critical gap: Critical Thinking),"StockOptionLevel, MonthlyIncome, TotalWorkingYears"
64,Research & Development,Laboratory Technician,48,5381,0.8796,HIGH,96,3,3,"Laboratory information management system LIMS, Microsoft Access, Reading Comprehension",3,Recommended: Advanced Certification in Laboratory information management system LIMS (Addresses critical gap: Laboratory information management system LIMS),"OverTime_No, YearsWithCurrManager, NumCompaniesWorked"
65,Research & Development,Laboratory Technician,28,3441,0.9213,HIGH,93,3,2,"Laboratory information management system LIMS, Linux, Monitoring, Reading Comprehension, Science, Writing",6,Recommended: Advanced Certification in Laboratory information management system LIMS (Addresses critical gap: Laboratory information management system LIMS),"OverTime_No, StockOptionLevel, TotalWorkingYears"
68,Sales,Sales Executive,44,5454,0.0967,LOW,75,4,2,"Reading Comprehension, Speaking",2,Recommended: Information Synthesis and Rapid Document Analysis (Addresses critical gap: Reading Comprehension),"OverTime_No, TotalSatisfactionScore, NumCompaniesWorked"
70,Research & Development,Healthcare Representative,35,9884,0.0802,LOW,99,3,3,AcuStaf,1,Recommended: Advanced Certification in AcuStaf (Addresses critical gap: AcuStaf),"OverTime_No, TotalSatisfactionScore, PromotionLagRatio"
72,Sales,Sales Executive,26,4157,0.2769,LOW,100,3,2,"Active Listening, Adobe Acrobat, Airtable, Monitoring, Reading Comprehension, Speaking",6,Recommended: Active Listening and High-Impact Communication for Leaders (Addresses critical gap: Active Listening),"OverTime_No, DistanceFromHome, Age"
73,Research & Development,Research Director,33,13458,0.0745,LOW,100,3,3,Clinical trial management software,1,Recommended: Advanced Certification in Clinical trial management software (Addresses critical gap: Clinical trial management software),"OverTime_No, StockOptionLevel, HourlyRate"
74,Sales,Sales Executive,35,9069,0.2329,LOW,79,4,2,"Act!, Adobe ActionScript, Monitoring",3,Recommended: Advanced Certification in Act! (Addresses critical gap: Act!),"DistanceFromHome, TotalSatisfactionScore, BusinessTravel_Travel_Frequently"
75,Research & Development,Laboratory Technician,35,4014,0.2387,LOW,94,3,3,"C++, Database software, Laboratory information management system LIMS, Linux, Microsoft Access, Monitoring, Reading Comprehension",7,Recommended: Advanced Certification in C++ (Addresses critical gap: C++),"OverTime_No, DistanceFromHome, TotalSatisfactionScore"
76,Research & Development,Laboratory Technician,31,5915,0.0266,LOW,100,4,2,"Email software, Writing",2,Recommended: Advanced Certification in Email software (Addresses critical gap: Email software),"JobRole_Laboratory Technician, ExperienceRatio, Age"
77,Research & Development,Manufacturing Director,37,5993,0.0063,LOW,100,3,4,"Adobe After Effects, Adobe InDesign, Monitoring",3,Recommended: Advanced Certification in Adobe After Effects (Addresses critical gap: Adobe After Effects),"EnvironmentSatisfaction, WorkLifeBalance, JobRole_Research Scientist"
78,Research & Development,Manufacturing Director,32,6162,0.1025,LOW,100,4,3,"ABB Optimize IT Predict & Control, Reading Comprehension",2,Recommended: Advanced Certification in ABB Optimize IT Predict & Control (Addresses critical gap: ABB Optimize IT Predict & Control),"OverTime_No, DailyRate, YearsSinceLastPromotion"
79,Research & Development,Laboratory Technician,38,2406,0.0917,LOW,100,3,3,"Laboratory information management system LIMS, Linux, Monitoring, Science",4,Recommended: Advanced Certification in Laboratory information management system LIMS (Addresses critical gap: Laboratory information management system LIMS),"YearsSinceLastPromotion, DistanceFromHome, MonthlyIncome"
80,Research & Development,Research Director,50,18740,0.0373,LOW,100,3,2,Graphics software,1,Recommended: Advanced Certification in Graphics software (Addresses critical gap: Graphics software),"OverTime_No, NumCompaniesWorked, YearsSinceLastPromotion"
81,Sales,Sales Executive,59,7637,0.1762,LOW,69,3,2,"Active Listening, Adobe Creative Cloud software, Critical Thinking",3,Recommended: Active Listening and High-Impact Communication for Leaders (Addresses critical gap: Active Listening),"TotalSatisfactionScore, StockOptionLevel, NumCompaniesWorked"
83,Research & Development,Healthcare Representative,36,10096,0.0167,LOW,100,3,3,Speaking,1,Recommended: Advanced Executive Presentation and Persuasive Speaking (Addresses critical gap: Speaking),"YearsSinceLastPromotion, JobRole_Research Scientist, MonthlyRate"
84,Research & Development,Manager,55,14756,0.0461,LOW,100,3,3,"ActionWare, Critical Thinking",2,Recommended: Advanced Certification in ActionWare (Addresses critical gap: ActionWare),"OverTime_No, IncomePerYearAtCompany, JobRole_Research Scientist"
85,Research & Development,Manufacturing Director,36,6499,0.1171,LOW,100,3,3,"ABB Optimize IT Predict & Control, Adobe InDesign, Adobe Photoshop",3,Recommended: Advanced Certification in ABB Optimize IT Predict & Control (Addresses critical gap: ABB Optimize IT Predict & Control),"BusinessTravel_Travel_Frequently, StockOptionLevel, HourlyRate"
86,Research & Development,Research Scientist,45,9724,0.0249,LOW,93,3,3,"3D graphics software, Active Learning, Ada, Mathematics",4,Recommended: Advanced Certification in 3D graphics software (Addresses critical gap: 3D graphics software),"YearsWithCurrManager, TotalSatisfactionScore, JobSatisfaction"
88,Research & Development,Research Scientist,35,2194,0.1326,LOW,85,3,2,"Ada, Amazon DynamoDB, Mathematics",3,Recommended: Advanced Certification in Ada (Addresses critical gap: Ada),"MonthlyIncome, BusinessTravel_Travel_Frequently, TotalSatisfactionScore"
90,Research & Development,Research Scientist,36,3388,0.1067,LOW,90,3,2,"3D graphics software, Active Learning, Active Listening, Ada, Amazon Elastic Compute Cloud EC2, Critical Thinking, Reading Comprehension",7,Recommended: Advanced Certification in 3D graphics software (Addresses critical gap: 3D graphics software),"OverTime_No, YearsWithCurrManager, TotalSatisfactionScore"
91,Sales,Sales Executive,59,5473,0.0789,LOW,100,3,2,"Act!, Active Listening, Adobe Creative Cloud software, Airtable, Speaking",5,Recommended: Advanced Certification in Act! (Addresses critical gap: Act!),"NumCompaniesWorked, StockOptionLevel, BusinessTravel_Travel_Frequently"
94,Research & Development,Research Scientist,29,2703,0.0092,LOW,100,4,3,"Algorithmic software, Amazon Elastic Compute Cloud EC2",2,Recommended: Advanced Certification in Algorithmic software (Addresses critical gap: Algorithmic software),"Age, BusinessTravel_Non-Travel, Gender_Female"
95,Research & Development,Research Scientist,31,2501,0.162,LOW,100,3,3,"3D graphics software, Ada, Advanced numerical software, Amazon DynamoDB, Amazon Elastic Compute Cloud EC2, Critical Thinking, Reading Comprehension",7,Recommended: Advanced Certification in 3D graphics software (Addresses critical gap: 3D graphics software),"YearsWithCurrManager, StockOptionLevel, TotalWorkingYears"
96,Research & Development,Research Scientist,32,6220,0.0228,LOW,100,3,3,"3D graphics software, Active Learning, Advanced numerical software",3,Recommended: Advanced Certification in 3D graphics software (Addresses critical gap: 3D graphics software),"TotalSatisfactionScore, ExperienceRatio, DailyRate"
97,Research & Development,Laboratory Technician,36,3038,0.0917,LOW,100,3,3,"Critical Thinking, Email software, Linux, Science",4,Recommended: Executive Decision Making & Critical Thinking Workshop (Addresses critical gap: Critical Thinking),"YearsWithCurrManager, StockOptionLevel, JobRole_Laboratory Technician"
98,Research & Development,Manufacturing Director,31,4424,0.0259,LOW,100,4,3,"Critical Thinking, Speaking",2,Recommended: Executive Decision Making & Critical Thinking Workshop (Addresses critical gap: Critical Thinking),"StockOptionLevel, Age, ExperienceRatio"
100,Sales,Sales Executive,35,4312,0.0579,LOW,91,3,3,Apple Keynote,1,Recommended: Advanced Certification in Apple Keynote (Addresses critical gap: Apple Keynote),"StockOptionLevel, TotalSatisfactionScore, JobSatisfaction"
101,Research & Development,Research Director,45,13245,0.0126,LOW,100,3,4,"Active Listening, Adobe Acrobat, Critical Thinking, Graphics software, Reading Comprehension, Science",6,Recommended: Active Listening and High-Impact Communication for Leaders (Addresses critical gap: Active Listening),"OverTime_No, YearsWithCurrManager, StockOptionLevel"
102,Research & Development,Research Director,37,13664,0.0649,LOW,100,3,4,"ESRI ArcGIS software, Graphics software",2,Recommended: Advanced Certification in ESRI ArcGIS software (Addresses critical gap: ESRI ArcGIS software),"TotalSatisfactionScore, StockOptionLevel, DailyRate"
103,Human Resources,Human Resources,46,5021,0.169,LOW,95,4,3,"Adobe Dreamweaver, Adobe InDesign, Reading Comprehension, Speaking",4,Recommended: Advanced Certification in Adobe Dreamweaver (Addresses critical gap: Adobe Dreamweaver),"OverTime_No, NumCompaniesWorked, JobRole_Research Scientist"
104,Research & Development,Laboratory Technician,30,5126,0.0564,LOW,100,3,2,"Email software, Linux",2,Recommended: Advanced Certification in Email software (Addresses critical gap: Email software),"OverTime_No, YearsWithCurrManager, YearsSinceLastPromotion"
105,Research & Development,Research Scientist,35,2859,0.054,LOW,100,3,3,"Ada, Algorithmic software, Amazon Elastic Compute Cloud EC2, Reading Comprehension",4,Recommended: Advanced Certification in Ada (Addresses critical gap: Ada),"StockOptionLevel, TotalSatisfactionScore, RelationshipSatisfaction"
106,Sales,Sales Executive,55,10239,0.1019,LOW,100,3,3,"Adobe Creative Cloud software, Airtable, Critical Thinking, Monitoring, Reading Comprehension",5,Recommended: Advanced Certification in Adobe Creative Cloud software (Addresses critical gap: Adobe Creative Cloud software),"YearsWithCurrManager, EnvironmentSatisfaction, Department_Research & Development"
107,Research & Development,Research Scientist,38,5329,0.007,LOW,100,3,3,"3D graphics software, Active Listening",2,Recommended: Advanced Certification in 3D graphics software (Addresses critical gap: 3D graphics software),"JobInvolvement, OverTime_No, NumCompaniesWorked"
110,Research & Development,Manufacturing Director,34,4325,0.0447,LOW,88,3,3,"Adobe After Effects, Adobe Photoshop, Critical Thinking",3,Recommended: Advanced Certification in Adobe After Effects (Addresses critical gap: Adobe After Effects),"StockOptionLevel, TotalSatisfactionScore, EnvironmentSatisfaction"
112,Research & Development,Manufacturing Director,56,7260,0.0729,LOW,100,3,2,"ABB Optimize IT Predict & Control, Adobe Acrobat, Apple Final Cut Pro",3,Recommended: Advanced Certification in ABB Optimize IT Predict & Control (Addresses critical gap: ABB Optimize IT Predict & Control),"StockOptionLevel, JobInvolvement, PercentSalaryHike"
113,Sales,Sales Representative,23,2322,0.3658,MEDIUM,100,3,3,"ACT! Premium, Adobe Acrobat, Adobe Creative Cloud software, Adobe Illustrator, Critical Thinking, Reading Comprehension, Writing",7,Recommended: Advanced Certification in ACT! Premium (Addresses critical gap: ACT! Premium),"YearsWithCurrManager, MonthlyIncome, Age"
116,Research & Development,Laboratory Technician,51,2075,0.0477,LOW,100,4,3,"C++, Laboratory information management system LIMS, Microsoft Access, Science, Writing",5,Recommended: Advanced Certification in C++ (Addresses critical gap: C++),"MonthlyIncome, DailyRate, JobRole_Laboratory Technician"
117,Research & Development,Healthcare Representative,30,4152,0.0564,LOW,100,3,3,"Adobe Acrobat, Alteer Office",2,Recommended: Advanced Certification in Adobe Acrobat (Addresses critical gap: Adobe Acrobat),"YearsSinceLastPromotion, ExperienceRatio, DailyRate"
118,Sales,Sales Executive,46,9619,0.8055,HIGH,100,3,3,"Apple Keynote, Monitoring",2,Recommended: Advanced Certification in Apple Keynote (Addresses critical gap: Apple Keynote),"YearsSinceLastPromotion, StockOptionLevel, ExperienceRatio"
119,Research & Development,Healthcare Representative,40,13503,0.0167,LOW,100,4,2,"Active Listening, AcuStaf, Adobe Acrobat, Reading Comprehension",4,Recommended: Active Listening and High-Impact Communication for Leaders (Addresses critical gap: Active Listening),"BusinessTravel_Travel_Frequently, YearsSinceLastPromotion, IncomePerYearAtCompany"
120,Sales,Sales Executive,51,5441,0.197,LOW,100,4,1,"Adobe Creative Cloud software, Critical Thinking, Monitoring",3,Recommended: Advanced Certification in Adobe Creative Cloud software (Addresses critical gap: Adobe Creative Cloud software),"OverTime_No, JobRole_Sales Executive, DistanceFromHome"
121,Sales,Sales Executive,30,5209,0.0446,LOW,89,3,2,Active Listening,1,Recommended: Active Listening and High-Impact Communication for Leaders (Addresses critical gap: Active Listening),"OverTime_No, TotalSatisfactionScore, JobRole_Sales Executive"
124,Research & Development,Healthcare Representative,46,10673,0.0998,LOW,84,3,2,3DGrid HIPAA Checkup,1,Recommended: Advanced Certification in 3DGrid HIPAA Checkup (Addresses critical gap: 3DGrid HIPAA Checkup),"OverTime_No, TotalSatisfactionScore, BusinessTravel_Travel_Frequently"
125,Sales,Sales Executive,32,5010,0.2029,LOW,100,3,3,"Adobe Creative Cloud software, Airtable, Reading Comprehension",3,Recommended: Advanced Certification in Adobe Creative Cloud software (Addresses critical gap: Adobe Creative Cloud software),"StockOptionLevel, TotalSatisfactionScore, RelationshipSatisfaction"
126,Research & Development,Research Director,54,13549,0.0043,LOW,67,3,1,"Adobe Acrobat, Reading Comprehension, Writing",3,Recommended: Advanced Certification in Adobe Acrobat (Addresses critical gap: Adobe Acrobat),"TotalSatisfactionScore, NumCompaniesWorked, EnvironmentSatisfaction"
128,Sales,Sales Executive,24,4999,0.079,LOW,85,4,2,"Adobe ActionScript, Airtable, Critical Thinking, Speaking",4,Recommended: Advanced Certification in Adobe ActionScript (Addresses critical gap: Adobe ActionScript),"TotalSatisfactionScore, Age, RelationshipSatisfaction"
129,Sales,Sales Executive,28,4221,0.0273,LOW,100,3,4,"Monitoring, Reading Comprehension",2,Recommended: Performance Monitoring and KPI Management Masterclass (Addresses critical gap: Monitoring),"StockOptionLevel, Age, WorkLifeBalance"
131,Sales,Sales Executive,58,13872,0.0488,LOW,100,3,2,"Adobe Acrobat, Critical Thinking, Monitoring",3,Recommended: Advanced Certification in Adobe Acrobat (Addresses critical gap: Adobe Acrobat),"StockOptionLevel, JobRole_Sales Executive, HourlyRate"
132,Research & Development,Laboratory Technician,44,2042,0.061,LOW,100,3,4,"C++, Microsoft Access, Writing",3,Recommended: Advanced Certification in C++ (Addresses critical gap: C++),"MonthlyIncome, DistanceFromHome, JobRole_Laboratory Technician"
133,Human Resources,Human Resources,37,2073,0.8713,HIGH,79,4,3,"Active Listening, Adobe Illustrator, Critical Thinking, Reading Comprehension",4,Recommended: Active Listening and High-Impact Communication for Leaders (Addresses critical gap: Active Listening),"OverTime_No, MonthlyIncome, StockOptionLevel"
134,Research & Development,Research Scientist,32,2956,0.0894,LOW,100,3,3,"3D graphics software, Ada, Advanced numerical software, Algorithmic software, Amazon DynamoDB, Critical Thinking, Reading Comprehension",7,Recommended: Advanced Certification in 3D graphics software (Addresses critical gap: 3D graphics software),"YearsWithCurrManager, StockOptionLevel, TotalWorkingYears"
137,Research & Development,Laboratory Technician,20,2926,0.946,HIGH,100,3,3,"Critical Thinking, Database software, Email software, Laboratory information management system LIMS, Reading Comprehension, Science, Writing",7,Recommended: Executive Decision Making & Critical Thinking Workshop (Addresses critical gap: Critical Thinking),"OverTime_No, Age, YearsWithCurrManager"
138,Research & Development,Research Scientist,34,4809,0.0498,LOW,100,3,3,"3D graphics software, Active Learning, Algorithmic software, Amazon DynamoDB",4,Recommended: Advanced Certification in 3D graphics software (Addresses critical gap: 3D graphics software),"StockOptionLevel, EnvironmentSatisfaction, DailyRate"
139,Research & Development,Healthcare Representative,37,5163,0.0168,LOW,100,3,4,"3DGrid HIPAA Checkup, AcuStaf, American Medical Association CodeManager, Critical Thinking, Monitoring, Reading Comprehension",6,Recommended: Advanced Certification in 3DGrid HIPAA Checkup (Addresses critical gap: 3DGrid HIPAA Checkup),"YearsWithCurrManager, NumCompaniesWorked, JobRole_Research Scientist"
140,Human Resources,Manager,59,18844,0.0062,LOW,100,4,3,"ADP Workforce Now, Adobe Creative Cloud software, Critical Thinking",3,Recommended: Advanced Certification in ADP Workforce Now (Addresses critical gap: ADP Workforce Now),"NumCompaniesWorked, Department_Research & Development, EducationField_Human Resources"
141,Research & Development,Research Director,50,18172,0.1083,LOW,81,3,2,"Active Listening, Adobe Acrobat, ESRI ArcGIS software",3,Recommended: Active Listening and High-Impact Communication for Leaders (Addresses critical gap: Active Listening),"OverTime_No, TotalSatisfactionScore, StockOptionLevel"
142,Sales,Sales Executive,25,5744,0.8498,HIGH,100,3,3,"Apple Keynote, Speaking",2,Recommended: Advanced Certification in Apple Keynote (Addresses critical gap: Apple Keynote),"OverTime_No, MonthlyRate, Age"
143,Research & Development,Research Scientist,25,2889,0.0452,LOW,100,3,3,"3D graphics software, Amazon Elastic Compute Cloud EC2, Critical Thinking, Mathematics",4,Recommended: Advanced Certification in 3D graphics software (Addresses critical gap: 3D graphics software),"Age, PercentSalaryHike, MonthlyRate"
144,Research & Development,Laboratory Technician,22,2871,0.5707,MEDIUM,100,3,3,"C++, Database software, Email software, Linux, Monitoring, Science",6,Recommended: Advanced Certification in C++ (Addresses critical gap: C++),"YearsWithCurrManager, TotalWorkingYears, Age"
145,Research & Development,Healthcare Representative,51,7484,0.0709,LOW,60,4,2,"Adobe Acrobat, Critical Thinking, Speaking",3,Recommended: Advanced Certification in Adobe Acrobat (Addresses critical gap: Adobe Acrobat),"TotalSatisfactionScore, StockOptionLevel, YearsSinceLastPromotion"
147,Research & Development,Laboratory Technician,34,6074,0.9216,HIGH,94,4,3,"Critical Thinking, Science",2,Recommended: Executive Decision Making & Critical Thinking Workshop (Addresses critical gap: Critical Thinking),"JobInvolvement, OverTime_No, EnvironmentSatisfaction"
148,Human Resources,Manager,54,17328,0.1086,LOW,100,3,3,Adobe Photoshop,1,Recommended: Advanced Certification in Adobe Photoshop (Addresses critical gap: Adobe Photoshop),"OverTime_No, DistanceFromHome, StockOptionLevel"
150,Research & Development,Laboratory Technician,24,2774,0.0511,LOW,100,3,3,"Database software, Email software",2,Recommended: Advanced Certification in Database software (Addresses critical gap: Database software),"Age, JobRole_Laboratory Technician, DistanceFromHome"
151,Research & Development,Research Scientist,34,4505,0.05,LOW,100,3,3,"Active Learning, Active Listening, Amazon DynamoDB, Critical Thinking, Mathematics, Reading Comprehension",6,Recommended: Advanced Certification in Active Learning (Addresses critical gap: Active Learning),"YearsWithCurrManager, NumCompaniesWorked, YearsAtCompany"
152,Sales,Sales Executive,37,7428,0.1264,LOW,100,3,3,Apple Keynote,1,Recommended: Advanced Certification in Apple Keynote (Addresses critical gap: Apple Keynote),"StockOptionLevel, RelationshipSatisfaction, Department_Research & Development"
153,Research & Development,Manager,34,11631,0.0135,LOW,100,3,3,Critical Thinking,1,Recommended: Executive Decision Making & Critical Thinking Workshop (Addresses critical gap: Critical Thinking),"StockOptionLevel, JobSatisfaction, YearsSinceLastPromotion"
154,Sales,Sales Executive,36,9738,0.0628,LOW,100,3,3,"Airtable, Apple Keynote",2,Recommended: Advanced Certification in Airtable (Addresses critical gap: Airtable),"BusinessTravel_Travel_Frequently, JobRole_Sales Executive, DistanceFromHome"
155,Research & Development,Laboratory Technician,36,2835,0.1001,LOW,100,4,3,"Critical Thinking, Laboratory information management system LIMS, Monitoring, Writing",4,Recommended: Executive Decision Making & Critical Thinking Workshop (Addresses critical gap: Critical Thinking),"YearsWithCurrManager, NumCompaniesWorked, TotalSatisfactionScore"
158,Sales,Manager,43,16959,0.0218,LOW,100,3,4,"ADP Workforce Now, ActionWare",2,Recommended: Advanced Certification in ADP Workforce Now (Addresses critical gap: ADP Workforce Now),"OverTime_No, DistanceFromHome, DailyRate"
159,Research & Development,Research Scientist,30,2613,0.1195,LOW,98,4,2,"3D graphics software, Algorithmic software",2,Recommended: Advanced Certification in 3D graphics software (Addresses critical gap: 3D graphics software),"JobInvolvement, EnvironmentSatisfaction, BusinessTravel_Travel_Frequently"
160,Sales,Sales Executive,33,6146,0.0283,LOW,100,3,4,"Act!, Critical Thinking",2,Recommended: Advanced Certification in Act! (Addresses critical gap: Act!),"DistanceFromHome, TotalSatisfactionScore, RelationshipSatisfaction"
161,Research & Development,Research Scientist,56,4963,0.2588,LOW,82,3,3,"3D graphics software, Ada, Algorithmic software, Mathematics",4,Recommended: Advanced Certification in 3D graphics software (Addresses critical gap: 3D graphics software),"OverTime_No, TotalSatisfactionScore, NumCompaniesWorked"
162,Research & Development,Research Director,51,19537,0.0464,LOW,97,3,3,Clinical trial management software,1,Recommended: Advanced Certification in Clinical trial management software (Addresses critical gap: Clinical trial management software),"NumCompaniesWorked, YearsSinceLastPromotion, StockOptionLevel"
163,Sales,Sales Executive,31,6172,0.9351,HIGH,85,3,2,"Act!, Active Listening, Airtable",3,Recommended: Advanced Certification in Act! (Addresses critical gap: Act!),"JobInvolvement, OverTime_No, StockOptionLevel"
164,Research & Development,Research Scientist,26,2368,0.063,LOW,100,3,2,"Active Learning, Active Listening, Advanced numerical software, Amazon Elastic Compute Cloud EC2, Reading Comprehension",5,Recommended: Advanced Certification in Active Learning (Addresses critical gap: Active Learning),"MonthlyIncome, StockOptionLevel, Age"
165,Research & Development,Healthcare Representative,58,10312,0.0652,LOW,100,3,2,Reading Comprehension,1,Recommended: Information Synthesis and Rapid Document Analysis (Addresses critical gap: Reading Comprehension),"YearsSinceLastPromotion, DistanceFromHome, PromotionLagRatio"
167,Sales,Sales Representative,19,1675,0.9855,HIGH,100,3,2,"Adobe Acrobat, Adobe Creative Cloud software, Adobe Dreamweaver, Adobe Illustrator, Speaking, Writing",6,Recommended: Advanced Certification in Adobe Acrobat (Addresses critical gap: Adobe Acrobat),"MonthlyIncome, OverTime_No, YearsWithCurrManager"
169,Research & Development,Laboratory Technician,22,2523,0.0345,LOW,100,3,3,"Database software, Email software, Laboratory information management system LIMS, Microsoft Access, Reading Comprehension",5,Recommended: Advanced Certification in Database software (Addresses critical gap: Database software),"Age, JobRole_Laboratory Technician, MonthlyIncome"
170,Research & Development,Manufacturing Director,49,6567,0.1418,LOW,83,3,2,"Adobe Photoshop, Monitoring, Reading Comprehension, Speaking",4,Recommended: Advanced Certification in Adobe Photoshop (Addresses critical gap: Adobe Photoshop),"TotalSatisfactionScore, StockOptionLevel, DistanceFromHome"
171,Research & Development,Research Scientist,43,4739,0.0934,LOW,100,3,3,"Active Learning, Ada, Advanced numerical software, Amazon Elastic Compute Cloud EC2, Mathematics, Reading Comprehension",6,Recommended: Advanced Certification in Active Learning (Addresses critical gap: Active Learning),"BusinessTravel_Travel_Frequently, StockOptionLevel, DistanceFromHome"
174,Sales,Sales Executive,50,9208,0.0374,LOW,100,3,3,"Adobe Creative Cloud software, Airtable, Apple Keynote, Critical Thinking",4,Recommended: Advanced Certification in Adobe Creative Cloud software (Addresses critical gap: Adobe Creative Cloud software),"DistanceFromHome, BusinessTravel_Travel_Frequently, JobRole_Sales Executive"
175,Sales,Sales Executive,31,4559,0.5402,MEDIUM,92,3,3,"Adobe Acrobat, Apple Keynote, Critical Thinking, Monitoring",4,Recommended: Advanced Certification in Adobe Acrobat (Addresses critical gap: Adobe Acrobat),"OverTime_No, JobInvolvement, Age"
176,Sales,Sales Executive,41,8189,0.146,LOW,100,3,3,Reading Comprehension,1,Recommended: Information Synthesis and Rapid Document Analysis (Addresses critical gap: Reading Comprehension),"OverTime_No, JobRole_Sales Executive, Department_Research & Development"
177,Human Resources,Human Resources,26,2942,0.0824,LOW,100,4,3,"Active Listening, Reading Comprehension, Writing",3,Recommended: Active Listening and High-Impact Communication for Leaders (Addresses critical gap: Active Listening),"YearsSinceLastPromotion, Age, DistanceFromHome"
178,Research & Development,Manufacturing Director,36,4941,0.0361,LOW,100,4,3,"Adobe Acrobat, Apple Final Cut Pro, Critical Thinking, Monitoring",4,Recommended: Advanced Certification in Adobe Acrobat (Addresses critical gap: Adobe Acrobat),"NumCompaniesWorked, TrainingTimesLastYear, JobRole_Research Scientist"
179,Research & Development,Manufacturing Director,51,10650,0.0475,LOW,100,3,3,"ABB Optimize IT Predict & Control, Adobe Acrobat, Critical Thinking, Speaking",4,Recommended: Advanced Certification in ABB Optimize IT Predict & Control (Addresses critical gap: ABB Optimize IT Predict & Control),"JobInvolvement, EnvironmentSatisfaction, StockOptionLevel"
182,Sales,Sales Executive,39,5902,0.0142,LOW,100,3,4,"Adobe ActionScript, Adobe Creative Cloud software",2,Recommended: Advanced Certification in Adobe ActionScript (Addresses critical gap: Adobe ActionScript),"YearsSinceLastPromotion, NumCompaniesWorked, WorkLifeBalance"
183,Sales,Sales Executive,25,8639,0.2574,LOW,100,3,3,"Act!, Active Listening, Adobe ActionScript, Airtable, Critical Thinking, Reading Comprehension",6,Recommended: Advanced Certification in Act! (Addresses critical gap: Act!),"StockOptionLevel, DistanceFromHome, Age"
184,Human Resources,Human Resources,30,6347,0.0581,LOW,100,3,1,Adobe Human Capital Application Solution Accelerator,1,Recommended: Advanced Certification in Adobe Human Capital Application Solution Accelerator (Addresses critical gap: Adobe Human Capital Application Solution Accelerator),"StockOptionLevel, OverTime_No, Department_Research & Development"
190,Research & Development,Laboratory Technician,32,4200,0.9152,HIGH,66,4,4,"C++, Database software, Email software, Linux, Microsoft Access",5,Recommended: Advanced Certification in C++ (Addresses critical gap: C++),"TotalSatisfactionScore, StockOptionLevel, NumCompaniesWorked"
192,Research & Development,Research Scientist,45,3452,0.0782,LOW,100,3,2,Amazon Elastic Compute Cloud EC2,1,Recommended: Advanced Certification in Amazon Elastic Compute Cloud EC2 (Addresses critical gap: Amazon Elastic Compute Cloud EC2),"StockOptionLevel, NumCompaniesWorked, DistanceFromHome"
193,Research & Development,Research Scientist,38,4317,0.0701,LOW,100,4,3,"Active Learning, Algorithmic software, Amazon DynamoDB, Amazon Elastic Compute Cloud EC2, Critical Thinking",5,Recommended: Advanced Certification in Active Learning (Addresses critical gap: Active Learning),"OverTime_No, StockOptionLevel, DailyRate"
194,Research & Development,Research Scientist,30,2632,0.0769,LOW,95,3,2,"Active Learning, Active Listening, Algorithmic software, Critical Thinking, Reading Comprehension",5,Recommended: Advanced Certification in Active Learning (Addresses critical gap: Active Learning),"StockOptionLevel, EnvironmentSatisfaction, TotalSatisfactionScore"
195,Sales,Sales Executive,32,4668,0.0581,LOW,100,3,4,"Adobe ActionScript, Monitoring",2,Recommended: Advanced Certification in Adobe ActionScript (Addresses critical gap: Adobe ActionScript),"JobInvolvement, BusinessTravel_Travel_Frequently, Department_Research & Development"
197,Research & Development,Research Scientist,30,3204,0.0557,LOW,100,3,3,"Active Learning, Active Listening, Advanced numerical software, Critical Thinking, Mathematics, Reading Comprehension",6,Recommended: Advanced Certification in Active Learning (Addresses critical gap: Active Learning),"NumCompaniesWorked, Age, EducationField_Technical Degree"
198,Research & Development,Laboratory Technician,30,2720,0.0486,LOW,100,3,3,"Critical Thinking, Database software, Laboratory information management system LIMS, Linux, Science",5,Recommended: Executive Decision Making & Critical Thinking Workshop (Addresses critical gap: Critical Thinking),"StockOptionLevel, Age, JobRole_Laboratory Technician"
199,Research & Development,Manager,41,17181,0.0543,LOW,82,3,2,"Act!, Adobe Acrobat, Critical Thinking",3,Recommended: Advanced Certification in Act! (Addresses critical gap: Act!),"BusinessTravel_Travel_Frequently, TotalSatisfactionScore, YearsSinceLastPromotion"
200,Research & Development,Laboratory Technician,41,2238,0.1771,LOW,100,4,3,"C++, Critical Thinking, Email software, Monitoring, Science",5,Recommended: Advanced Certification in C++ (Addresses critical gap: C++),"MonthlyIncome, JobRole_Laboratory Technician, DistanceFromHome"
201,Research & Development,Laboratory Technician,19,1483,0.5726,MEDIUM,100,3,3,"C++, Email software, Microsoft Access, Reading Comprehension, Science",5,Recommended: Advanced Certification in C++ (Addresses critical gap: C++),"YearsWithCurrManager, TotalWorkingYears, MonthlyIncome"
202,Research & Development,Research Scientist,40,5605,0.0114,LOW,91,3,3,Amazon Elastic Compute Cloud EC2,1,Recommended: Advanced Certification in Amazon Elastic Compute Cloud EC2 (Addresses critical gap: Amazon Elastic Compute Cloud EC2),"TotalSatisfactionScore, BusinessTravel_Travel_Frequently, DistanceFromHome"
204,Sales,Sales Executive,35,7295,0.1542,LOW,100,3,3,Adobe Creative Cloud software,1,Recommended: Advanced Certification in Adobe Creative Cloud software (Addresses critical gap: Adobe Creative Cloud software),"TotalSatisfactionScore, ExperienceRatio, RelationshipSatisfaction"
205,Sales,Sales Representative,53,2306,0.1308,LOW,94,4,1,"ACT! Premium, Adobe Acrobat, Adobe Illustrator, Speaking",4,Recommended: Advanced Certification in ACT! Premium (Addresses critical gap: ACT! Premium),"OverTime_No, MonthlyIncome, TotalSatisfactionScore"
206,Research & Development,Laboratory Technician,45,2348,0.1531,LOW,81,3,1,"Critical Thinking, Email software, Reading Comprehension",3,Recommended: Executive Decision Making & Critical Thinking Workshop (Addresses critical gap: Critical Thinking),"MonthlyIncome, TotalSatisfactionScore, WorkLifeBalance"
207,Sales,Sales Executive,32,8998,0.121,LOW,100,3,3,"Act!, Critical Thinking, Reading Comprehension",3,Recommended: Advanced Certification in Act! (Addresses critical gap: Act!),"YearsSinceLastPromotion, StockOptionLevel, IncomePerYearAtCompany"
208,Research & Development,Manufacturing Director,29,4319,0.0083,LOW,100,3,3,"ABB Optimize IT Predict & Control, Adobe Photoshop, Apple Final Cut Pro, Monitoring",4,Recommended: Advanced Certification in ABB Optimize IT Predict & Control (Addresses critical gap: ABB Optimize IT Predict & Control),"RelationshipSatisfaction, Age, EducationField_Technical Degree"
211,Research & Development,Manufacturing Director,51,6132,0.0344,LOW,100,3,3,"Active Listening, Apple Final Cut Pro, Reading Comprehension, Speaking",4,Recommended: Active Listening and High-Impact Communication for Leaders (Addresses critical gap: Active Listening),"YearsWithCurrManager, StockOptionLevel, JobInvolvement"
214,Research & Development,Research Scientist,58,3346,0.1032,LOW,87,4,2,"3D graphics software, Ada, Advanced numerical software, Amazon DynamoDB, Critical Thinking, Reading Comprehension",6,Recommended: Advanced Certification in 3D graphics software (Addresses critical gap: 3D graphics software),"OverTime_No, YearsWithCurrManager, TotalSatisfactionScore"
215,Sales,Sales Executive,40,10855,0.1156,LOW,100,3,2,"Adobe Acrobat, Apple Keynote",2,Recommended: Advanced Certification in Adobe Acrobat (Addresses critical gap: Adobe Acrobat),"NumCompaniesWorked, PercentSalaryHike, TotalSatisfactionScore"
216,Sales,Sales Representative,34,2231,0.1625,LOW,100,3,3,"Adobe Acrobat, Adobe Dreamweaver, Writing",3,Recommended: Advanced Certification in Adobe Acrobat (Addresses critical gap: Adobe Acrobat),"BusinessTravel_Travel_Frequently, DailyRate, NumCompaniesWorked"
217,Research & Development,Research Scientist,22,2323,0.0885,LOW,100,4,3,"3D graphics software, Active Learning, Amazon DynamoDB, Critical Thinking, Mathematics, Reading Comprehension",6,Recommended: Advanced Certification in 3D graphics software (Addresses critical gap: 3D graphics software),"MonthlyIncome, Age, TotalWorkingYears"
218,Research & Development,Research Scientist,27,2024,0.1244,LOW,100,3,1,"Active Learning, Advanced numerical software, Algorithmic software, Amazon Elastic Compute Cloud EC2, Mathematics",5,Recommended: Advanced Certification in Active Learning (Addresses critical gap: Active Learning),"MonthlyIncome, NumCompaniesWorked, WorkLifeBalance"
221,Research & Development,Research Scientist,28,2713,0.0382,LOW,100,3,1,"3D graphics software, Active Learning, Active Listening, Advanced numerical software, Mathematics, Reading Comprehension",6,Recommended: Advanced Certification in 3D graphics software (Addresses critical gap: 3D graphics software),"WorkLifeBalance, PercentSalaryHike, Age"
223,Research & Development,Healthcare Representative,57,9439,0.0461,LOW,100,3,1,"3DGrid HIPAA Checkup, American Medical Association CodeManager, Reading Comprehension",3,Recommended: Advanced Certification in 3DGrid HIPAA Checkup (Addresses critical gap: 3DGrid HIPAA Checkup),"OverTime_No, DailyRate, DistanceFromHome"
224,Research & Development,Research Scientist,27,2566,0.0461,LOW,100,3,2,"3D graphics software, Active Learning, Active Listening, Algorithmic software, Critical Thinking",5,Recommended: Advanced Certification in 3D graphics software (Addresses critical gap: 3D graphics software),"OverTime_No, Age, TotalWorkingYears"
226,Research & Development,Manager,50,19926,0.0329,LOW,100,3,3,Adobe Creative Cloud software,1,Recommended: Advanced Certification in Adobe Creative Cloud software (Addresses critical gap: Adobe Creative Cloud software),"StockOptionLevel, DistanceFromHome, YearsSinceLastPromotion"
227,Research & Development,Research Scientist,41,2451,0.0621,LOW,98,3,3,Critical Thinking,1,Recommended: Executive Decision Making & Critical Thinking Workshop (Addresses critical gap: Critical Thinking),"TotalSatisfactionScore, EnvironmentSatisfaction, ExperienceRatio"
228,Sales,Sales Executive,30,9419,0.0758,LOW,100,3,3,"Act!, Active Listening, Adobe Acrobat, Apple Keynote",4,Recommended: Advanced Certification in Act! (Addresses critical gap: Act!),"YearsSinceLastPromotion, Department_Research & Development, JobRole_Sales Executive"
230,Sales,Sales Executive,38,8686,0.1484,LOW,100,4,4,"Adobe ActionScript, Adobe Creative Cloud software, Monitoring, Speaking",4,Recommended: Advanced Certification in Adobe ActionScript (Addresses critical gap: Adobe ActionScript),"EnvironmentSatisfaction, StockOptionLevel, WorkLifeBalance"
231,Research & Development,Research Scientist,32,3038,0.04,LOW,100,4,3,"3D graphics software, Active Listening, Advanced numerical software, Amazon Elastic Compute Cloud EC2, Critical Thinking",5,Recommended: Advanced Certification in 3D graphics software (Addresses critical gap: 3D graphics software),"StockOptionLevel, Age, BusinessTravel_Non-Travel"
233,Research & Development,Research Scientist,27,3058,0.0667,LOW,99,3,2,"3D graphics software, Active Listening",2,Recommended: Advanced Certification in 3D graphics software (Addresses critical gap: 3D graphics software),"OverTime_No, Age, DistanceFromHome"
235,Sales,Sales Representative,19,2325,0.9566,HIGH,77,4,4,"3M Post-it App, ACT! Premium, Adobe Acrobat, Adobe Creative Cloud software, Adobe Dreamweaver, Critical Thinking, Speaking, Writing",8,Recommended: Advanced Certification in 3M Post-it App (Addresses critical gap: 3M Post-it App),"BusinessTravel_Travel_Frequently, YearsWithCurrManager, TotalWorkingYears"
238,Research & Development,Laboratory Technician,36,2088,0.1499,LOW,100,3,2,Database software,1,Recommended: Advanced Certification in Database software (Addresses critical gap: Database software),"MonthlyIncome, StockOptionLevel, YearsSinceLastPromotion"
239,Research & Development,Laboratory Technician,30,3072,0.0347,LOW,98,3,3,"Email software, Laboratory information management system LIMS, Reading Comprehension",3,Recommended: Advanced Certification in Email software (Addresses critical gap: Email software),"YearsSinceLastPromotion, PercentSalaryHike, JobRole_Laboratory Technician"
240,Sales,Sales Executive,45,5006,0.3048,MEDIUM,97,3,4,"Act!, Adobe Acrobat, Apple Keynote, Critical Thinking, Monitoring",5,Recommended: Advanced Certification in Act! (Addresses critical gap: Act!),"OverTime_No, TotalSatisfactionScore, JobRole_Sales Executive"
241,Research & Development,Research Scientist,56,4257,0.0482,LOW,100,3,3,"Active Learning, Active Listening, Advanced numerical software, Critical Thinking",4,Recommended: Advanced Certification in Active Learning (Addresses critical gap: Active Learning),"OverTime_No, TotalSatisfactionScore, DailyRate"
242,Research & Development,Research Scientist,33,2500,0.0237,LOW,100,3,4,"3D graphics software, Active Listening, Ada, Amazon Elastic Compute Cloud EC2, Critical Thinking",5,Recommended: Advanced Certification in 3D graphics software (Addresses critical gap: 3D graphics software),"StockOptionLevel, MonthlyIncome, WorkLifeBalance"
243,Research & Development,Laboratory Technician,19,1102,0.8894,HIGH,100,4,2,"Critical Thinking, Database software, Email software, Monitoring, Reading Comprehension, Science",6,Recommended: Executive Decision Making & Critical Thinking Workshop (Addresses critical gap: Critical Thinking),"MonthlyIncome, YearsWithCurrManager, TotalWorkingYears"
244,Sales,Sales Executive,46,10453,0.0356,LOW,87,4,3,"Active Listening, Adobe Acrobat",2,Recommended: Active Listening and High-Impact Communication for Leaders (Addresses critical gap: Active Listening),"YearsSinceLastPromotion, TotalSatisfactionScore, JobRole_Sales Executive"
245,Research & Development,Laboratory Technician,38,2288,0.0585,LOW,100,3,3,"Critical Thinking, Database software, Email software, Laboratory information management system LIMS, Writing",5,Recommended: Executive Decision Making & Critical Thinking Workshop (Addresses critical gap: Critical Thinking),"TotalWorkingYears, StockOptionLevel, MonthlyIncome"
246,Research & Development,Research Scientist,31,3929,0.0856,LOW,100,4,3,"Active Learning, Ada, Amazon DynamoDB, Mathematics, Reading Comprehension",5,Recommended: Advanced Certification in Active Learning (Addresses critical gap: Active Learning),"OverTime_No, NumCompaniesWorked, Age"
247,Research & Development,Research Scientist,34,2311,0.019,LOW,100,3,3,"3D graphics software, Algorithmic software, Amazon DynamoDB, Critical Thinking, Mathematics, Reading Comprehension",6,Recommended: Advanced Certification in 3D graphics software (Addresses critical gap: 3D graphics software),"MonthlyIncome, DistanceFromHome, StockOptionLevel"
248,Sales,Sales Representative,41,3140,0.6277,HIGH,75,4,2,"Active Listening, Adobe Acrobat, Adobe Creative Cloud software, Reading Comprehension",4,Recommended: Active Listening and High-Impact Communication for Leaders (Addresses critical gap: Active Listening),"OverTime_No, StockOptionLevel, DistanceFromHome"
249,Research & Development,Laboratory Technician,50,3690,0.0861,LOW,100,3,2,"Email software, Linux, Monitoring, Science, Writing",5,Recommended: Advanced Certification in Email software (Addresses critical gap: Email software),"JobRole_Laboratory Technician, DailyRate, JobRole_Research Scientist"
250,Research & Development,Manufacturing Director,53,4450,0.0438,LOW,100,3,3,"Active Listening, Adobe InDesign, Critical Thinking, Reading Comprehension",4,Recommended: Active Listening and High-Impact Communication for Leaders (Addresses critical gap: Active Listening),"DistanceFromHome, ExperienceRatio, PercentSalaryHike"
252,Research & Development,Research Scientist,33,2756,0.006,LOW,100,3,3,"Active Learning, Algorithmic software, Amazon Elastic Compute Cloud EC2, Mathematics",4,Recommended: Advanced Certification in Active Learning (Addresses critical gap: Active Learning),"DistanceFromHome, BusinessTravel_Non-Travel, MaritalStatus_Divorced"
253,Research & Development,Manager,40,19033,0.0224,LOW,100,3,3,ADP Workforce Now,1,Recommended: Advanced Certification in ADP Workforce Now (Addresses critical gap: ADP Workforce Now),"YearsSinceLastPromotion, ExperienceRatio, JobRole_Research Scientist"
254,Research & Development,Research Director,55,18722,0.0331,LOW,100,3,3,"Active Listening, Adobe Photoshop",2,Recommended: Active Listening and High-Impact Communication for Leaders (Addresses critical gap: Active Listening),"NumCompaniesWorked, StockOptionLevel, DistanceFromHome"
256,Research & Development,Manufacturing Director,34,9547,0.0278,LOW,100,3,2,"ABB Optimize IT Predict & Control, Apple Final Cut Pro, Reading Comprehension",3,Recommended: Advanced Certification in ABB Optimize IT Predict & Control (Addresses critical gap: ABB Optimize IT Predict & Control),"StockOptionLevel, BusinessTravel_Travel_Frequently, ExperienceRatio"
258,Research & Development,Healthcare Representative,51,13734,0.0065,LOW,100,3,3,"Alteer Office, Critical Thinking",2,Recommended: Advanced Certification in Alteer Office (Addresses critical gap: Alteer Office),"DailyRate, YearsWithCurrManager, JobRole_Research Scientist"
259,Research & Development,Manager,52,19999,0.0455,LOW,100,3,3,Active Listening,1,Recommended: Active Listening and High-Impact Communication for Leaders (Addresses critical gap: Active Listening),"YearsSinceLastPromotion, IncomePerYearAtCompany, DailyRate"
260,Research & Development,Research Scientist,27,2279,0.1335,LOW,100,3,2,"Active Learning, Algorithmic software",2,Recommended: Advanced Certification in Active Learning (Addresses critical gap: Active Learning),"MonthlyIncome, StockOptionLevel, DailyRate"
261,Research & Development,Manufacturing Director,35,5916,0.9298,HIGH,88,3,3,"ABB Optimize IT Predict & Control, Active Listening, Adobe After Effects, Adobe Photoshop, Critical Thinking, Speaking",6,Recommended: Advanced Certification in ABB Optimize IT Predict & Control (Addresses critical gap: ABB Optimize IT Predict & Control),"OverTime_No, TotalSatisfactionScore, StockOptionLevel"
262,Research & Development,Research Scientist,43,2089,0.0051,LOW,100,3,4,"3D graphics software, Active Learning, Advanced numerical software, Amazon Elastic Compute Cloud EC2",4,Recommended: Advanced Certification in 3D graphics software (Addresses critical gap: 3D graphics software),"MonthlyIncome, WorkLifeBalance, ExperienceRatio"
264,Research & Development,Manager,45,16792,0.0121,LOW,100,4,3,"Critical Thinking, Speaking",2,Recommended: Executive Decision Making & Critical Thinking Workshop (Addresses critical gap: Critical Thinking),"NumCompaniesWorked, YearsSinceLastPromotion, EnvironmentSatisfaction"
267,Research & Development,Research Scientist,37,3564,0.0905,LOW,70,3,2,"Advanced numerical software, Amazon DynamoDB",2,Recommended: Advanced Certification in Advanced numerical software (Addresses critical gap: Advanced numerical software),"OverTime_No, TotalSatisfactionScore, DailyRate"
269,Research & Development,Laboratory Technician,35,4425,0.1994,LOW,100,3,3,Linux,1,Recommended: Advanced Certification in Linux (Addresses critical gap: Linux),"BusinessTravel_Travel_Frequently, NumCompaniesWorked, PercentSalaryHike"
270,Research & Development,Manufacturing Director,42,5265,0.0137,LOW,100,3,3,"Adobe Acrobat, Critical Thinking, Reading Comprehension",3,Recommended: Advanced Certification in Adobe Acrobat (Addresses critical gap: Adobe Acrobat),"DistanceFromHome, JobRole_Research Scientist, ExperienceRatio"
271,Research & Development,Manufacturing Director,38,6553,0.0261,LOW,100,3,3,"ABB Optimize IT Predict & Control, Active Listening, Reading Comprehension",3,Recommended: Advanced Certification in ABB Optimize IT Predict & Control (Addresses critical gap: ABB Optimize IT Predict & Control),"YearsWithCurrManager, NumCompaniesWorked, StockOptionLevel"
273,Research & Development,Manufacturing Director,38,6261,0.0427,LOW,100,3,1,"Adobe After Effects, Speaking",2,Recommended: Advanced Certification in Adobe After Effects (Addresses critical gap: Adobe After Effects),"DistanceFromHome, WorkLifeBalance, RelationshipSatisfaction"
274,Research & Development,Manufacturing Director,27,4298,0.2656,LOW,98,3,3,"Adobe Acrobat, Adobe Photoshop, Apple Final Cut Pro, Reading Comprehension",4,Recommended: Advanced Certification in Adobe Acrobat (Addresses critical gap: Adobe Acrobat),"BusinessTravel_Travel_Frequently, YearsWithCurrManager, Age"
275,Research & Development,Manufacturing Director,49,6804,0.0353,LOW,100,3,3,Active Listening,1,Recommended: Active Listening and High-Impact Communication for Leaders (Addresses critical gap: Active Listening),"OverTime_No, DistanceFromHome, RelationshipSatisfaction"
277,Research & Development,Research Scientist,34,3815,0.1225,LOW,100,3,4,"3D graphics software, Active Learning, Active Listening, Amazon DynamoDB, Amazon Elastic Compute Cloud EC2, Mathematics",6,Recommended: Advanced Certification in 3D graphics software (Addresses critical gap: 3D graphics software),"OverTime_No, BusinessTravel_Travel_Frequently, YearsWithCurrManager"
281,Research & Development,Laboratory Technician,40,2741,0.0986,LOW,100,3,4,"Email software, Laboratory information management system LIMS, Linux",3,Recommended: Advanced Certification in Email software (Addresses critical gap: Email software),"OverTime_No, NumCompaniesWorked, YearsSinceLastPromotion"
282,Research & Development,Healthcare Representative,38,6673,0.8753,HIGH,61,3,3,"AcuStaf, Allscripts healthcare automation software, Alteer Office",3,Recommended: Advanced Certification in AcuStaf (Addresses critical gap: AcuStaf),"OverTime_No, TotalSatisfactionScore, StockOptionLevel"
283,Sales,Sales Executive,29,7639,0.73,HIGH,99,4,2,"Active Listening, Monitoring, Speaking",3,Recommended: Active Listening and High-Impact Communication for Leaders (Addresses critical gap: Active Listening),"DistanceFromHome, DailyRate, MonthlyRate"
284,Research & Development,Research Scientist,22,2328,0.1944,LOW,99,3,2,"3D graphics software, Ada, Algorithmic software, Amazon DynamoDB, Mathematics",5,Recommended: Advanced Certification in 3D graphics software (Addresses critical gap: 3D graphics software),"OverTime_No, MonthlyIncome, Age"
286,Research & Development,Laboratory Technician,36,2153,0.1107,LOW,100,3,3,"Critical Thinking, Database software, Monitoring",3,Recommended: Executive Decision Making & Critical Thinking Workshop (Addresses critical gap: Critical Thinking),"BusinessTravel_Travel_Frequently, MonthlyIncome, DistanceFromHome"
287,Research & Development,Healthcare Representative,40,4876,0.0097,LOW,100,3,1,"3DGrid HIPAA Checkup, Active Listening, Adobe Acrobat, American Medical Association CodeManager, Monitoring, Speaking",6,Recommended: Advanced Certification in 3DGrid HIPAA Checkup (Addresses critical gap: 3DGrid HIPAA Checkup),"NumCompaniesWorked, Gender_Female, JobRole_Research Scientist"
288,Research & Development,Healthcare Representative,46,9396,0.042,LOW,100,3,3,"Adobe Acrobat, Allscripts healthcare automation software",2,Recommended: Advanced Certification in Adobe Acrobat (Addresses critical gap: Adobe Acrobat),"NumCompaniesWorked, Gender_Female, DailyRate"
291,Sales,Sales Executive,32,10400,0.8518,HIGH,100,3,2,"Act!, Adobe ActionScript, Apple Keynote, Critical Thinking",4,Recommended: Advanced Certification in Act! (Addresses critical gap: Act!),"JobInvolvement, PercentSalaryHike, YearsSinceLastPromotion"
292,Research & Development,Manufacturing Director,30,8474,0.0225,LOW,100,4,3,"Adobe Acrobat, Apple Final Cut Pro, Critical Thinking",3,Recommended: Advanced Certification in Adobe Acrobat (Addresses critical gap: Adobe Acrobat),"StockOptionLevel, Age, YearsSinceLastPromotion"
293,Sales,Sales Executive,27,9981,0.1136,LOW,100,3,3,"Adobe Creative Cloud software, Airtable, Critical Thinking, Reading Comprehension",4,Recommended: Advanced Certification in Adobe Creative Cloud software (Addresses critical gap: Adobe Creative Cloud software),"BusinessTravel_Travel_Frequently, StockOptionLevel, DistanceFromHome"
296,Research & Development,Research Director,51,12490,0.0147,LOW,88,3,1,Reading Comprehension,1,Recommended: Information Synthesis and Rapid Document Analysis (Addresses critical gap: Reading Comprehension),"NumCompaniesWorked, TotalSatisfactionScore, Gender_Female"
297,Research & Development,Research Scientist,30,2657,0.8512,HIGH,87,3,3,"Active Learning, Advanced numerical software, Algorithmic software",3,Recommended: Advanced Certification in Active Learning (Addresses critical gap: Active Learning),"OverTime_No, NumCompaniesWorked, StockOptionLevel"
298,Sales,Manager,41,13591,0.0303,LOW,100,3,3,"ADP Workforce Now, Act!, Critical Thinking, Monitoring, Reading Comprehension",5,Recommended: Advanced Certification in ADP Workforce Now (Addresses critical gap: ADP Workforce Now),"OverTime_No, YearsWithCurrManager, StockOptionLevel"
299,Sales,Sales Executive,30,6696,0.9401,HIGH,67,3,2,"Active Listening, Adobe Creative Cloud software, Critical Thinking",3,Recommended: Active Listening and High-Impact Communication for Leaders (Addresses critical gap: Active Listening),"NumCompaniesWorked, BusinessTravel_Travel_Frequently, TotalSatisfactionScore"
300,Research & Development,Research Scientist,29,2058,0.0277,LOW,99,3,2,"Ada, Critical Thinking",2,Recommended: Advanced Certification in Ada (Addresses critical gap: Ada),"MonthlyIncome, StockOptionLevel, Age"
302,Sales,Sales Executive,45,8865,0.0192,LOW,100,3,3,Airtable,1,Recommended: Advanced Certification in Airtable (Addresses critical gap: Airtable),"YearsSinceLastPromotion, NumCompaniesWorked, StockOptionLevel"
303,Sales,Sales Executive,54,5940,0.0671,LOW,100,3,3,"Adobe Acrobat, Adobe Creative Cloud software, Apple Keynote, Reading Comprehension",4,Recommended: Advanced Certification in Adobe Acrobat (Addresses critical gap: Adobe Acrobat),"JobRole_Sales Executive, Department_Research & Development, EducationField_Marketing"
304,Research & Development,Laboratory Technician,36,5914,0.0801,LOW,100,3,4,"Critical Thinking, Laboratory information management system LIMS, Writing",3,Recommended: Executive Decision Making & Critical Thinking Workshop (Addresses critical gap: Critical Thinking),"NumCompaniesWorked, StockOptionLevel, YearsSinceLastPromotion"
305,Research & Development,Research Scientist,33,2622,0.1075,LOW,100,4,3,"3D graphics software, Active Learning, Active Listening, Algorithmic software, Amazon Elastic Compute Cloud EC2, Reading Comprehension",6,Recommended: Advanced Certification in 3D graphics software (Addresses critical gap: 3D graphics software),"NumCompaniesWorked, StockOptionLevel, MonthlyIncome"
306,Research & Development,Research Director,37,12185,0.0377,LOW,100,3,3,"Active Listening, Adobe Photoshop, ESRI ArcGIS software, Science",4,Recommended: Active Listening and High-Impact Communication for Leaders (Addresses critical gap: Active Listening),"OverTime_No, BusinessTravel_Travel_Frequently, DailyRate"
307,Sales,Sales Executive,38,10609,0.0806,LOW,86,3,2,"Act!, Active Listening",2,Recommended: Advanced Certification in Act! (Addresses critical gap: Act!),"EnvironmentSatisfaction, TotalSatisfactionScore, YearsSinceLastPromotion"
308,Research & Development,Manufacturing Director,31,4345,0.004,LOW,100,3,3,"Adobe After Effects, Apple Final Cut Pro, Critical Thinking",3,Recommended: Advanced Certification in Adobe After Effects (Addresses critical gap: Adobe After Effects),"JobInvolvement, Age, JobRole_Research Scientist"
309,Research & Development,Research Scientist,59,2177,0.0577,LOW,100,3,3,"Active Learning, Active Listening, Ada, Reading Comprehension",4,Recommended: Advanced Certification in Active Learning (Addresses critical gap: Active Learning),"MonthlyIncome, YearsWithCurrManager, TotalWorkingYears"
311,Sales,Sales Representative,37,2793,0.0428,LOW,100,3,3,"3M Post-it App, ACT! Premium",2,Recommended: Advanced Certification in 3M Post-it App (Addresses critical gap: 3M Post-it App),"DailyRate, BusinessTravel_Travel_Frequently, ExperienceRatio"
312,Sales,Sales Executive,29,7918,0.0246,LOW,100,3,3,"Adobe Acrobat, Critical Thinking",2,Recommended: Advanced Certification in Adobe Acrobat (Addresses critical gap: Adobe Acrobat),"Age, YearsSinceLastPromotion, BusinessTravel_Travel_Frequently"
314,Sales,Sales Executive,35,8789,0.1129,LOW,100,3,4,"Adobe Acrobat, Adobe ActionScript, Airtable",3,Recommended: Advanced Certification in Adobe Acrobat (Addresses critical gap: Adobe Acrobat),"BusinessTravel_Travel_Frequently, RelationshipSatisfaction, StockOptionLevel"
315,Research & Development,Research Scientist,29,2389,0.6745,HIGH,100,3,2,"Algorithmic software, Amazon Elastic Compute Cloud EC2, Critical Thinking, Mathematics",4,Recommended: Advanced Certification in Algorithmic software (Addresses critical gap: Algorithmic software),"OverTime_No, MonthlyIncome, Age"
316,Research & Development,Laboratory Technician,52,3212,0.1209,LOW,100,3,2,"Critical Thinking, Database software, Laboratory information management system LIMS, Monitoring, Writing",5,Recommended: Executive Decision Making & Critical Thinking Workshop (Addresses critical gap: Critical Thinking),"StockOptionLevel, NumCompaniesWorked, JobRole_Laboratory Technician"
319,Research & Development,Manager,42,19232,0.0141,LOW,100,3,3,"Act!, Adobe Photoshop",2,Recommended: Advanced Certification in Act! (Addresses critical gap: Act!),"YearsSinceLastPromotion, PercentSalaryHike, StockOptionLevel"
321,Human Resources,Human Resources,59,2267,0.2139,LOW,100,3,2,"Active Listening, Adobe Creative Cloud software, Adobe Dreamweaver, Adobe Illustrator, Adobe InDesign, Speaking",6,Recommended: Active Listening and High-Impact Communication for Leaders (Addresses critical gap: Active Listening),"NumCompaniesWorked, MonthlyIncome, StockOptionLevel"
323,Sales,Manager,50,19517,0.0137,LOW,100,3,2,"Adobe Acrobat, Monitoring",2,Recommended: Advanced Certification in Adobe Acrobat (Addresses critical gap: Adobe Acrobat),"PercentSalaryHike, MonthlyRate, Department_Research & Development"
325,Research & Development,Laboratory Technician,33,2436,0.9507,HIGH,100,3,1,"Database software, Email software, Laboratory information management system LIMS, Monitoring, Science",5,Recommended: Advanced Certification in Database software (Addresses critical gap: Database software),"OverTime_No, MonthlyIncome, NumCompaniesWorked"
327,Sales,Manager,43,16064,0.021,LOW,100,4,3,"Active Listening, Adobe Acrobat, Critical Thinking, Reading Comprehension",4,Recommended: Active Listening and High-Impact Communication for Leaders (Addresses critical gap: Active Listening),"OverTime_No, NumCompaniesWorked, DistanceFromHome"
328,Research & Development,Laboratory Technician,33,2707,0.8397,HIGH,55,4,4,"Linux, Reading Comprehension",2,Recommended: Advanced Certification in Linux (Addresses critical gap: Linux),"TotalSatisfactionScore, NumCompaniesWorked, StockOptionLevel"
329,Sales,Manager,52,19068,0.0627,LOW,100,3,4,"Active Listening, Adobe Acrobat",2,Recommended: Active Listening and High-Impact Communication for Leaders (Addresses critical gap: Active Listening),"OverTime_No, StockOptionLevel, EnvironmentSatisfaction"
330,Sales,Sales Representative,32,3931,0.185,LOW,95,3,3,"Adobe Creative Cloud software, Adobe Dreamweaver, Adobe Illustrator, Speaking",4,Recommended: Advanced Certification in Adobe Creative Cloud software (Addresses critical gap: Adobe Creative Cloud software),"PercentSalaryHike, TotalSatisfactionScore, JobRole_Sales Representative"
331,Research & Development,Laboratory Technician,32,3730,0.1813,LOW,100,3,1,"C++, Critical Thinking, Email software, Microsoft Access, Monitoring",5,Recommended: Advanced Certification in C++ (Addresses critical gap: C++),"OverTime_No, WorkLifeBalance, StockOptionLevel"
332,Research & Development,Laboratory Technician,39,2232,0.0327,LOW,100,3,3,"C++, Critical Thinking, Database software, Laboratory information management system LIMS, Reading Comprehension, Science",6,Recommended: Advanced Certification in C++ (Addresses critical gap: C++),"NumCompaniesWorked, MonthlyIncome, JobRole_Laboratory Technician"
333,Sales,Sales Executive,32,4465,0.1109,LOW,100,3,3,"Critical Thinking, Reading Comprehension",2,Recommended: Executive Decision Making & Critical Thinking Workshop (Addresses critical gap: Critical Thinking),"StockOptionLevel, DistanceFromHome, RelationshipSatisfaction"
334,Research & Development,Research Scientist,41,3072,0.0429,LOW,79,3,2,"Algorithmic software, Critical Thinking, Mathematics",3,Recommended: Advanced Certification in Algorithmic software (Addresses critical gap: Algorithmic software),"YearsWithCurrManager, TotalSatisfactionScore, DistanceFromHome"
335,Research & Development,Research Scientist,40,3319,0.022,LOW,100,3,3,"Algorithmic software, Amazon Elastic Compute Cloud EC2",2,Recommended: Advanced Certification in Algorithmic software (Addresses critical gap: Algorithmic software),"DistanceFromHome, EducationField_Technical Degree, RelationshipSatisfaction"
336,Research & Development,Manager,45,19202,0.003,LOW,100,3,3,ADP Workforce Now,1,Recommended: Advanced Certification in ADP Workforce Now (Addresses critical gap: ADP Workforce Now),"DailyRate, ExperienceRatio, PercentSalaryHike"
337,Research & Development,Research Director,31,13675,0.0557,LOW,100,3,3,"Adobe Acrobat, Adobe Photoshop, Writing",3,Recommended: Advanced Certification in Adobe Acrobat (Addresses critical gap: Adobe Acrobat),"BusinessTravel_Travel_Frequently, NumCompaniesWorked, Age"
338,Research & Development,Research Scientist,33,2911,0.0259,LOW,100,3,2,"Active Learning, Active Listening, Advanced numerical software, Amazon DynamoDB, Mathematics, Reading Comprehension",6,Recommended: Advanced Certification in Active Learning (Addresses critical gap: Active Learning),"TotalWorkingYears, ExperienceRatio, DailyRate"
339,Research & Development,Manufacturing Director,34,5957,0.0516,LOW,96,3,3,Critical Thinking,1,Recommended: Executive Decision Making & Critical Thinking Workshop (Addresses critical gap: Critical Thinking),"NumCompaniesWorked, JobSatisfaction, Gender_Female"
340,Research & Development,Research Scientist,37,3920,0.0192,LOW,85,3,2,"3D graphics software, Active Listening, Amazon Elastic Compute Cloud EC2, Critical Thinking",4,Recommended: Advanced Certification in 3D graphics software (Addresses critical gap: 3D graphics software),"TotalSatisfactionScore, RelationshipSatisfaction, JobSatisfaction"
341,Research & Development,Manufacturing Director,45,6434,0.0188,LOW,100,3,3,"Active Listening, Adobe InDesign, Reading Comprehension",3,Recommended: Active Listening and High-Impact Communication for Leaders (Addresses critical gap: Active Listening),"BusinessTravel_Travel_Frequently, EnvironmentSatisfaction, NumCompaniesWorked"
342,Research & Development,Manufacturing Director,37,10048,0.8848,HIGH,78,3,3,"ABB Optimize IT Predict & Control, Active Listening, Adobe After Effects, Apple Final Cut Pro",4,Recommended: Advanced Certification in ABB Optimize IT Predict & Control (Addresses critical gap: ABB Optimize IT Predict & Control),"YearsWithCurrManager, EnvironmentSatisfaction, BusinessTravel_Travel_Frequently"
343,Research & Development,Healthcare Representative,39,10938,0.037,LOW,100,4,3,"Alteer Office, Reading Comprehension",2,Recommended: Advanced Certification in Alteer Office (Addresses critical gap: Alteer Office),"YearsSinceLastPromotion, BusinessTravel_Travel_Frequently, StockOptionLevel"
346,Research & Development,Research Scientist,29,2340,0.0674,LOW,100,3,3,"Advanced numerical software, Reading Comprehension",2,Recommended: Advanced Certification in Advanced numerical software (Addresses critical gap: Advanced numerical software),"StockOptionLevel, DistanceFromHome, MonthlyIncome"
347,Research & Development,Research Scientist,42,6545,0.1098,LOW,100,3,3,"Amazon DynamoDB, Critical Thinking, Reading Comprehension",3,Recommended: Advanced Certification in Amazon DynamoDB (Addresses critical gap: Amazon DynamoDB),"OverTime_No, StockOptionLevel, DistanceFromHome"
349,Sales,Sales Executive,29,6931,0.019,LOW,100,3,3,"Act!, Critical Thinking, Reading Comprehension",3,Recommended: Advanced Certification in Act! (Addresses critical gap: Act!),"DistanceFromHome, EducationField_Marketing, Department_Research & Development"
350,Research & Development,Manufacturing Director,25,4898,0.0558,LOW,100,3,3,"Active Listening, Critical Thinking, Monitoring, Speaking",4,Recommended: Active Listening and High-Impact Communication for Leaders (Addresses critical gap: Active Listening),"Age, EnvironmentSatisfaction, ExperienceRatio"
351,Research & Development,Laboratory Technician,42,2593,0.1061,LOW,100,3,3,"C++, Linux, Writing",3,Recommended: Advanced Certification in C++ (Addresses critical gap: C++),"OverTime_No, DailyRate, PercentSalaryHike"
352,Research & Development,Research Director,40,19436,0.0069,LOW,100,3,3,Critical Thinking,1,Recommended: Executive Decision Making & Critical Thinking Workshop (Addresses critical gap: Critical Thinking),"ExperienceRatio, EnvironmentSatisfaction, JobRole_Research Scientist"
353,Research & Development,Research Scientist,51,2723,0.0976,LOW,100,3,2,"3D graphics software, Active Learning, Amazon Elastic Compute Cloud EC2, Mathematics, Reading Comprehension",5,Recommended: Advanced Certification in 3D graphics software (Addresses critical gap: 3D graphics software),"YearsWithCurrManager, StockOptionLevel, TotalWorkingYears"
355,Research & Development,Laboratory Technician,31,3479,0.8117,HIGH,100,3,4,"Linux, Monitoring, Reading Comprehension, Writing",4,Recommended: Advanced Certification in Linux (Addresses critical gap: Linux),"BusinessTravel_Travel_Frequently, DailyRate, DistanceFromHome"
359,Research & Development,Laboratory Technician,32,2794,0.1737,LOW,75,4,1,"Critical Thinking, Database software, Linux, Reading Comprehension, Writing",5,Recommended: Executive Decision Making & Critical Thinking Workshop (Addresses critical gap: Critical Thinking),"StockOptionLevel, TotalSatisfactionScore, WorkLifeBalance"
361,Sales,Sales Executive,38,5249,0.0183,LOW,100,3,3,"Adobe ActionScript, Adobe Creative Cloud software, Reading Comprehension",3,Recommended: Advanced Certification in Adobe ActionScript (Addresses critical gap: Adobe ActionScript),"YearsSinceLastPromotion, TrainingTimesLastYear, JobRole_Sales Executive"
362,Research & Development,Laboratory Technician,32,2176,0.0711,LOW,93,3,3,"Database software, Email software, Reading Comprehension",3,Recommended: Advanced Certification in Database software (Addresses critical gap: Database software),"MonthlyIncome, JobRole_Laboratory Technician, EducationField_Technical Degree"
363,Sales,Manager,46,16872,0.0879,LOW,88,3,2,"ADP Workforce Now, Adobe Acrobat, Reading Comprehension",3,Recommended: Advanced Certification in ADP Workforce Now (Addresses critical gap: ADP Workforce Now),"OverTime_No, JobInvolvement, TotalSatisfactionScore"
364,Research & Development,Laboratory Technician,28,3485,0.919,HIGH,68,3,1,"C++, Critical Thinking, Email software, Reading Comprehension, Writing",5,Recommended: Advanced Certification in C++ (Addresses critical gap: C++),"YearsWithCurrManager, TotalSatisfactionScore, WorkLifeBalance"
366,Sales,Sales Executive,29,6644,0.1029,LOW,81,3,3,"Active Listening, Adobe Acrobat, Apple Keynote, Critical Thinking, Speaking",5,Recommended: Active Listening and High-Impact Communication for Leaders (Addresses critical gap: Active Listening),"YearsWithCurrManager, TotalSatisfactionScore, EnvironmentSatisfaction"
367,Research & Development,Healthcare Representative,31,5582,0.0149,LOW,100,4,3,"Allscripts healthcare automation software, Alteer Office, Reading Comprehension",3,Recommended: Advanced Certification in Allscripts healthcare automation software (Addresses critical gap: Allscripts healthcare automation software),"DistanceFromHome, PromotionLagRatio, YearsSinceLastPromotion"
369,Research & Development,Healthcare Representative,25,4000,0.0065,LOW,86,3,3,AcuStaf,1,Recommended: Advanced Certification in AcuStaf (Addresses critical gap: AcuStaf),"Age, JobSatisfaction, JobRole_Research Scientist"
372,Research & Development,Healthcare Representative,45,13496,0.0401,LOW,100,3,3,"3DGrid HIPAA Checkup, Active Listening, Alteer Office, Critical Thinking",4,Recommended: Advanced Certification in 3DGrid HIPAA Checkup (Addresses critical gap: 3DGrid HIPAA Checkup),"OverTime_No, StockOptionLevel, DistanceFromHome"
373,Research & Development,Laboratory Technician,36,3210,0.0173,LOW,100,3,3,"C++, Critical Thinking, Laboratory information management system LIMS",3,Recommended: Advanced Certification in C++ (Addresses critical gap: C++),"YearsSinceLastPromotion, PercentSalaryHike, JobRole_Laboratory Technician"
374,Research & Development,Manager,55,19045,0.0445,LOW,100,3,3,"ADP Workforce Now, Act!, Adobe Acrobat, Speaking",4,Recommended: Advanced Certification in ADP Workforce Now (Addresses critical gap: ADP Workforce Now),"OverTime_No, StockOptionLevel, YearsSinceLastPromotion"
376,Research & Development,Manager,47,11849,0.8247,HIGH,65,3,2,Reading Comprehension,1,Recommended: Information Synthesis and Rapid Document Analysis (Addresses critical gap: Reading Comprehension),"OverTime_No, DistanceFromHome, TotalSatisfactionScore"
377,Research & Development,Research Scientist,28,2070,0.0105,LOW,100,4,2,"Advanced numerical software, Amazon DynamoDB",2,Recommended: Advanced Certification in Advanced numerical software (Addresses critical gap: Advanced numerical software),"MonthlyIncome, Age, HourlyRate"
378,Sales,Sales Executive,37,6502,0.016,LOW,100,3,4,"Act!, Adobe Acrobat, Reading Comprehension",3,Recommended: Advanced Certification in Act! (Addresses critical gap: Act!),"ExperienceRatio, JobRole_Sales Executive, Department_Research & Development"
379,Research & Development,Research Scientist,21,3230,0.2231,LOW,100,3,4,"Advanced numerical software, Amazon DynamoDB, Amazon Elastic Compute Cloud EC2",3,Recommended: Advanced Certification in Advanced numerical software (Addresses critical gap: Advanced numerical software),"YearsWithCurrManager, StockOptionLevel, Age"
380,Research & Development,Research Director,37,13603,0.0529,LOW,100,3,3,"Clinical trial management software, ESRI ArcGIS software, Science",3,Recommended: Advanced Certification in Clinical trial management software (Addresses critical gap: Clinical trial management software),"OverTime_No, TotalSatisfactionScore, EnvironmentSatisfaction"
381,Research & Development,Manager,35,11996,0.0255,LOW,86,3,2,Speaking,1,Recommended: Advanced Executive Presentation and Persuasive Speaking (Addresses critical gap: Speaking),"NumCompaniesWorked, TotalSatisfactionScore, DistanceFromHome"
382,Sales,Sales Executive,38,5605,0.0951,LOW,77,4,3,"Apple Keynote, Critical Thinking",2,Recommended: Advanced Certification in Apple Keynote (Addresses critical gap: Apple Keynote),"OverTime_No, TotalSatisfactionScore, JobRole_Sales Executive"
384,Research & Development,Manufacturing Director,26,6397,0.045,LOW,78,4,1,"Adobe Acrobat, Monitoring",2,Recommended: Advanced Certification in Adobe Acrobat (Addresses critical gap: Adobe Acrobat),"BusinessTravel_Travel_Frequently, Age, TotalSatisfactionScore"
385,Research & Development,Research Director,50,19144,0.0167,LOW,70,3,2,"Adobe Photoshop, Critical Thinking",2,Recommended: Advanced Certification in Adobe Photoshop (Addresses critical gap: Adobe Photoshop),"TotalSatisfactionScore, EnvironmentSatisfaction, RelationshipSatisfaction"
386,Research & Development,Research Director,53,17584,0.0564,LOW,100,3,2,"Active Listening, Critical Thinking, ESRI ArcGIS software, Writing",4,Recommended: Active Listening and High-Impact Communication for Leaders (Addresses critical gap: Active Listening),"OverTime_No, IncomePerYearAtCompany, JobRole_Research Scientist"
387,Sales,Sales Executive,42,4907,0.0455,LOW,100,4,3,Adobe Creative Cloud software,1,Recommended: Advanced Certification in Adobe Creative Cloud software (Addresses critical gap: Adobe Creative Cloud software),"YearsSinceLastPromotion, StockOptionLevel, JobRole_Sales Executive"
388,Sales,Sales Executive,29,4554,0.1223,LOW,100,3,2,"Adobe ActionScript, Airtable, Monitoring",3,Recommended: Advanced Certification in Adobe ActionScript (Addresses critical gap: Adobe ActionScript),"TotalSatisfactionScore, Age, BusinessTravel_Travel_Frequently"
389,Research & Development,Laboratory Technician,55,5415,0.0207,LOW,100,3,3,"Database software, Laboratory information management system LIMS, Microsoft Access",3,Recommended: Advanced Certification in Database software (Addresses critical gap: Database software),"OverTime_No, JobRole_Laboratory Technician, DistanceFromHome"
390,Research & Development,Healthcare Representative,26,4741,0.2246,LOW,91,3,3,Speaking,1,Recommended: Advanced Executive Presentation and Persuasive Speaking (Addresses critical gap: Speaking),"OverTime_No, BusinessTravel_Travel_Frequently, EnvironmentSatisfaction"
391,Research & Development,Research Scientist,37,2115,0.0077,LOW,100,3,3,"Active Learning, Active Listening, Advanced numerical software",3,Recommended: Advanced Certification in Active Learning (Addresses critical gap: Active Learning),"StockOptionLevel, YearsSinceLastPromotion, MonthlyIncome"
392,Research & Development,Laboratory Technician,44,3161,0.9425,HIGH,97,4,1,"C++, Email software, Laboratory information management system LIMS, Microsoft Access, Monitoring, Reading Comprehension",6,Recommended: Advanced Certification in C++ (Addresses critical gap: C++),"OverTime_No, YearsWithCurrManager, DistanceFromHome"
393,Research & Development,Healthcare Representative,38,5745,0.0119,LOW,100,3,3,"Active Listening, Critical Thinking, Speaking",3,Recommended: Active Listening and High-Impact Communication for Leaders (Addresses critical gap: Active Listening),"NumCompaniesWorked, DistanceFromHome, Gender_Female"
394,Research & Development,Laboratory Technician,26,2373,0.9039,HIGH,83,3,3,"C++, Email software, Monitoring, Reading Comprehension, Writing",5,Recommended: Advanced Certification in C++ (Addresses critical gap: C++),"OverTime_No, MonthlyIncome, Age"
395,Research & Development,Research Scientist,28,3310,0.0117,LOW,100,4,3,"3D graphics software, Ada, Amazon DynamoDB, Amazon Elastic Compute Cloud EC2",4,Recommended: Advanced Certification in 3D graphics software (Addresses critical gap: 3D graphics software),"StockOptionLevel, Age, IncomePerYearAtCompany"
396,Research & Development,Research Director,49,18665,0.0849,LOW,100,3,3,Active Listening,1,Recommended: Active Listening and High-Impact Communication for Leaders (Addresses critical gap: Active Listening),"OverTime_No, NumCompaniesWorked, BusinessTravel_Travel_Frequently"
397,Research & Development,Research Scientist,36,4485,0.0705,LOW,100,3,3,"3D graphics software, Active Listening, Mathematics",3,Recommended: Advanced Certification in 3D graphics software (Addresses critical gap: 3D graphics software),"StockOptionLevel, YearsSinceLastPromotion, PromotionLagRatio"
399,Sales,Sales Representative,31,2789,0.7203,HIGH,100,3,2,"3M Post-it App, Active Listening, Adobe Creative Cloud software, Adobe Illustrator, Critical Thinking, Writing",6,Recommended: Advanced Certification in 3M Post-it App (Addresses critical gap: 3M Post-it App),"BusinessTravel_Travel_Frequently, TotalWorkingYears, PercentSalaryHike"
401,Sales,Sales Executive,26,5828,0.3992,MEDIUM,100,3,3,Active Listening,1,Recommended: Active Listening and High-Impact Communication for Leaders (Addresses critical gap: Active Listening),"OverTime_No, YearsSinceLastPromotion, StockOptionLevel"
403,Research & Development,Research Scientist,37,2326,0.2632,LOW,100,3,2,"Algorithmic software, Amazon DynamoDB, Critical Thinking, Mathematics",4,Recommended: Advanced Certification in Algorithmic software (Addresses critical gap: Algorithmic software),"OverTime_No, MonthlyIncome, BusinessTravel_Travel_Frequently"
404,Sales,Sales Executive,42,13525,0.0285,LOW,100,3,4,"Adobe Creative Cloud software, Reading Comprehension, Speaking",3,Recommended: Advanced Certification in Adobe Creative Cloud software (Addresses critical gap: Adobe Creative Cloud software),"NumCompaniesWorked, DistanceFromHome, BusinessTravel_Travel_Frequently"
405,Research & Development,Laboratory Technician,18,1420,0.9285,HIGH,100,3,3,"C++, Email software, Laboratory information management system LIMS, Linux, Monitoring, Reading Comprehension, Writing",7,Recommended: Advanced Certification in C++ (Addresses critical gap: C++),"MonthlyIncome, YearsWithCurrManager, TotalWorkingYears"
406,Sales,Sales Executive,35,8020,0.0962,LOW,100,3,2,"Adobe Acrobat, Apple Keynote",2,Recommended: Advanced Certification in Adobe Acrobat (Addresses critical gap: Adobe Acrobat),"DistanceFromHome, YearsSinceLastPromotion, TotalSatisfactionScore"
407,Research & Development,Laboratory Technician,36,3688,0.0367,LOW,100,3,3,"Database software, Email software, Laboratory information management system LIMS, Microsoft Access, Science",5,Recommended: Advanced Certification in Database software (Addresses critical gap: Database software),"YearsWithCurrManager, BusinessTravel_Travel_Frequently, DistanceFromHome"
408,Research & Development,Manufacturing Director,51,5482,0.0159,LOW,100,3,3,"Adobe After Effects, Adobe Photoshop, Speaking",3,Recommended: Advanced Certification in Adobe After Effects (Addresses critical gap: Adobe After Effects),"NumCompaniesWorked, JobInvolvement, Gender_Female"
410,Sales,Manager,41,16015,0.024,LOW,100,3,3,"Reading Comprehension, Speaking",2,Recommended: Information Synthesis and Rapid Document Analysis (Addresses critical gap: Reading Comprehension),"DailyRate, StockOptionLevel, Department_Research & Development"
411,Sales,Sales Representative,18,1200,0.8869,HIGH,100,3,3,"ACT! Premium, Active Listening, Adobe Acrobat, Reading Comprehension, Writing",5,Recommended: Advanced Certification in ACT! Premium (Addresses critical gap: ACT! Premium),"YearsWithCurrManager, MonthlyIncome, TotalWorkingYears"
412,Research & Development,Healthcare Representative,28,5661,0.0792,LOW,92,3,3,"Adobe Acrobat, Critical Thinking, Reading Comprehension",3,Recommended: Advanced Certification in Adobe Acrobat (Addresses critical gap: Adobe Acrobat),"StockOptionLevel, TotalSatisfactionScore, DistanceFromHome"
416,Sales,Sales Executive,31,6929,0.0433,LOW,100,3,2,Apple Keynote,1,Recommended: Advanced Certification in Apple Keynote (Addresses critical gap: Apple Keynote),"PercentSalaryHike, YearsSinceLastPromotion, JobRole_Sales Executive"
417,Research & Development,Healthcare Representative,39,9613,0.0182,LOW,100,3,2,"AcuStaf, Alteer Office, Critical Thinking",3,Recommended: Advanced Certification in AcuStaf (Addresses critical gap: AcuStaf),"RelationshipSatisfaction, YearsSinceLastPromotion, MonthlyRate"
419,Research & Development,Laboratory Technician,36,5674,0.0191,LOW,100,3,3,Database software,1,Recommended: Advanced Certification in Database software (Addresses critical gap: Database software),"NumCompaniesWorked, DistanceFromHome, JobRole_Laboratory Technician"
420,Sales,Sales Executive,32,5484,0.0569,LOW,100,3,2,"Critical Thinking, Speaking",2,Recommended: Executive Decision Making & Critical Thinking Workshop (Addresses critical gap: Critical Thinking),"ExperienceRatio, Department_Research & Development, JobRole_Sales Executive"
421,Research & Development,Research Director,38,12061,0.0211,LOW,89,3,3,Science,1,Recommended: Advanced Certification in Science (Addresses critical gap: Science),"DistanceFromHome, EnvironmentSatisfaction, TotalSatisfactionScore"
422,Research & Development,Healthcare Representative,58,5660,0.0076,LOW,100,3,3,Allscripts healthcare automation software,1,Recommended: Advanced Certification in Allscripts healthcare automation software (Addresses critical gap: Allscripts healthcare automation software),"OverTime_No, DailyRate, JobInvolvement"
423,Research & Development,Research Scientist,31,4821,0.0142,LOW,100,3,3,"Advanced numerical software, Critical Thinking",2,Recommended: Advanced Certification in Advanced numerical software (Addresses critical gap: Advanced numerical software),"OverTime_No, Age, DailyRate"
424,Human Resources,Human Resources,31,6410,0.5037,MEDIUM,84,3,3,"Adobe Acrobat, Adobe Illustrator, Adobe InDesign, Writing",4,Recommended: Advanced Certification in Adobe Acrobat (Addresses critical gap: Adobe Acrobat),"YearsWithCurrManager, EnvironmentSatisfaction, TotalSatisfactionScore"
425,Research & Development,Laboratory Technician,45,5210,0.0325,LOW,75,3,3,Writing,1,Recommended: Business and Technical Writing Excellence (Addresses critical gap: Writing),"TotalSatisfactionScore, BusinessTravel_Travel_Frequently, YearsSinceLastPromotion"
426,Research & Development,Research Scientist,31,2695,0.0429,LOW,100,3,1,"Ada, Advanced numerical software, Algorithmic software, Reading Comprehension",4,Recommended: Advanced Certification in Ada (Addresses critical gap: Ada),"OverTime_No, WorkLifeBalance, Age"
428,Research & Development,Manager,33,11878,0.1608,LOW,100,3,3,"ActionWare, Adobe Acrobat, Critical Thinking",3,Recommended: Advanced Certification in ActionWare (Addresses critical gap: ActionWare),"NumCompaniesWorked, BusinessTravel_Travel_Frequently, PercentSalaryHike"
429,Research & Development,Manager,39,17068,0.038,LOW,100,3,3,"Monitoring, Speaking",2,Recommended: Performance Monitoring and KPI Management Masterclass (Addresses critical gap: Monitoring),"OverTime_No, YearsSinceLastPromotion, StockOptionLevel"
430,Research & Development,Laboratory Technician,43,2455,0.0578,LOW,100,3,3,"C++, Critical Thinking, Monitoring, Science",4,Recommended: Advanced Certification in C++ (Addresses critical gap: C++),"BusinessTravel_Travel_Frequently, StockOptionLevel, MonthlyIncome"
431,Research & Development,Healthcare Representative,49,13964,0.024,LOW,100,3,3,"Alteer Office, American Medical Association CodeManager, Speaking",3,Recommended: Advanced Certification in Alteer Office (Addresses critical gap: Alteer Office),"OverTime_No, NumCompaniesWorked, StockOptionLevel"
433,Research & Development,Research Scientist,52,4941,0.7473,HIGH,71,3,2,"Amazon DynamoDB, Amazon Elastic Compute Cloud EC2, Mathematics",3,Recommended: Advanced Certification in Amazon DynamoDB (Addresses critical gap: Amazon DynamoDB),"TotalSatisfactionScore, StockOptionLevel, YearsSinceLastPromotion"
434,Research & Development,Research Scientist,27,2478,0.4312,MEDIUM,95,3,2,"3D graphics software, Active Learning, Active Listening, Amazon DynamoDB, Amazon Elastic Compute Cloud EC2, Mathematics",6,Recommended: Advanced Certification in 3D graphics software (Addresses critical gap: 3D graphics software),"OverTime_No, StockOptionLevel, TotalSatisfactionScore"
436,Sales,Sales Executive,32,5228,0.158,LOW,100,3,3,"Act!, Critical Thinking",2,Recommended: Advanced Certification in Act! (Addresses critical gap: Act!),"OverTime_No, StockOptionLevel, JobRole_Sales Executive"
437,Sales,Sales Executive,27,4478,0.3071,MEDIUM,100,3,3,"Adobe Acrobat, Apple Keynote, Critical Thinking, Reading Comprehension",4,Recommended: Advanced Certification in Adobe Acrobat (Addresses critical gap: Adobe Acrobat),"OverTime_No, StockOptionLevel, Age"
438,Sales,Sales Executive,31,7547,0.0488,LOW,100,3,3,"Active Listening, Reading Comprehension, Speaking",3,Recommended: Active Listening and High-Impact Communication for Leaders (Addresses critical gap: Active Listening),"DailyRate, JobRole_Research Scientist, Age"
439,Research & Development,Research Scientist,32,5055,0.2227,LOW,100,3,2,Reading Comprehension,1,Recommended: Information Synthesis and Rapid Document Analysis (Addresses critical gap: Reading Comprehension),"NumCompaniesWorked, StockOptionLevel, Age"
440,Research & Development,Research Scientist,28,3464,0.9327,HIGH,100,3,2,"3D graphics software, Amazon DynamoDB, Amazon Elastic Compute Cloud EC2, Critical Thinking, Mathematics, Reading Comprehension",6,Recommended: Advanced Certification in 3D graphics software (Addresses critical gap: 3D graphics software),"JobInvolvement, OverTime_No, NumCompaniesWorked"
441,Research & Development,Research Scientist,30,5775,0.0046,LOW,100,3,3,Mathematics,1,Recommended: Advanced Certification in Mathematics (Addresses critical gap: Mathematics),"DistanceFromHome, MonthlyRate, IncomePerYearAtCompany"
442,Research & Development,Manufacturing Director,31,8943,0.0788,LOW,100,4,3,Adobe Photoshop,1,Recommended: Advanced Certification in Adobe Photoshop (Addresses critical gap: Adobe Photoshop),"YearsSinceLastPromotion, BusinessTravel_Travel_Frequently, RelationshipSatisfaction"
444,Research & Development,Manager,39,19272,0.0203,LOW,100,3,3,"ActionWare, Adobe Creative Cloud software",2,Recommended: Advanced Certification in ActionWare (Addresses critical gap: ActionWare),"YearsSinceLastPromotion, RelationshipSatisfaction, PromotionLagRatio"
445,Sales,Sales Executive,39,5238,0.8467,HIGH,97,3,2,"Adobe Acrobat, Adobe ActionScript, Airtable, Reading Comprehension, Speaking",5,Recommended: Advanced Certification in Adobe Acrobat (Addresses critical gap: Adobe Acrobat),"OverTime_No, YearsWithCurrManager, StockOptionLevel"
446,Sales,Sales Executive,33,4682,0.0705,LOW,100,3,2,Adobe ActionScript,1,Recommended: Advanced Certification in Adobe ActionScript (Addresses critical gap: Adobe ActionScript),"BusinessTravel_Travel_Frequently, Department_Research & Development, JobRole_Sales Executive"
447,Research & Development,Research Director,47,18300,0.0052,LOW,100,3,3,Science,1,Recommended: Advanced Certification in Science (Addresses critical gap: Science),"PercentSalaryHike, JobRole_Research Scientist, Gender_Female"
448,Research & Development,Laboratory Technician,43,5257,0.2839,LOW,100,3,4,"Critical Thinking, Email software, Laboratory information management system LIMS",3,Recommended: Executive Decision Making & Critical Thinking Workshop (Addresses critical gap: Critical Thinking),"BusinessTravel_Travel_Frequently, YearsWithCurrManager, PercentSalaryHike"
449,Sales,Sales Executive,27,6349,0.0318,LOW,100,3,3,Adobe ActionScript,1,Recommended: Advanced Certification in Adobe ActionScript (Addresses critical gap: Adobe ActionScript),"OverTime_No, Age, TrainingTimesLastYear"
450,Research & Development,Research Scientist,54,4869,0.0457,LOW,100,3,2,"Active Learning, Active Listening, Advanced numerical software, Amazon Elastic Compute Cloud EC2, Mathematics",5,Recommended: Advanced Certification in Active Learning (Addresses critical gap: Active Learning),"BusinessTravel_Travel_Frequently, StockOptionLevel, DistanceFromHome"
451,Research & Development,Healthcare Representative,43,9985,0.1059,LOW,73,3,2,"3DGrid HIPAA Checkup, Active Listening, AcuStaf, Allscripts healthcare automation software, Monitoring",5,Recommended: Advanced Certification in 3DGrid HIPAA Checkup (Addresses critical gap: 3DGrid HIPAA Checkup),"YearsWithCurrManager, TotalSatisfactionScore, NumCompaniesWorked"
452,Research & Development,Research Scientist,45,3697,0.0553,LOW,100,3,3,Critical Thinking,1,Recommended: Executive Decision Making & Critical Thinking Workshop (Addresses critical gap: Critical Thinking),"NumCompaniesWorked, YearsSinceLastPromotion, DailyRate"
453,Sales,Sales Executive,40,7457,0.1047,LOW,100,4,2,"Active Listening, Adobe Acrobat, Adobe ActionScript, Airtable, Speaking",5,Recommended: Active Listening and High-Impact Communication for Leaders (Addresses critical gap: Active Listening),"JobInvolvement, OverTime_No, JobRole_Sales Executive"
454,Research & Development,Laboratory Technician,29,2119,0.9369,HIGH,64,3,2,"Laboratory information management system LIMS, Microsoft Access, Science",3,Recommended: Advanced Certification in Laboratory information management system LIMS (Addresses critical gap: Laboratory information management system LIMS),"OverTime_No, JobInvolvement, MonthlyIncome"
455,Research & Development,Laboratory Technician,29,3983,0.0714,LOW,100,3,3,"C++, Database software, Laboratory information management system LIMS, Science",4,Recommended: Advanced Certification in C++ (Addresses critical gap: C++),"StockOptionLevel, JobRole_Laboratory Technician, Age"
456,Sales,Sales Executive,30,6118,0.0254,LOW,100,3,3,"Active Listening, Apple Keynote",2,Recommended: Active Listening and High-Impact Communication for Leaders (Addresses critical gap: Active Listening),"HourlyRate, Age, Department_Research & Development"
458,Sales,Sales Executive,27,6214,0.0924,LOW,87,3,3,Adobe Acrobat,1,Recommended: Advanced Certification in Adobe Acrobat (Addresses critical gap: Adobe Acrobat),"TotalSatisfactionScore, Age, RelationshipSatisfaction"
460,Research & Development,Manufacturing Director,37,6347,0.0183,LOW,100,3,2,"Adobe After Effects, Adobe Photoshop, Critical Thinking, Monitoring",4,Recommended: Advanced Certification in Adobe After Effects (Addresses critical gap: Adobe After Effects),"NumCompaniesWorked, ExperienceRatio, Gender_Female"
461,Research & Development,Research Director,38,11510,0.0223,LOW,100,3,3,"Critical Thinking, ESRI ArcGIS software, Graphics software, Reading Comprehension",4,Recommended: Executive Decision Making & Critical Thinking Workshop (Addresses critical gap: Critical Thinking),"OverTime_No, DailyRate, DistanceFromHome"
462,Research & Development,Manufacturing Director,31,7143,0.089,LOW,100,3,2,"Critical Thinking, Speaking",2,Recommended: Executive Decision Making & Critical Thinking Workshop (Addresses critical gap: Critical Thinking),"OverTime_No, StockOptionLevel, Age"
463,Sales,Sales Executive,29,8268,0.0898,LOW,100,3,3,"Adobe Acrobat, Adobe ActionScript, Adobe Creative Cloud software, Monitoring",4,Recommended: Advanced Certification in Adobe Acrobat (Addresses critical gap: Adobe Acrobat),"OverTime_No, JobRole_Sales Executive, TotalSatisfactionScore"
464,Research & Development,Manufacturing Director,35,8095,0.0313,LOW,100,3,3,Apple Final Cut Pro,1,Recommended: Advanced Certification in Apple Final Cut Pro (Addresses critical gap: Apple Final Cut Pro),"StockOptionLevel, JobLevel, BusinessTravel_Non-Travel"
465,Research & Development,Research Scientist,23,2904,0.0136,LOW,100,3,2,"3D graphics software, Active Learning, Amazon DynamoDB, Mathematics",4,Recommended: Advanced Certification in 3D graphics software (Addresses critical gap: 3D graphics software),"Age, DistanceFromHome, IncomePerYearAtCompany"
466,Research & Development,Manufacturing Director,41,6032,0.085,LOW,100,3,3,"Adobe Acrobat, Adobe InDesign, Monitoring, Speaking",4,Recommended: Advanced Certification in Adobe Acrobat (Addresses critical gap: Adobe Acrobat),"OverTime_No, NumCompaniesWorked, StockOptionLevel"
467,Sales,Sales Representative,47,2976,0.3162,MEDIUM,95,3,3,"3M Post-it App, Active Listening, Adobe Acrobat, Adobe Creative Cloud software, Adobe Dreamweaver, Adobe Illustrator",6,Recommended: Advanced Certification in 3M Post-it App (Addresses critical gap: 3M Post-it App),"YearsWithCurrManager, BusinessTravel_Travel_Frequently, TotalSatisfactionScore"
468,Research & Development,Research Director,42,15992,0.0149,LOW,100,3,3,"Active Listening, Adobe Photoshop, Clinical trial management software, ESRI ArcGIS software, Graphics software",5,Recommended: Active Listening and High-Impact Communication for Leaders (Addresses critical gap: Active Listening),"DistanceFromHome, YearsWithCurrManager, EnvironmentSatisfaction"
469,Sales,Sales Executive,29,4649,0.0256,LOW,100,3,2,"Act!, Adobe ActionScript, Airtable, Monitoring, Reading Comprehension",5,Recommended: Advanced Certification in Act! (Addresses critical gap: Act!),"RelationshipSatisfaction, Age, JobRole_Research Scientist"
470,Human Resources,Human Resources,42,2696,0.1852,LOW,100,3,3,"Adobe Acrobat, Adobe Creative Cloud software, Adobe Human Capital Application Solution Accelerator, Adobe InDesign, Critical Thinking, Writing",6,Recommended: Advanced Certification in Adobe Acrobat (Addresses critical gap: Adobe Acrobat),"OverTime_No, YearsWithCurrManager, PercentSalaryHike"
471,Research & Development,Laboratory Technician,32,2370,0.0711,LOW,100,3,3,Critical Thinking,1,Recommended: Executive Decision Making & Critical Thinking Workshop (Addresses critical gap: Critical Thinking),"MonthlyIncome, JobRole_Laboratory Technician, Age"
473,Sales,Manager,48,12504,0.0798,LOW,83,4,1,"Act!, Adobe Acrobat, Critical Thinking, Reading Comprehension, Speaking",5,Recommended: Advanced Certification in Act! (Addresses critical gap: Act!),"YearsWithCurrManager, DistanceFromHome, TotalSatisfactionScore"
474,Research & Development,Research Scientist,37,5974,0.0618,LOW,85,3,3,Ada,1,Recommended: Advanced Certification in Ada (Addresses critical gap: Ada),"OverTime_No, TotalSatisfactionScore, RelationshipSatisfaction"
475,Sales,Sales Executive,30,4736,0.196,LOW,100,3,4,"Active Listening, Adobe Creative Cloud software, Critical Thinking",3,Recommended: Active Listening and High-Impact Communication for Leaders (Addresses critical gap: Active Listening),"OverTime_No, DistanceFromHome, NumCompaniesWorked"
476,Sales,Sales Executive,26,5296,0.0816,LOW,100,3,3,"Adobe Creative Cloud software, Critical Thinking, Reading Comprehension",3,Recommended: Advanced Certification in Adobe Creative Cloud software (Addresses critical gap: Adobe Creative Cloud software),"YearsSinceLastPromotion, Age, Department_Research & Development"
477,Research & Development,Healthcare Representative,42,6781,0.0145,LOW,100,4,3,"Adobe Acrobat, Allscripts healthcare automation software, Alteer Office, Reading Comprehension",4,Recommended: Advanced Certification in Adobe Acrobat (Addresses critical gap: Adobe Acrobat),"YearsWithCurrManager, EnvironmentSatisfaction, StockOptionLevel"
478,Sales,Sales Representative,21,2174,0.9713,HIGH,76,3,3,"ACT! Premium, Adobe Acrobat, Adobe Dreamweaver, Adobe Illustrator, Reading Comprehension, Speaking",6,Recommended: Advanced Certification in ACT! Premium (Addresses critical gap: ACT! Premium),"OverTime_No, BusinessTravel_Travel_Frequently, Age"
479,Sales,Sales Executive,36,6653,0.0049,LOW,100,3,3,"Act!, Active Listening, Monitoring, Reading Comprehension",4,Recommended: Advanced Certification in Act! (Addresses critical gap: Act!),"YearsWithCurrManager, StockOptionLevel, JobRole_Sales Executive"
481,Sales,Sales Executive,36,9699,0.0928,LOW,100,3,3,Adobe Creative Cloud software,1,Recommended: Advanced Certification in Adobe Creative Cloud software (Addresses critical gap: Adobe Creative Cloud software),"PercentSalaryHike, TotalSatisfactionScore, DailyRate"
482,Research & Development,Healthcare Representative,57,6755,0.0017,LOW,100,3,3,"American Medical Association CodeManager, Critical Thinking, Monitoring",3,Recommended: Advanced Certification in American Medical Association CodeManager (Addresses critical gap: American Medical Association CodeManager),"PercentSalaryHike, StockOptionLevel, JobRole_Research Scientist"
483,Research & Development,Laboratory Technician,40,2213,0.0394,LOW,100,3,3,"Linux, Science",2,Recommended: Advanced Certification in Linux (Addresses critical gap: Linux),"OverTime_No, MonthlyIncome, JobRole_Laboratory Technician"
484,Sales,Sales Representative,21,2610,0.0365,LOW,100,4,2,"Adobe Illustrator, Speaking, Writing",3,Recommended: Advanced Certification in Adobe Illustrator (Addresses critical gap: Adobe Illustrator),"StockOptionLevel, Age, DistanceFromHome"
485,Sales,Sales Representative,33,2851,0.9074,HIGH,100,3,3,"3M Post-it App, Adobe Acrobat, Adobe Illustrator, Critical Thinking, Reading Comprehension, Writing",6,Recommended: Advanced Certification in 3M Post-it App (Addresses critical gap: 3M Post-it App),"OverTime_No, YearsWithCurrManager, TotalWorkingYears"
486,Research & Development,Laboratory Technician,37,3452,0.2005,LOW,94,4,3,"C++, Critical Thinking",2,Recommended: Advanced Certification in C++ (Addresses critical gap: C++),"NumCompaniesWorked, TotalSatisfactionScore, DistanceFromHome"
487,Research & Development,Manufacturing Director,46,5258,0.0105,LOW,100,3,4,"Adobe InDesign, Apple Final Cut Pro, Critical Thinking, Reading Comprehension, Speaking",5,Recommended: Advanced Certification in Adobe InDesign (Addresses critical gap: Adobe InDesign),"YearsWithCurrManager, StockOptionLevel, WorkLifeBalance"
488,Sales,Sales Executive,41,9355,0.7869,HIGH,78,3,3,Apple Keynote,1,Recommended: Advanced Certification in Apple Keynote (Addresses critical gap: Apple Keynote),"BusinessTravel_Travel_Frequently, TotalSatisfactionScore, YearsSinceLastPromotion"
491,Research & Development,Healthcare Representative,50,10496,0.0163,LOW,100,3,3,"Adobe Acrobat, Critical Thinking, Monitoring, Speaking",4,Recommended: Advanced Certification in Adobe Acrobat (Addresses critical gap: Adobe Acrobat),"NumCompaniesWorked, StockOptionLevel, EducationField_Technical Degree"
492,Sales,Sales Executive,40,6380,0.8509,HIGH,95,3,3,Adobe Creative Cloud software,1,Recommended: Advanced Certification in Adobe Creative Cloud software (Addresses critical gap: Adobe Creative Cloud software),"OverTime_No, YearsWithCurrManager, DistanceFromHome"
493,Research & Development,Research Scientist,31,2657,0.2079,LOW,100,3,3,"3D graphics software, Ada, Advanced numerical software, Amazon Elastic Compute Cloud EC2, Critical Thinking, Reading Comprehension",6,Recommended: Advanced Certification in 3D graphics software (Addresses critical gap: 3D graphics software),"OverTime_No, StockOptionLevel, DailyRate"
494,Sales,Sales Representative,21,2716,0.9017,HIGH,98,3,3,"3M Post-it App, ACT! Premium, Adobe Creative Cloud software, Adobe Dreamweaver, Critical Thinking, Reading Comprehension",6,Recommended: Advanced Certification in 3M Post-it App (Addresses critical gap: 3M Post-it App),"YearsWithCurrManager, TotalWorkingYears, StockOptionLevel"
495,Research & Development,Research Scientist,29,2201,0.0713,LOW,100,3,3,"Active Learning, Active Listening, Ada, Advanced numerical software, Reading Comprehension",5,Recommended: Advanced Certification in Active Learning (Addresses critical gap: Active Learning),"StockOptionLevel, NumCompaniesWorked, DistanceFromHome"
496,Research & Development,Healthcare Representative,35,6540,0.1311,LOW,100,3,3,"Active Listening, Critical Thinking, Monitoring, Reading Comprehension",4,Recommended: Active Listening and High-Impact Communication for Leaders (Addresses critical gap: Active Listening),"YearsWithCurrManager, NumCompaniesWorked, StockOptionLevel"
497,Research & Development,Laboratory Technician,27,3816,0.0843,LOW,100,3,3,"Linux, Writing",2,Recommended: Advanced Certification in Linux (Addresses critical gap: Linux),"Age, PercentSalaryHike, JobRole_Laboratory Technician"
498,Sales,Sales Executive,28,5253,0.0604,LOW,100,3,3,"Act!, Active Listening, Adobe ActionScript, Monitoring",4,Recommended: Advanced Certification in Act! (Addresses critical gap: Act!),"StockOptionLevel, DailyRate, Age"
499,Research & Development,Healthcare Representative,49,10965,0.0232,LOW,100,4,3,"Reading Comprehension, Speaking",2,Recommended: Information Synthesis and Rapid Document Analysis (Addresses critical gap: Reading Comprehension),"NumCompaniesWorked, YearsWithCurrManager, StockOptionLevel"
500,Sales,Sales Executive,51,4936,0.1532,LOW,100,3,2,Airtable,1,Recommended: Advanced Certification in Airtable (Addresses critical gap: Airtable),"DistanceFromHome, PercentSalaryHike, NumCompaniesWorked"
501,Research & Development,Research Scientist,36,2543,0.0406,LOW,100,3,3,"3D graphics software, Ada, Advanced numerical software, Algorithmic software, Amazon Elastic Compute Cloud EC2, Reading Comprehension",6,Recommended: Advanced Certification in 3D graphics software (Addresses critical gap: 3D graphics software),"DailyRate, HourlyRate, NumCompaniesWorked"
502,Sales,Sales Executive,34,5304,0.9106,HIGH,97,3,2,"Adobe Acrobat, Apple Keynote, Critical Thinking, Monitoring, Speaking",5,Recommended: Advanced Certification in Adobe Acrobat (Addresses critical gap: Adobe Acrobat),"OverTime_No, TotalSatisfactionScore, StockOptionLevel"
505,Research & Development,Manager,55,16659,0.0617,LOW,100,3,3,Adobe Photoshop,1,Recommended: Advanced Certification in Adobe Photoshop (Addresses critical gap: Adobe Photoshop),"OverTime_No, StockOptionLevel, IncomePerYearAtCompany"
507,Sales,Sales Executive,24,4260,0.0593,LOW,100,3,4,"Adobe Creative Cloud software, Airtable, Apple Keynote, Critical Thinking, Monitoring",5,Recommended: Advanced Certification in Adobe Creative Cloud software (Addresses critical gap: Adobe Creative Cloud software),"OverTime_No, Age, JobRole_Sales Executive"
508,Sales,Sales Representative,30,2476,0.3108,MEDIUM,95,3,3,"3M Post-it App, Adobe Acrobat, Adobe Creative Cloud software, Adobe Illustrator, Critical Thinking, Reading Comprehension, Writing",7,Recommended: Advanced Certification in 3M Post-it App (Addresses critical gap: 3M Post-it App),"YearsWithCurrManager, TotalWorkingYears, TotalSatisfactionScore"
510,Research & Development,Research Scientist,26,3102,0.1607,LOW,70,4,3,"Ada, Algorithmic software, Mathematics",3,Recommended: Advanced Certification in Ada (Addresses critical gap: Ada),"BusinessTravel_Travel_Frequently, StockOptionLevel, Age"
511,Research & Development,Research Scientist,22,2244,0.1271,LOW,94,3,3,"3D graphics software, Active Listening, Ada, Amazon DynamoDB, Amazon Elastic Compute Cloud EC2, Mathematics",6,Recommended: Advanced Certification in 3D graphics software (Addresses critical gap: 3D graphics software),"MonthlyIncome, TotalWorkingYears, DailyRate"
513,Sales,Sales Executive,36,7596,0.1371,LOW,100,3,3,"Active Listening, Adobe Acrobat, Airtable, Apple Keynote",4,Recommended: Active Listening and High-Impact Communication for Leaders (Addresses critical gap: Active Listening),"YearsWithCurrManager, YearsSinceLastPromotion, TotalSatisfactionScore"
514,Research & Development,Research Scientist,30,2285,0.9642,HIGH,100,4,3,"Active Listening, Ada, Algorithmic software, Amazon Elastic Compute Cloud EC2, Mathematics, Reading Comprehension",6,Recommended: Active Listening and High-Impact Communication for Leaders (Addresses critical gap: Active Listening),"OverTime_No, MonthlyIncome, YearsWithCurrManager"
515,Research & Development,Laboratory Technician,37,3034,0.0293,LOW,96,3,2,"Email software, Laboratory information management system LIMS, Science",3,Recommended: Advanced Certification in Email software (Addresses critical gap: Email software),"JobRole_Laboratory Technician, DistanceFromHome, JobSatisfaction"
516,Sales,Sales Executive,40,5715,0.0789,LOW,100,3,3,"Adobe Creative Cloud software, Monitoring",2,Recommended: Advanced Certification in Adobe Creative Cloud software (Addresses critical gap: Adobe Creative Cloud software),"NumCompaniesWorked, DailyRate, JobRole_Sales Executive"
517,Research & Development,Laboratory Technician,42,2576,0.0543,LOW,88,3,3,"Monitoring, Reading Comprehension, Science",3,Recommended: Performance Monitoring and KPI Management Masterclass (Addresses critical gap: Monitoring),"TotalSatisfactionScore, JobRole_Laboratory Technician, MonthlyIncome"
518,Research & Development,Manufacturing Director,37,4197,0.1144,LOW,100,3,2,"Active Listening, Apple Final Cut Pro, Critical Thinking, Monitoring, Speaking",5,Recommended: Active Listening and High-Impact Communication for Leaders (Addresses critical gap: Active Listening),"OverTime_No, StockOptionLevel, YearsAtCompany"
520,Research & Development,Research Director,43,14336,0.0135,LOW,88,3,3,"Adobe Photoshop, Science",2,Recommended: Advanced Certification in Adobe Photoshop (Addresses critical gap: Adobe Photoshop),"PercentSalaryHike, IncomePerYearAtCompany, TotalSatisfactionScore"
521,Research & Development,Laboratory Technician,40,3448,0.099,LOW,100,4,3,"Monitoring, Reading Comprehension, Science",3,Recommended: Performance Monitoring and KPI Management Masterclass (Addresses critical gap: Monitoring),"YearsWithCurrManager, JobRole_Laboratory Technician, NumCompaniesWorked"
522,Research & Development,Research Director,54,19406,0.029,LOW,63,3,2,IBM Lotus 1-2-3,1,Recommended: Advanced Certification in IBM Lotus 1-2-3 (Addresses critical gap: IBM Lotus 1-2-3),"TotalSatisfactionScore, PercentSalaryHike, EnvironmentSatisfaction"
523,Sales,Sales Executive,34,6538,0.0251,LOW,100,3,3,"Adobe ActionScript, Adobe Creative Cloud software, Critical Thinking",3,Recommended: Advanced Certification in Adobe ActionScript (Addresses critical gap: Adobe ActionScript),"NumCompaniesWorked, RelationshipSatisfaction, JobRole_Sales Executive"
524,Research & Development,Manufacturing Director,31,4306,0.064,LOW,69,3,1,"Active Listening, Adobe After Effects",2,Recommended: Active Listening and High-Impact Communication for Leaders (Addresses critical gap: Active Listening),"TotalSatisfactionScore, WorkLifeBalance, Age"
525,Research & Development,Laboratory Technician,43,2258,0.2006,LOW,100,4,3,"C++, Linux, Monitoring, Science, Writing",5,Recommended: Advanced Certification in C++ (Addresses critical gap: C++),"NumCompaniesWorked, MonthlyIncome, BusinessTravel_Travel_Frequently"
526,Research & Development,Healthcare Representative,43,4522,0.0092,LOW,100,3,3,"3DGrid HIPAA Checkup, Allscripts healthcare automation software, Reading Comprehension, Speaking",4,Recommended: Advanced Certification in 3DGrid HIPAA Checkup (Addresses critical gap: 3DGrid HIPAA Checkup),"OverTime_No, StockOptionLevel, ExperienceRatio"
527,Sales,Sales Executive,25,4487,0.5843,MEDIUM,100,3,3,"Adobe Acrobat, Apple Keynote",2,Recommended: Advanced Certification in Adobe Acrobat (Addresses critical gap: Adobe Acrobat),"OverTime_No, Age, StockOptionLevel"
529,Research & Development,Research Scientist,37,4449,0.0169,LOW,100,3,3,"Advanced numerical software, Algorithmic software",2,Recommended: Advanced Certification in Advanced numerical software (Addresses critical gap: Advanced numerical software),"OverTime_No, DistanceFromHome, RelationshipSatisfaction"
530,Research & Development,Laboratory Technician,31,2218,0.059,LOW,100,3,3,"Laboratory information management system LIMS, Linux, Writing",3,Recommended: Advanced Certification in Laboratory information management system LIMS (Addresses critical gap: Laboratory information management system LIMS),"MonthlyIncome, DailyRate, JobRole_Laboratory Technician"
531,Research & Development,Manager,39,19197,0.0133,LOW,100,3,3,"Adobe Creative Cloud software, Monitoring, Speaking",3,Recommended: Advanced Certification in Adobe Creative Cloud software (Addresses critical gap: Adobe Creative Cloud software),"OverTime_No, BusinessTravel_Travel_Frequently, JobRole_Research Scientist"
532,Sales,Sales Executive,56,13212,0.0295,LOW,88,3,2,"Act!, Adobe Creative Cloud software, Reading Comprehension",3,Recommended: Advanced Certification in Act! (Addresses critical gap: Act!),"BusinessTravel_Travel_Frequently, NumCompaniesWorked, YearsSinceLastPromotion"
533,Sales,Sales Executive,30,6577,0.0782,LOW,100,3,3,"Act!, Active Listening, Critical Thinking",3,Recommended: Advanced Certification in Act! (Addresses critical gap: Act!),"StockOptionLevel, DistanceFromHome, JobRole_Sales Executive"
534,Sales,Sales Executive,41,8392,0.1208,LOW,88,3,3,"Adobe Creative Cloud software, Reading Comprehension",2,Recommended: Advanced Certification in Adobe Creative Cloud software (Addresses critical gap: Adobe Creative Cloud software),"TotalSatisfactionScore, ExperienceRatio, JobRole_Sales Executive"
536,Research & Development,Laboratory Technician,28,4558,0.0839,LOW,99,3,3,"C++, Microsoft Access",2,Recommended: Advanced Certification in C++ (Addresses critical gap: C++),"JobRole_Laboratory Technician, Age, DistanceFromHome"
538,Research & Development,Laboratory Technician,25,4031,0.6145,HIGH,68,3,3,"Database software, Email software, Laboratory information management system LIMS, Linux, Microsoft Access, Science, Writing",7,Recommended: Advanced Certification in Database software (Addresses critical gap: Database software),"NumCompaniesWorked, TotalSatisfactionScore, Age"
543,Research & Development,Manufacturing Director,52,7969,0.0332,LOW,100,3,3,"ABB Optimize IT Predict & Control, Adobe Photoshop, Apple Final Cut Pro",3,Recommended: Advanced Certification in ABB Optimize IT Predict & Control (Addresses critical gap: ABB Optimize IT Predict & Control),"OverTime_No, StockOptionLevel, DailyRate"
544,Research & Development,Research Scientist,45,2654,0.0259,LOW,100,4,2,"Active Listening, Algorithmic software, Amazon Elastic Compute Cloud EC2, Mathematics",4,Recommended: Active Listening and High-Impact Communication for Leaders (Addresses critical gap: Active Listening),"EnvironmentSatisfaction, DistanceFromHome, BusinessTravel_Non-Travel"
546,Research & Development,Manager,52,16555,0.0027,LOW,100,3,1,"ADP Workforce Now, Adobe Creative Cloud software, Adobe Photoshop",3,Recommended: Advanced Certification in ADP Workforce Now (Addresses critical gap: ADP Workforce Now),"StockOptionLevel, WorkLifeBalance, JobRole_Research Scientist"
547,Research & Development,Research Scientist,42,4556,0.1754,LOW,100,3,3,"Active Learning, Active Listening",2,Recommended: Advanced Certification in Active Learning (Addresses critical gap: Active Learning),"BusinessTravel_Travel_Frequently, PercentSalaryHike, DistanceFromHome"
548,Research & Development,Manufacturing Director,30,6091,0.0416,LOW,100,4,3,"Adobe Photoshop, Critical Thinking, Monitoring",3,Recommended: Advanced Certification in Adobe Photoshop (Addresses critical gap: Adobe Photoshop),"JobInvolvement, StockOptionLevel, DailyRate"
549,Research & Development,Manager,60,19566,0.0631,LOW,59,3,1,"Adobe Acrobat, Speaking",2,Recommended: Advanced Certification in Adobe Acrobat (Addresses critical gap: Adobe Acrobat),"TotalSatisfactionScore, NumCompaniesWorked, YearsSinceLastPromotion"
550,Research & Development,Manufacturing Director,46,4810,0.0222,LOW,100,3,2,ABB Optimize IT Predict & Control,1,Recommended: Advanced Certification in ABB Optimize IT Predict & Control (Addresses critical gap: ABB Optimize IT Predict & Control),"DistanceFromHome, JobRole_Research Scientist, ExperienceRatio"
551,Research & Development,Healthcare Representative,42,4523,0.0175,LOW,100,3,4,"Active Listening, Alteer Office, American Medical Association CodeManager, Reading Comprehension",4,Recommended: Active Listening and High-Impact Communication for Leaders (Addresses critical gap: Active Listening),"BusinessTravel_Travel_Frequently, DistanceFromHome, PercentSalaryHike"
554,Sales,Sales Representative,24,3202,0.9182,HIGH,74,3,3,"Adobe Creative Cloud software, Adobe Illustrator, Speaking, Writing",4,Recommended: Advanced Certification in Adobe Creative Cloud software (Addresses critical gap: Adobe Creative Cloud software),"OverTime_No, TotalSatisfactionScore, Age"
555,Sales,Sales Representative,34,2351,0.9207,HIGH,100,3,2,"3M Post-it App, ACT! Premium, Active Listening, Adobe Acrobat, Adobe Creative Cloud software, Reading Comprehension",6,Recommended: Advanced Certification in 3M Post-it App (Addresses critical gap: 3M Post-it App),"JobInvolvement, MonthlyIncome, YearsWithCurrManager"
556,Research & Development,Laboratory Technician,38,1702,0.1678,LOW,100,4,3,"C++, Database software, Email software, Laboratory information management system LIMS, Microsoft Access, Monitoring",6,Recommended: Advanced Certification in C++ (Addresses critical gap: C++),"MonthlyIncome, OverTime_No, YearsWithCurrManager"
558,Sales,Manager,40,18041,0.0068,LOW,100,3,3,Reading Comprehension,1,Recommended: Information Synthesis and Rapid Document Analysis (Addresses critical gap: Reading Comprehension),"StockOptionLevel, ExperienceRatio, MonthlyRate"
560,Research & Development,Research Scientist,26,2886,0.0518,LOW,97,4,1,"Active Listening, Advanced numerical software, Algorithmic software, Mathematics",4,Recommended: Active Listening and High-Impact Communication for Leaders (Addresses critical gap: Active Listening),"TotalSatisfactionScore, WorkLifeBalance, DistanceFromHome"
562,Research & Development,Laboratory Technician,30,2097,0.0526,LOW,100,3,1,"Database software, Laboratory information management system LIMS, Linux, Science",4,Recommended: Advanced Certification in Database software (Addresses critical gap: Database software),"MonthlyIncome, WorkLifeBalance, JobRole_Laboratory Technician"
564,Research & Development,Research Director,29,11935,0.0378,LOW,100,3,3,"Adobe Acrobat, ESRI ArcGIS software",2,Recommended: Advanced Certification in Adobe Acrobat (Addresses critical gap: Adobe Acrobat),"StockOptionLevel, ExperienceRatio, Age"
565,Research & Development,Research Scientist,29,2546,0.8144,HIGH,100,3,4,"3D graphics software, Ada, Algorithmic software, Amazon DynamoDB, Mathematics",5,Recommended: Advanced Certification in 3D graphics software (Addresses critical gap: 3D graphics software),"NumCompaniesWorked, StockOptionLevel, DistanceFromHome"
566,Human Resources,Human Resources,19,2564,0.8914,HIGH,100,3,4,"Active Listening, Adobe Acrobat, Adobe Dreamweaver, Adobe Human Capital Application Solution Accelerator, Adobe Illustrator, Critical Thinking, Writing",7,Recommended: Active Listening and High-Impact Communication for Leaders (Addresses critical gap: Active Listening),"YearsWithCurrManager, TotalWorkingYears, Age"
567,Sales,Sales Executive,30,8412,0.0398,LOW,100,3,3,"Act!, Airtable, Monitoring, Speaking",4,Recommended: Advanced Certification in Act! (Addresses critical gap: Act!),"StockOptionLevel, DistanceFromHome, YearsSinceLastPromotion"
568,Sales,Manager,57,14118,0.0864,LOW,100,3,2,"ADP Workforce Now, ActionWare, Adobe Creative Cloud software, Adobe Photoshop",4,Recommended: Advanced Certification in ADP Workforce Now (Addresses critical gap: ADP Workforce Now),"DistanceFromHome, YearsWithCurrManager, EnvironmentSatisfaction"
569,Research & Development,Manager,50,17046,0.0355,LOW,100,3,3,"ADP Workforce Now, Active Listening",2,Recommended: Advanced Certification in ADP Workforce Now (Addresses critical gap: ADP Workforce Now),"DistanceFromHome, ExperienceRatio, IncomePerYearAtCompany"
571,Research & Development,Laboratory Technician,30,2564,0.0126,LOW,100,3,2,"C++, Science",2,Recommended: Advanced Certification in C++ (Addresses critical gap: C++),"StockOptionLevel, YearsSinceLastPromotion, Age"
573,Sales,Sales Executive,60,10266,0.0951,LOW,100,3,4,"Adobe ActionScript, Airtable",2,Recommended: Advanced Certification in Adobe ActionScript (Addresses critical gap: Adobe ActionScript),"DistanceFromHome, StockOptionLevel, YearsSinceLastPromotion"
574,Research & Development,Manufacturing Director,47,5070,0.0453,LOW,100,3,3,"Adobe Acrobat, Reading Comprehension",2,Recommended: Advanced Certification in Adobe Acrobat (Addresses critical gap: Adobe Acrobat),"NumCompaniesWorked, EnvironmentSatisfaction, JobRole_Research Scientist"
575,Research & Development,Research Director,46,17861,0.0193,LOW,75,3,1,"Critical Thinking, ESRI ArcGIS software, Graphics software",3,Recommended: Executive Decision Making & Critical Thinking Workshop (Addresses critical gap: Critical Thinking),"TotalSatisfactionScore, StockOptionLevel, NumCompaniesWorked"
577,Research & Development,Laboratory Technician,35,4230,0.0525,LOW,100,3,3,"Microsoft Access, Reading Comprehension",2,Recommended: Advanced Certification in Microsoft Access (Addresses critical gap: Microsoft Access),"JobInvolvement, StockOptionLevel, YearsSinceLastPromotion"
578,Research & Development,Laboratory Technician,54,3780,0.0703,LOW,100,3,3,"Critical Thinking, Email software, Laboratory information management system LIMS, Monitoring, Reading Comprehension",5,Recommended: Executive Decision Making & Critical Thinking Workshop (Addresses critical gap: Critical Thinking),"YearsWithCurrManager, NumCompaniesWorked, JobRole_Laboratory Technician"
579,Research & Development,Research Scientist,34,2768,0.0114,LOW,100,3,3,"Active Listening, Advanced numerical software, Algorithmic software",3,Recommended: Active Listening and High-Impact Communication for Leaders (Addresses critical gap: Active Listening),"YearsSinceLastPromotion, PromotionLagRatio, BusinessTravel_Non-Travel"
580,Sales,Sales Executive,46,9071,0.0435,LOW,100,3,3,"Act!, Reading Comprehension, Speaking",3,Recommended: Advanced Certification in Act! (Addresses critical gap: Act!),"OverTime_No, JobRole_Sales Executive, MonthlyRate"
581,Research & Development,Manufacturing Director,31,10648,0.0218,LOW,100,4,4,"Active Listening, Adobe Photoshop",2,Recommended: Active Listening and High-Impact Communication for Leaders (Addresses critical gap: Active Listening),"WorkLifeBalance, HourlyRate, DistanceFromHome"
582,Research & Development,Manager,33,13610,0.8528,HIGH,100,3,4,"Adobe Acrobat, Adobe Creative Cloud software, Reading Comprehension",3,Recommended: Advanced Certification in Adobe Acrobat (Addresses critical gap: Adobe Acrobat),"OverTime_No, NumCompaniesWorked, YearsSinceLastPromotion"
584,Research & Development,Laboratory Technician,33,3408,0.8892,HIGH,99,3,3,"Linux, Science, Writing",3,Recommended: Advanced Certification in Linux (Addresses critical gap: Linux),"JobInvolvement, NumCompaniesWorked, EnvironmentSatisfaction"
585,Sales,Sales Representative,30,2983,0.2248,LOW,99,3,3,"3M Post-it App, Active Listening, Adobe Acrobat, Adobe Dreamweaver",4,Recommended: Advanced Certification in 3M Post-it App (Addresses critical gap: 3M Post-it App),"StockOptionLevel, DailyRate, Age"
586,Research & Development,Healthcare Representative,35,7632,0.0356,LOW,100,3,3,Reading Comprehension,1,Recommended: Information Synthesis and Rapid Document Analysis (Addresses critical gap: Reading Comprehension),"OverTime_No, StockOptionLevel, DistanceFromHome"
587,Research & Development,Healthcare Representative,31,9824,0.9271,HIGH,79,3,3,"Alteer Office, Critical Thinking",2,Recommended: Advanced Certification in Alteer Office (Addresses critical gap: Alteer Office),"YearsWithCurrManager, TotalSatisfactionScore, EnvironmentSatisfaction"
590,Human Resources,Human Resources,34,9950,0.8521,HIGH,75,3,3,"Adobe Acrobat, Adobe Human Capital Application Solution Accelerator",2,Recommended: Advanced Certification in Adobe Acrobat (Addresses critical gap: Adobe Acrobat),"OverTime_No, BusinessTravel_Travel_Frequently, TotalSatisfactionScore"
591,Research & Development,Laboratory Technician,42,2093,0.1298,LOW,100,3,3,"Database software, Linux, Monitoring, Writing",4,Recommended: Advanced Certification in Database software (Addresses critical gap: Database software),"BusinessTravel_Travel_Frequently, YearsWithCurrManager, MonthlyIncome"
592,Sales,Sales Executive,36,9980,0.1455,LOW,100,3,2,"Act!, Adobe Acrobat",2,Recommended: Advanced Certification in Act! (Addresses critical gap: Act!),"YearsSinceLastPromotion, StockOptionLevel, ExperienceRatio"
593,Research & Development,Laboratory Technician,22,3894,0.8969,HIGH,100,3,3,"C++, Email software, Linux, Microsoft Access, Monitoring, Reading Comprehension",6,Recommended: Advanced Certification in C++ (Addresses critical gap: C++),"BusinessTravel_Travel_Frequently, Age, NumCompaniesWorked"
595,Sales,Sales Executive,48,4051,0.0713,LOW,100,3,3,Adobe Creative Cloud software,1,Recommended: Advanced Certification in Adobe Creative Cloud software (Addresses critical gap: Adobe Creative Cloud software),"YearsSinceLastPromotion, JobRole_Sales Executive, JobRole_Research Scientist"
597,Sales,Manager,55,16835,0.0402,LOW,100,4,3,Active Listening,1,Recommended: Active Listening and High-Impact Communication for Leaders (Addresses critical gap: Active Listening),"StockOptionLevel, EnvironmentSatisfaction, YearsSinceLastPromotion"
599,Sales,Sales Executive,41,6230,0.0315,LOW,100,3,3,Airtable,1,Recommended: Advanced Certification in Airtable (Addresses critical gap: Airtable),"NumCompaniesWorked, DailyRate, StockOptionLevel"
600,Sales,Sales Executive,35,4717,0.2195,LOW,100,3,3,Critical Thinking,1,Recommended: Executive Decision Making & Critical Thinking Workshop (Addresses critical gap: Critical Thinking),"NumCompaniesWorked, YearsSinceLastPromotion, StockOptionLevel"
601,Research & Development,Manufacturing Director,40,13237,0.0428,LOW,100,3,3,"Adobe After Effects, Apple Final Cut Pro, Critical Thinking, Monitoring",4,Recommended: Advanced Certification in Adobe After Effects (Addresses critical gap: Adobe After Effects),"NumCompaniesWorked, DailyRate, StockOptionLevel"
602,Research & Development,Laboratory Technician,39,3755,0.1463,LOW,100,3,3,"Laboratory information management system LIMS, Linux, Reading Comprehension",3,Recommended: Advanced Certification in Laboratory information management system LIMS (Addresses critical gap: Laboratory information management system LIMS),"BusinessTravel_Travel_Frequently, PercentSalaryHike, TotalSatisfactionScore"
604,Sales,Sales Executive,31,6582,0.1509,LOW,100,3,4,"Adobe Acrobat, Adobe Creative Cloud software, Reading Comprehension, Speaking",4,Recommended: Advanced Certification in Adobe Acrobat (Addresses critical gap: Adobe Acrobat),"OverTime_No, StockOptionLevel, Age"
605,Research & Development,Manufacturing Director,42,7406,0.2259,LOW,100,4,2,"Critical Thinking, Reading Comprehension, Speaking",3,Recommended: Executive Decision Making & Critical Thinking Workshop (Addresses critical gap: Critical Thinking),"DailyRate, DistanceFromHome, OverTime_No"
606,Sales,Sales Executive,45,4805,0.0457,LOW,100,3,4,"Active Listening, Apple Keynote",2,Recommended: Active Listening and High-Impact Communication for Leaders (Addresses critical gap: Active Listening),"WorkLifeBalance, DailyRate, Department_Research & Development"
608,Human Resources,Human Resources,26,2741,0.9385,HIGH,85,3,2,"Adobe Human Capital Application Solution Accelerator, Adobe InDesign",2,Recommended: Advanced Certification in Adobe Human Capital Application Solution Accelerator (Addresses critical gap: Adobe Human Capital Application Solution Accelerator),"OverTime_No, BusinessTravel_Travel_Frequently, YearsWithCurrManager"
611,Research & Development,Manufacturing Director,29,4262,0.0582,LOW,100,3,4,"ABB Optimize IT Predict & Control, Adobe After Effects, Adobe Photoshop, Critical Thinking",4,Recommended: Advanced Certification in ABB Optimize IT Predict & Control (Addresses critical gap: ABB Optimize IT Predict & Control),"DistanceFromHome, DailyRate, WorkLifeBalance"
612,Research & Development,Research Director,33,16184,0.0035,LOW,100,3,3,"Adobe Acrobat, Adobe Photoshop, Clinical trial management software, Reading Comprehension",4,Recommended: Advanced Certification in Adobe Acrobat (Addresses critical gap: Adobe Acrobat),"EnvironmentSatisfaction, JobRole_Research Scientist, ExperienceRatio"
613,Sales,Manager,31,11557,0.0783,LOW,100,4,2,Monitoring,1,Recommended: Performance Monitoring and KPI Management Masterclass (Addresses critical gap: Monitoring),"NumCompaniesWorked, Age, Gender_Female"
614,Sales,Sales Representative,18,1878,0.982,HIGH,85,3,3,"Active Listening, Adobe Acrobat, Adobe Dreamweaver, Adobe Illustrator, Reading Comprehension",5,Recommended: Active Listening and High-Impact Communication for Leaders (Addresses critical gap: Active Listening),"OverTime_No, MonthlyIncome, Age"
615,Sales,Sales Executive,40,10932,0.0255,LOW,93,3,3,"Apple Keynote, Critical Thinking",2,Recommended: Advanced Certification in Apple Keynote (Addresses critical gap: Apple Keynote),"JobInvolvement, DistanceFromHome, JobRole_Sales Executive"
616,Research & Development,Healthcare Representative,41,6811,0.1562,LOW,88,3,3,"AcuStaf, Allscripts healthcare automation software",2,Recommended: Advanced Certification in AcuStaf (Addresses critical gap: AcuStaf),"OverTime_No, TotalSatisfactionScore, StockOptionLevel"
618,Sales,Sales Executive,26,4306,0.3793,MEDIUM,100,3,3,"Apple Keynote, Monitoring, Speaking",3,Recommended: Advanced Certification in Apple Keynote (Addresses critical gap: Apple Keynote),"TotalSatisfactionScore, YearsWithCurrManager, NumCompaniesWorked"
620,Sales,Sales Executive,35,4859,0.0331,LOW,100,3,3,"Act!, Active Listening, Adobe ActionScript",3,Recommended: Advanced Certification in Act! (Addresses critical gap: Act!),"EnvironmentSatisfaction, StockOptionLevel, Department_Research & Development"
621,Sales,Sales Executive,34,5337,0.1394,LOW,100,3,3,"Adobe ActionScript, Airtable, Apple Keynote",3,Recommended: Advanced Certification in Adobe ActionScript (Addresses critical gap: Adobe ActionScript),"DailyRate, YearsSinceLastPromotion, StockOptionLevel"
622,Research & Development,Laboratory Technician,26,2340,0.9956,HIGH,93,3,1,"C++, Critical Thinking, Linux, Microsoft Access, Monitoring, Writing",6,Recommended: Advanced Certification in C++ (Addresses critical gap: C++),"MonthlyIncome, OverTime_No, JobInvolvement"
623,Research & Development,Manufacturing Director,37,7491,0.0407,LOW,100,3,4,Adobe After Effects,1,Recommended: Advanced Certification in Adobe After Effects (Addresses critical gap: Adobe After Effects),"StockOptionLevel, WorkLifeBalance, MonthlyRate"
624,Research & Development,Healthcare Representative,46,10527,0.1197,LOW,98,3,2,"Adobe Acrobat, Alteer Office, American Medical Association CodeManager",3,Recommended: Advanced Certification in Adobe Acrobat (Addresses critical gap: Adobe Acrobat),"NumCompaniesWorked, EnvironmentSatisfaction, DistanceFromHome"
625,Sales,Manager,41,16595,0.0324,LOW,86,3,3,"ActionWare, Adobe Creative Cloud software, Critical Thinking",3,Recommended: Advanced Certification in ActionWare (Addresses critical gap: ActionWare),"NumCompaniesWorked, YearsSinceLastPromotion, TotalSatisfactionScore"
626,Sales,Sales Executive,37,8834,0.0925,LOW,100,3,3,Monitoring,1,Recommended: Performance Monitoring and KPI Management Masterclass (Addresses critical gap: Monitoring),"EnvironmentSatisfaction, YearsSinceLastPromotion, MonthlyIncome"
630,Research & Development,Research Scientist,52,5577,0.0127,LOW,96,3,3,"3D graphics software, Algorithmic software",2,Recommended: Advanced Certification in 3D graphics software (Addresses critical gap: 3D graphics software),"OverTime_No, TotalSatisfactionScore, YearsSinceLastPromotion"
631,Sales,Sales Executive,32,4707,0.8352,HIGH,100,3,3,"Adobe ActionScript, Adobe Creative Cloud software, Critical Thinking, Reading Comprehension",4,Recommended: Advanced Certification in Adobe ActionScript (Addresses critical gap: Adobe ActionScript),"NumCompaniesWorked, StockOptionLevel, DistanceFromHome"
632,Sales,Sales Representative,24,2400,0.1793,LOW,100,3,3,"3M Post-it App, Adobe Creative Cloud software, Adobe Dreamweaver, Reading Comprehension",4,Recommended: Advanced Certification in 3M Post-it App (Addresses critical gap: 3M Post-it App),"BusinessTravel_Travel_Frequently, MonthlyIncome, Age"
634,Research & Development,Healthcare Representative,38,9824,0.0339,LOW,100,3,3,"Adobe Acrobat, Allscripts healthcare automation software, Alteer Office, Monitoring, Reading Comprehension, Speaking",6,Recommended: Advanced Certification in Adobe Acrobat (Addresses critical gap: Adobe Acrobat),"YearsWithCurrManager, DistanceFromHome, JobRole_Research Scientist"
635,Research & Development,Manufacturing Director,37,6447,0.0671,LOW,77,3,2,Adobe After Effects,1,Recommended: Advanced Certification in Adobe After Effects (Addresses critical gap: Adobe After Effects),"TotalSatisfactionScore, NumCompaniesWorked, ExperienceRatio"
638,Research & Development,Research Director,49,19502,0.0039,LOW,100,3,3,"Active Listening, Critical Thinking, IBM Lotus 1-2-3, Reading Comprehension",4,Recommended: Active Listening and High-Impact Communication for Leaders (Addresses critical gap: Active Listening),"OverTime_No, DistanceFromHome, JobRole_Research Scientist"
639,Research & Development,Research Scientist,24,2725,0.2311,LOW,100,3,3,"Active Learning, Active Listening, Amazon DynamoDB, Critical Thinking",4,Recommended: Advanced Certification in Active Learning (Addresses critical gap: Active Learning),"OverTime_No, Age, PercentSalaryHike"
641,Sales,Sales Executive,26,6272,0.1491,LOW,100,4,4,"Adobe ActionScript, Airtable, Monitoring",3,Recommended: Advanced Certification in Adobe ActionScript (Addresses critical gap: Adobe ActionScript),"DistanceFromHome, WorkLifeBalance, EnvironmentSatisfaction"
643,Research & Development,Laboratory Technician,24,2127,0.5275,MEDIUM,100,4,3,"Database software, Laboratory information management system LIMS, Microsoft Access, Monitoring, Science",5,Recommended: Advanced Certification in Database software (Addresses critical gap: Database software),"YearsWithCurrManager, MonthlyIncome, TotalWorkingYears"
644,Human Resources,Manager,50,18200,0.1221,LOW,94,3,3,Monitoring,1,Recommended: Performance Monitoring and KPI Management Masterclass (Addresses critical gap: Monitoring),"PercentSalaryHike, BusinessTravel_Travel_Frequently, YearsSinceLastPromotion"
645,Sales,Sales Representative,25,2096,0.0902,LOW,100,3,3,"ACT! Premium, Reading Comprehension, Writing",3,Recommended: Advanced Certification in ACT! Premium (Addresses critical gap: ACT! Premium),"Age, MonthlyIncome, StockOptionLevel"
647,Research & Development,Laboratory Technician,24,2886,0.8842,HIGH,100,3,3,"Critical Thinking, Database software, Email software, Laboratory information management system LIMS, Reading Comprehension",5,Recommended: Executive Decision Making & Critical Thinking Workshop (Addresses critical gap: Critical Thinking),"OverTime_No, Age, BusinessTravel_Travel_Frequently"
648,Sales,Sales Representative,30,2033,0.9529,HIGH,82,3,4,"3M Post-it App, Active Listening, Adobe Acrobat, Adobe Illustrator, Speaking",5,Recommended: Advanced Certification in 3M Post-it App (Addresses critical gap: 3M Post-it App),"MonthlyIncome, YearsWithCurrManager, TotalWorkingYears"
649,Research & Development,Research Scientist,34,3622,0.0585,LOW,100,3,3,"Amazon DynamoDB, Mathematics",2,Recommended: Advanced Certification in Amazon DynamoDB (Addresses critical gap: Amazon DynamoDB),"OverTime_No, DailyRate, JobLevel"
650,Sales,Sales Executive,31,4233,0.8262,HIGH,45,3,1,"Act!, Adobe ActionScript",2,Recommended: Advanced Certification in Act! (Addresses critical gap: Act!),"WorkLifeBalance, TotalSatisfactionScore, StockOptionLevel"
652,Research & Development,Laboratory Technician,35,3681,0.1494,LOW,100,3,3,"Email software, Reading Comprehension",2,Recommended: Advanced Certification in Email software (Addresses critical gap: Email software),"DistanceFromHome, EnvironmentSatisfaction, JobRole_Laboratory Technician"
653,Sales,Sales Executive,31,5460,0.0699,LOW,100,4,4,Adobe Acrobat,1,Recommended: Advanced Certification in Adobe Acrobat (Addresses critical gap: Adobe Acrobat),"YearsSinceLastPromotion, EnvironmentSatisfaction, WorkLifeBalance"
655,Research & Development,Research Scientist,27,2187,0.0456,LOW,87,3,2,"Active Listening, Amazon DynamoDB",2,Recommended: Active Listening and High-Impact Communication for Leaders (Addresses critical gap: Active Listening),"MonthlyIncome, TotalSatisfactionScore, Age"
656,Sales,Sales Executive,37,9602,0.1944,LOW,100,3,2,"Active Listening, Adobe ActionScript, Airtable, Apple Keynote, Monitoring",5,Recommended: Active Listening and High-Impact Communication for Leaders (Addresses critical gap: Active Listening),"OverTime_No, YearsWithCurrManager, PercentSalaryHike"
657,Research & Development,Research Scientist,20,2836,0.085,LOW,100,3,4,"3D graphics software, Active Learning, Ada, Advanced numerical software, Amazon Elastic Compute Cloud EC2, Critical Thinking, Mathematics",7,Recommended: Advanced Certification in 3D graphics software (Addresses critical gap: 3D graphics software),"YearsWithCurrManager, StockOptionLevel, Age"
659,Research & Development,Healthcare Representative,42,4089,0.0547,LOW,100,3,3,"Allscripts healthcare automation software, Alteer Office",2,Recommended: Advanced Certification in Allscripts healthcare automation software (Addresses critical gap: Allscripts healthcare automation software),"ExperienceRatio, DailyRate, JobRole_Research Scientist"
661,Research & Development,Research Director,43,16627,0.0095,LOW,100,3,2,"Reading Comprehension, Writing",2,Recommended: Information Synthesis and Rapid Document Analysis (Addresses critical gap: Reading Comprehension),"OverTime_No, YearsWithCurrManager, DailyRate"
662,Research & Development,Research Scientist,38,2619,0.069,LOW,91,3,2,"Active Listening, Ada, Advanced numerical software, Amazon Elastic Compute Cloud EC2",4,Recommended: Active Listening and High-Impact Communication for Leaders (Addresses critical gap: Active Listening),"YearsWithCurrManager, StockOptionLevel, DailyRate"
663,Research & Development,Laboratory Technician,43,5679,0.0901,LOW,100,3,3,"Laboratory information management system LIMS, Science, Writing",3,Recommended: Advanced Certification in Laboratory information management system LIMS (Addresses critical gap: Laboratory information management system LIMS),"BusinessTravel_Travel_Frequently, OverTime_No, JobRole_Laboratory Technician"
664,Research & Development,Manager,48,15402,0.0068,LOW,74,3,1,"Adobe Photoshop, Reading Comprehension",2,Recommended: Advanced Certification in Adobe Photoshop (Addresses critical gap: Adobe Photoshop),"TotalSatisfactionScore, NumCompaniesWorked, PercentSalaryHike"
665,Human Resources,Human Resources,44,5985,0.035,LOW,100,3,4,"Active Listening, Adobe Creative Cloud software, Adobe Illustrator, Critical Thinking, Writing",5,Recommended: Active Listening and High-Impact Communication for Leaders (Addresses critical gap: Active Listening),"StockOptionLevel, EnvironmentSatisfaction, WorkLifeBalance"
666,Sales,Sales Representative,34,2579,0.0707,LOW,100,3,3,"ACT! Premium, Active Listening, Adobe Acrobat",3,Recommended: Advanced Certification in ACT! Premium (Addresses critical gap: ACT! Premium),"OverTime_No, EducationField_Technical Degree, MonthlyIncome"
667,Sales,Sales Representative,27,3041,0.4991,MEDIUM,79,3,3,"3M Post-it App, Active Listening, Adobe Illustrator, Critical Thinking, Writing",5,Recommended: Advanced Certification in 3M Post-it App (Addresses critical gap: 3M Post-it App),"PercentSalaryHike, Age, JobRole_Sales Representative"
669,Sales,Sales Representative,21,3447,0.1729,LOW,100,3,3,"ACT! Premium, Adobe Acrobat, Adobe Dreamweaver",3,Recommended: Advanced Certification in ACT! Premium (Addresses critical gap: ACT! Premium),"StockOptionLevel, Age, EducationField_Technical Degree"
671,Research & Development,Manager,44,19513,0.0124,LOW,100,3,4,"ActionWare, Adobe Acrobat, Adobe Photoshop, Critical Thinking",4,Recommended: Advanced Certification in ActionWare (Addresses critical gap: ActionWare),"OverTime_No, RelationshipSatisfaction, JobRole_Research Scientist"
675,Research & Development,Research Scientist,22,2773,0.0702,LOW,100,4,3,"Active Learning, Ada, Algorithmic software, Amazon DynamoDB, Critical Thinking, Mathematics",6,Recommended: Advanced Certification in Active Learning (Addresses critical gap: Active Learning),"StockOptionLevel, Age, EnvironmentSatisfaction"
677,Sales,Sales Executive,33,7104,0.0244,LOW,100,3,3,"Adobe ActionScript, Adobe Creative Cloud software, Monitoring, Speaking",4,Recommended: Advanced Certification in Adobe ActionScript (Addresses critical gap: Adobe ActionScript),"StockOptionLevel, HourlyRate, Department_Research & Development"
679,Research & Development,Research Scientist,32,6322,0.0804,LOW,100,3,2,"3D graphics software, Advanced numerical software, Reading Comprehension",3,Recommended: Advanced Certification in 3D graphics software (Addresses critical gap: 3D graphics software),"OverTime_No, EnvironmentSatisfaction, DailyRate"
680,Research & Development,Research Scientist,30,2083,0.2142,LOW,100,4,3,"3D graphics software, Advanced numerical software, Algorithmic software, Critical Thinking, Mathematics, Reading Comprehension",6,Recommended: Advanced Certification in 3D graphics software (Addresses critical gap: 3D graphics software),"MonthlyIncome, BusinessTravel_Travel_Frequently, YearsWithCurrManager"
682,Sales,Sales Executive,53,8381,0.1571,LOW,100,4,4,"Act!, Airtable, Critical Thinking, Reading Comprehension",4,Recommended: Advanced Certification in Act! (Addresses critical gap: Act!),"YearsSinceLastPromotion, NumCompaniesWorked, DailyRate"
683,Research & Development,Research Scientist,34,2691,0.0166,LOW,100,3,2,Ada,1,Recommended: Advanced Certification in Ada (Addresses critical gap: Ada),"YearsSinceLastPromotion, ExperienceRatio, PromotionLagRatio"
684,Sales,Sales Executive,45,4286,0.8629,HIGH,67,3,3,"Adobe Acrobat, Adobe ActionScript, Adobe Creative Cloud software, Airtable, Critical Thinking, Speaking",6,Recommended: Advanced Certification in Adobe Acrobat (Addresses critical gap: Adobe Acrobat),"BusinessTravel_Travel_Frequently, YearsWithCurrManager, DistanceFromHome"
686,Research & Development,Laboratory Technician,26,2659,0.1336,LOW,100,3,3,"C++, Database software, Email software, Linux, Monitoring, Writing",6,Recommended: Advanced Certification in C++ (Addresses critical gap: C++),"OverTime_No, Age, JobRole_Laboratory Technician"
689,Research & Development,Manufacturing Director,37,9434,0.1083,LOW,100,3,3,Active Listening,1,Recommended: Active Listening and High-Impact Communication for Leaders (Addresses critical gap: Active Listening),"YearsSinceLastPromotion, ExperienceRatio, YearsInCurrentRole"
690,Sales,Sales Executive,29,5561,0.0374,LOW,88,3,2,"Adobe Acrobat, Adobe ActionScript, Apple Keynote, Reading Comprehension",4,Recommended: Advanced Certification in Adobe Acrobat (Addresses critical gap: Adobe Acrobat),"TotalSatisfactionScore, RelationshipSatisfaction, Department_Research & Development"
691,Research & Development,Research Scientist,35,6646,0.0557,LOW,100,3,3,Critical Thinking,1,Recommended: Executive Decision Making & Critical Thinking Workshop (Addresses critical gap: Critical Thinking),"JobInvolvement, StockOptionLevel, YearsSinceLastPromotion"
692,Research & Development,Healthcare Representative,33,7725,0.0116,LOW,100,4,1,"3DGrid HIPAA Checkup, Adobe Acrobat",2,Recommended: Advanced Certification in 3DGrid HIPAA Checkup (Addresses critical gap: 3DGrid HIPAA Checkup),"BusinessTravel_Travel_Frequently, WorkLifeBalance, JobRole_Research Scientist"
698,Human Resources,Human Resources,54,10725,0.0968,LOW,100,3,4,"Adobe Human Capital Application Solution Accelerator, Writing",2,Recommended: Advanced Certification in Adobe Human Capital Application Solution Accelerator (Addresses critical gap: Adobe Human Capital Application Solution Accelerator),"DailyRate, YearsSinceLastPromotion, DistanceFromHome"
699,Research & Development,Manufacturing Director,36,8847,0.1033,LOW,100,3,3,"Active Listening, Adobe InDesign, Monitoring",3,Recommended: Active Listening and High-Impact Communication for Leaders (Addresses critical gap: Active Listening),"OverTime_No, TotalSatisfactionScore, PercentSalaryHike"
700,Research & Development,Research Scientist,27,2045,0.0586,LOW,100,3,3,"Active Learning, Active Listening, Ada, Amazon DynamoDB, Reading Comprehension",5,Recommended: Advanced Certification in Active Learning (Addresses critical gap: Active Learning),"MonthlyIncome, StockOptionLevel, Age"
701,Research & Development,Research Scientist,20,1009,0.9274,HIGH,100,3,3,"Ada, Amazon DynamoDB, Mathematics, Reading Comprehension",4,Recommended: Advanced Certification in Ada (Addresses critical gap: Ada),"OverTime_No, MonthlyIncome, Age"
702,Research & Development,Research Scientist,33,3348,0.8711,HIGH,52,3,3,Critical Thinking,1,Recommended: Executive Decision Making & Critical Thinking Workshop (Addresses critical gap: Critical Thinking),"OverTime_No, TotalSatisfactionScore, StockOptionLevel"
704,Research & Development,Laboratory Technician,35,1281,0.1324,LOW,100,3,3,"Critical Thinking, Database software, Laboratory information management system LIMS, Linux, Microsoft Access, Reading Comprehension, Writing",7,Recommended: Executive Decision Making & Critical Thinking Workshop (Addresses critical gap: Critical Thinking),"MonthlyIncome, YearsWithCurrManager, TotalWorkingYears"
705,Research & Development,Research Scientist,23,2819,0.0761,LOW,83,3,4,"Active Learning, Ada, Amazon Elastic Compute Cloud EC2",3,Recommended: Advanced Certification in Active Learning (Addresses critical gap: Active Learning),"TotalSatisfactionScore, WorkLifeBalance, Age"
707,Sales,Sales Executive,25,4851,0.0565,LOW,100,4,3,"Active Listening, Adobe Creative Cloud software, Apple Keynote, Monitoring, Speaking",5,Recommended: Active Listening and High-Impact Communication for Leaders (Addresses critical gap: Active Listening),"Age, Department_Research & Development, JobRole_Research Scientist"
709,Sales,Sales Executive,38,4028,0.0315,LOW,100,4,3,Airtable,1,Recommended: Advanced Certification in Airtable (Addresses critical gap: Airtable),"StockOptionLevel, DailyRate, Department_Research & Development"
710,Research & Development,Research Scientist,29,2720,0.0591,LOW,100,3,3,"Ada, Advanced numerical software, Amazon Elastic Compute Cloud EC2",3,Recommended: Advanced Certification in Ada (Addresses critical gap: Ada),"JobInvolvement, BusinessTravel_Travel_Frequently, Age"
712,Sales,Sales Executive,48,8120,0.0635,LOW,97,3,3,"Active Listening, Adobe ActionScript, Airtable, Critical Thinking, Reading Comprehension",5,Recommended: Active Listening and High-Impact Communication for Leaders (Addresses critical gap: Active Listening),"StockOptionLevel, JobRole_Sales Executive, Department_Research & Development"
714,Sales,Sales Executive,27,4647,0.0263,LOW,100,4,3,Adobe Acrobat,1,Recommended: Advanced Certification in Adobe Acrobat (Addresses critical gap: Adobe Acrobat),"OverTime_No, BusinessTravel_Travel_Frequently, Age"
715,Research & Development,Research Scientist,37,4680,0.0708,LOW,100,3,3,"Active Listening, Advanced numerical software, Algorithmic software, Amazon DynamoDB, Mathematics, Reading Comprehension",6,Recommended: Active Listening and High-Impact Communication for Leaders (Addresses critical gap: Active Listening),"StockOptionLevel, YearsWithCurrManager, RelationshipSatisfaction"
716,Research & Development,Laboratory Technician,50,3221,0.0412,LOW,100,3,3,"C++, Critical Thinking, Microsoft Access",3,Recommended: Advanced Certification in C++ (Addresses critical gap: C++),"OverTime_No, YearsSinceLastPromotion, DistanceFromHome"
717,Research & Development,Healthcare Representative,34,8621,0.1162,LOW,100,3,4,"3DGrid HIPAA Checkup, American Medical Association CodeManager, Monitoring",3,Recommended: Advanced Certification in 3DGrid HIPAA Checkup (Addresses critical gap: 3DGrid HIPAA Checkup),"StockOptionLevel, DistanceFromHome, WorkLifeBalance"
720,Sales,Sales Executive,24,4577,0.6525,HIGH,70,3,3,"Adobe Creative Cloud software, Apple Keynote, Monitoring, Reading Comprehension",4,Recommended: Advanced Certification in Adobe Creative Cloud software (Addresses critical gap: Adobe Creative Cloud software),"YearsWithCurrManager, TotalSatisfactionScore, StockOptionLevel"
721,Research & Development,Healthcare Representative,39,4553,0.0489,LOW,100,3,3,"3DGrid HIPAA Checkup, Alteer Office",2,Recommended: Advanced Certification in 3DGrid HIPAA Checkup (Addresses critical gap: 3DGrid HIPAA Checkup),"DailyRate, YearsSinceLastPromotion, PercentSalaryHike"
722,Sales,Sales Executive,32,5396,0.023,LOW,100,3,2,"Reading Comprehension, Speaking",2,Recommended: Information Synthesis and Rapid Document Analysis (Addresses critical gap: Reading Comprehension),"StockOptionLevel, ExperienceRatio, JobRole_Sales Executive"
723,Sales,Sales Executive,50,6796,0.7687,HIGH,88,3,3,"Active Listening, Airtable, Reading Comprehension",3,Recommended: Active Listening and High-Impact Communication for Leaders (Addresses critical gap: Active Listening),"OverTime_No, BusinessTravel_Travel_Frequently, TotalSatisfactionScore"
724,Research & Development,Healthcare Representative,38,7625,0.0165,LOW,100,3,2,AcuStaf,1,Recommended: Advanced Certification in AcuStaf (Addresses critical gap: AcuStaf),"StockOptionLevel, DailyRate, BusinessTravel_Non-Travel"
725,Research & Development,Manufacturing Director,27,7412,0.0931,LOW,100,3,3,"Monitoring, Reading Comprehension",2,Recommended: Performance Monitoring and KPI Management Masterclass (Addresses critical gap: Monitoring),"PercentSalaryHike, Age, ExperienceRatio"
727,Research & Development,Research Director,32,11159,0.0202,LOW,100,3,3,IBM Lotus 1-2-3,1,Recommended: Advanced Certification in IBM Lotus 1-2-3 (Addresses critical gap: IBM Lotus 1-2-3),"YearsSinceLastPromotion, StockOptionLevel, IncomePerYearAtCompany"
728,Sales,Sales Executive,47,4960,0.2081,LOW,100,3,3,"Act!, Adobe ActionScript, Adobe Creative Cloud software, Reading Comprehension",4,Recommended: Advanced Certification in Act! (Addresses critical gap: Act!),"DistanceFromHome, StockOptionLevel, JobRole_Sales Executive"
729,Sales,Sales Executive,40,10475,0.1142,LOW,98,4,3,"Act!, Airtable",2,Recommended: Advanced Certification in Act! (Addresses critical gap: Act!),"OverTime_No, NumCompaniesWorked, JobRole_Sales Executive"
730,Research & Development,Research Director,53,14814,0.0053,LOW,100,3,3,"ESRI ArcGIS software, Graphics software, Science",3,Recommended: Advanced Certification in ESRI ArcGIS software (Addresses critical gap: ESRI ArcGIS software),"StockOptionLevel, JobRole_Research Scientist, Gender_Female"
731,Human Resources,Manager,41,19141,0.0369,LOW,100,3,2,"ActionWare, Adobe Photoshop, Monitoring, Reading Comprehension",4,Recommended: Advanced Certification in ActionWare (Addresses critical gap: ActionWare),"DailyRate, YearsSinceLastPromotion, PromotionLagRatio"
732,Sales,Sales Executive,60,5405,0.2099,LOW,81,3,3,"Active Listening, Adobe Creative Cloud software, Critical Thinking, Reading Comprehension",4,Recommended: Active Listening and High-Impact Communication for Leaders (Addresses critical gap: Active Listening),"StockOptionLevel, TotalSatisfactionScore, DistanceFromHome"
733,Research & Development,Manufacturing Director,27,8793,0.2537,LOW,92,4,2,Adobe After Effects,1,Recommended: Advanced Certification in Adobe After Effects (Addresses critical gap: Adobe After Effects),"BusinessTravel_Travel_Frequently, DailyRate, DistanceFromHome"
734,Human Resources,Manager,41,19189,0.0136,LOW,100,3,3,Reading Comprehension,1,Recommended: Information Synthesis and Rapid Document Analysis (Addresses critical gap: Reading Comprehension),"DailyRate, Department_Research & Development, JobRole_Research Scientist"
738,Sales,Sales Representative,50,3875,0.1286,LOW,100,3,3,"3M Post-it App, Adobe Dreamweaver, Adobe Illustrator, Critical Thinking, Reading Comprehension, Writing",6,Recommended: Advanced Certification in 3M Post-it App (Addresses critical gap: 3M Post-it App),"NumCompaniesWorked, DailyRate, Gender_Female"
741,Research & Development,Research Scientist,28,2216,0.9821,HIGH,86,3,3,"Active Learning, Ada",2,Recommended: Advanced Certification in Active Learning (Addresses critical gap: Active Learning),"OverTime_No, JobInvolvement, MonthlyIncome"
742,Research & Development,Research Director,36,11713,0.0154,LOW,64,3,3,"Clinical trial management software, Reading Comprehension",2,Recommended: Advanced Certification in Clinical trial management software (Addresses critical gap: Clinical trial management software),"NumCompaniesWorked, TotalSatisfactionScore, DailyRate"
743,Research & Development,Manufacturing Director,38,7861,0.0094,LOW,100,3,4,"Active Listening, Adobe After Effects, Monitoring, Reading Comprehension, Speaking",5,Recommended: Active Listening and High-Impact Communication for Leaders (Addresses critical gap: Active Listening),"OverTime_No, YearsWithCurrManager, StockOptionLevel"
744,Research & Development,Laboratory Technician,44,3708,0.3359,MEDIUM,100,3,3,"Email software, Laboratory information management system LIMS, Microsoft Access",3,Recommended: Advanced Certification in Email software (Addresses critical gap: Email software),"JobInvolvement, EnvironmentSatisfaction, DistanceFromHome"
746,Sales,Sales Executive,47,13770,0.0553,LOW,100,3,2,Adobe ActionScript,1,Recommended: Advanced Certification in Adobe ActionScript (Addresses critical gap: Adobe ActionScript),"OverTime_No, YearsSinceLastPromotion, NumCompaniesWorked"
747,Sales,Sales Executive,30,5304,0.1268,LOW,100,4,2,"Active Listening, Monitoring, Reading Comprehension",3,Recommended: Active Listening and High-Impact Communication for Leaders (Addresses critical gap: Active Listening),"NumCompaniesWorked, YearsSinceLastPromotion, DistanceFromHome"
749,Sales,Sales Representative,29,2642,0.232,LOW,100,3,3,"ACT! Premium, Adobe Creative Cloud software, Adobe Dreamweaver, Adobe Illustrator, Reading Comprehension",5,Recommended: Advanced Certification in ACT! Premium (Addresses critical gap: ACT! Premium),"TotalWorkingYears, YearsWithCurrManager, StockOptionLevel"
752,Research & Development,Research Scientist,42,2759,0.3193,MEDIUM,100,3,3,"3D graphics software, Active Listening, Ada, Algorithmic software",4,Recommended: Advanced Certification in 3D graphics software (Addresses critical gap: 3D graphics software),"OverTime_No, StockOptionLevel, BusinessTravel_Travel_Frequently"
754,Sales,Sales Executive,43,6804,0.0395,LOW,100,3,3,"Adobe Acrobat, Adobe Creative Cloud software, Airtable, Apple Keynote, Reading Comprehension, Speaking",6,Recommended: Advanced Certification in Adobe Acrobat (Addresses critical gap: Adobe Acrobat),"BusinessTravel_Travel_Frequently, DistanceFromHome, JobRole_Sales Executive"
757,Research & Development,Healthcare Representative,34,6142,0.0397,LOW,100,3,3,"3DGrid HIPAA Checkup, Active Listening, Alteer Office, American Medical Association CodeManager",4,Recommended: Advanced Certification in 3DGrid HIPAA Checkup (Addresses critical gap: 3DGrid HIPAA Checkup),"PercentSalaryHike, PromotionLagRatio, StockOptionLevel"
758,Research & Development,Laboratory Technician,23,2500,0.2028,LOW,100,3,4,"C++, Email software, Linux, Microsoft Access, Reading Comprehension, Writing",6,Recommended: Advanced Certification in C++ (Addresses critical gap: C++),"JobRole_Laboratory Technician, Age, WorkLifeBalance"
760,Human Resources,Human Resources,39,6389,0.0187,LOW,87,3,1,"Adobe Acrobat, Adobe Illustrator, Reading Comprehension",3,Recommended: Advanced Certification in Adobe Acrobat (Addresses critical gap: Adobe Acrobat),"TotalSatisfactionScore, NumCompaniesWorked, Department_Research & Development"
762,Research & Development,Healthcare Representative,56,11103,0.0501,LOW,100,3,2,3DGrid HIPAA Checkup,1,Recommended: Advanced Certification in 3DGrid HIPAA Checkup (Addresses critical gap: 3DGrid HIPAA Checkup),"NumCompaniesWorked, PercentSalaryHike, StockOptionLevel"
763,Research & Development,Research Scientist,40,2342,0.0584,LOW,100,4,2,"3D graphics software, Ada, Algorithmic software, Amazon Elastic Compute Cloud EC2",4,Recommended: Advanced Certification in 3D graphics software (Addresses critical gap: 3D graphics software),"OverTime_No, MonthlyIncome, StockOptionLevel"
764,Research & Development,Healthcare Representative,27,6811,0.1571,LOW,76,3,1,"3DGrid HIPAA Checkup, Critical Thinking, Speaking",3,Recommended: Advanced Certification in 3DGrid HIPAA Checkup (Addresses critical gap: 3DGrid HIPAA Checkup),"TotalSatisfactionScore, StockOptionLevel, NumCompaniesWorked"
766,Sales,Sales Representative,29,2297,0.1222,LOW,100,3,3,"3M Post-it App, Adobe Acrobat, Adobe Creative Cloud software, Critical Thinking, Reading Comprehension",5,Recommended: Advanced Certification in 3M Post-it App (Addresses critical gap: 3M Post-it App),"TotalWorkingYears, JobRole_Sales Representative, MonthlyIncome"
769,Research & Development,Laboratory Technician,53,2450,0.0651,LOW,100,3,3,"C++, Database software, Linux, Science",4,Recommended: Advanced Certification in C++ (Addresses critical gap: C++),"DailyRate, JobRole_Laboratory Technician, StockOptionLevel"
771,Research & Development,Healthcare Representative,35,5093,0.0411,LOW,100,3,4,"3DGrid HIPAA Checkup, Active Listening, AcuStaf, Allscripts healthcare automation software, Monitoring, Speaking",6,Recommended: Advanced Certification in 3DGrid HIPAA Checkup (Addresses critical gap: 3DGrid HIPAA Checkup),"YearsWithCurrManager, PercentSalaryHike, RelationshipSatisfaction"
772,Research & Development,Laboratory Technician,32,5309,0.1339,LOW,100,3,3,"C++, Science, Writing",3,Recommended: Advanced Certification in C++ (Addresses critical gap: C++),"DistanceFromHome, DailyRate, JobRole_Laboratory Technician"
773,Research & Development,Research Scientist,38,3057,0.2667,LOW,100,3,1,"3D graphics software, Active Listening, Advanced numerical software, Algorithmic software, Amazon DynamoDB, Critical Thinking, Reading Comprehension",7,Recommended: Advanced Certification in 3D graphics software (Addresses critical gap: 3D graphics software),"OverTime_No, DailyRate, WorkLifeBalance"
775,Research & Development,Manufacturing Director,34,5121,0.0556,LOW,89,3,3,"Active Listening, Adobe Acrobat, Monitoring, Reading Comprehension, Speaking",5,Recommended: Active Listening and High-Impact Communication for Leaders (Addresses critical gap: Active Listening),"YearsWithCurrManager, TotalSatisfactionScore, JobRole_Research Scientist"
776,Sales,Manager,52,16856,0.0906,LOW,100,3,4,Act!,1,Recommended: Advanced Certification in Act! (Addresses critical gap: Act!),"TotalSatisfactionScore, StockOptionLevel, PercentSalaryHike"
780,Research & Development,Research Scientist,33,2686,0.157,LOW,100,3,2,Amazon DynamoDB,1,Recommended: Advanced Certification in Amazon DynamoDB (Addresses critical gap: Amazon DynamoDB),"OverTime_No, YearsSinceLastPromotion, StockOptionLevel"
781,Sales,Sales Executive,25,6180,0.134,LOW,100,4,2,Adobe Creative Cloud software,1,Recommended: Advanced Certification in Adobe Creative Cloud software (Addresses critical gap: Adobe Creative Cloud software),"StockOptionLevel, DistanceFromHome, Age"
783,Sales,Sales Representative,45,6632,0.1109,LOW,100,3,3,"ACT! Premium, Active Listening, Adobe Illustrator, Writing",4,Recommended: Advanced Certification in ACT! Premium (Addresses critical gap: ACT! Premium),"JobInvolvement, StockOptionLevel, TotalSatisfactionScore"
784,Research & Development,Research Scientist,23,3505,0.1553,LOW,100,3,3,"3D graphics software, Amazon DynamoDB, Amazon Elastic Compute Cloud EC2, Critical Thinking, Mathematics",5,Recommended: Advanced Certification in 3D graphics software (Addresses critical gap: 3D graphics software),"StockOptionLevel, TotalWorkingYears, Age"
785,Sales,Sales Executive,47,6397,0.7933,HIGH,92,3,3,"Active Listening, Apple Keynote, Reading Comprehension",3,Recommended: Active Listening and High-Impact Communication for Leaders (Addresses critical gap: Active Listening),"OverTime_No, BusinessTravel_Travel_Frequently, DistanceFromHome"
786,Sales,Sales Executive,34,6274,0.0165,LOW,100,4,3,"Adobe Acrobat, Adobe Creative Cloud software, Critical Thinking",3,Recommended: Advanced Certification in Adobe Acrobat (Addresses critical gap: Adobe Acrobat),"DailyRate, StockOptionLevel, JobRole_Sales Executive"
787,Research & Development,Manager,55,19859,0.6189,HIGH,85,3,3,"Act!, Adobe Photoshop",2,Recommended: Advanced Certification in Act! (Addresses critical gap: Act!),"OverTime_No, NumCompaniesWorked, IncomePerYearAtCompany"
789,Sales,Sales Executive,36,7587,0.0868,LOW,73,3,3,"Adobe Acrobat, Airtable",2,Recommended: Advanced Certification in Adobe Acrobat (Addresses critical gap: Adobe Acrobat),"TotalSatisfactionScore, StockOptionLevel, EnvironmentSatisfaction"
791,Research & Development,Research Scientist,52,4258,0.0197,LOW,100,3,3,"3D graphics software, Ada, Advanced numerical software, Amazon DynamoDB, Reading Comprehension",5,Recommended: Advanced Certification in 3D graphics software (Addresses critical gap: 3D graphics software),"ExperienceRatio, DistanceFromHome, RelationshipSatisfaction"
792,Research & Development,Laboratory Technician,26,4364,0.1948,LOW,100,3,3,"Database software, Email software, Microsoft Access, Monitoring, Reading Comprehension, Science, Writing",7,Recommended: Advanced Certification in Database software (Addresses critical gap: Database software),"YearsWithCurrManager, BusinessTravel_Travel_Frequently, JobInvolvement"
793,Research & Development,Healthcare Representative,29,4335,0.1377,LOW,94,3,2,"3DGrid HIPAA Checkup, Active Listening, Allscripts healthcare automation software",3,Recommended: Advanced Certification in 3DGrid HIPAA Checkup (Addresses critical gap: 3DGrid HIPAA Checkup),"TotalSatisfactionScore, DistanceFromHome, ExperienceRatio"
796,Sales,Sales Executive,26,5326,0.8176,HIGH,78,3,2,"Adobe ActionScript, Apple Keynote, Monitoring",3,Recommended: Advanced Certification in Adobe ActionScript (Addresses critical gap: Adobe ActionScript),"NumCompaniesWorked, StockOptionLevel, EducationField_Technical Degree"
797,Research & Development,Research Scientist,34,3280,0.015,LOW,100,3,3,"Active Listening, Ada, Algorithmic software, Amazon Elastic Compute Cloud EC2",4,Recommended: Active Listening and High-Impact Communication for Leaders (Addresses critical gap: Active Listening),"StockOptionLevel, BusinessTravel_Non-Travel, IncomePerYearAtCompany"
799,Research & Development,Manufacturing Director,54,5485,0.2248,LOW,88,3,3,Apple Final Cut Pro,1,Recommended: Advanced Certification in Apple Final Cut Pro (Addresses critical gap: Apple Final Cut Pro),"OverTime_No, DailyRate, NumCompaniesWorked"
800,Sales,Sales Executive,27,4342,0.1447,LOW,100,3,3,"Act!, Active Listening, Adobe Acrobat, Adobe ActionScript, Speaking",5,Recommended: Advanced Certification in Act! (Addresses critical gap: Act!),"BusinessTravel_Travel_Frequently, Age, YearsWithCurrManager"
802,Research & Development,Research Scientist,37,2782,0.0414,LOW,93,3,2,"Ada, Algorithmic software, Amazon DynamoDB, Amazon Elastic Compute Cloud EC2, Critical Thinking",5,Recommended: Advanced Certification in Ada (Addresses critical gap: Ada),"OverTime_No, TotalSatisfactionScore, DailyRate"
803,Research & Development,Manufacturing Director,38,5980,0.2231,LOW,78,3,3,"Adobe Acrobat, Adobe InDesign, Critical Thinking, Speaking",4,Recommended: Advanced Certification in Adobe Acrobat (Addresses critical gap: Adobe Acrobat),"OverTime_No, StockOptionLevel, DailyRate"
804,Research & Development,Research Scientist,34,4381,0.0513,LOW,100,3,3,"Advanced numerical software, Algorithmic software",2,Recommended: Advanced Certification in Advanced numerical software (Addresses critical gap: Advanced numerical software),"StockOptionLevel, PercentSalaryHike, JobSatisfaction"
805,Sales,Sales Representative,35,2572,0.0667,LOW,100,3,2,"Active Listening, Adobe Creative Cloud software, Adobe Illustrator, Critical Thinking, Reading Comprehension",5,Recommended: Active Listening and High-Impact Communication for Leaders (Addresses critical gap: Active Listening),"TotalSatisfactionScore, DailyRate, JobRole_Sales Representative"
806,Research & Development,Laboratory Technician,30,3833,0.0817,LOW,100,4,3,"Critical Thinking, Email software, Laboratory information management system LIMS, Reading Comprehension",4,Recommended: Executive Decision Making & Critical Thinking Workshop (Addresses critical gap: Critical Thinking),"JobInvolvement, JobRole_Laboratory Technician, Age"
807,Research & Development,Healthcare Representative,40,4244,0.0361,LOW,100,4,3,"Adobe Acrobat, Speaking",2,Recommended: Advanced Certification in Adobe Acrobat (Addresses critical gap: Adobe Acrobat),"BusinessTravel_Travel_Frequently, YearsSinceLastPromotion, DailyRate"
808,Sales,Sales Executive,34,6500,0.0621,LOW,100,3,3,"Act!, Adobe Acrobat, Adobe ActionScript, Speaking",4,Recommended: Advanced Certification in Act! (Addresses critical gap: Act!),"NumCompaniesWorked, TotalSatisfactionScore, Department_Research & Development"
809,Research & Development,Manager,42,18430,0.0214,LOW,100,3,2,"ActionWare, Active Listening",2,Recommended: Advanced Certification in ActionWare (Addresses critical gap: ActionWare),"BusinessTravel_Travel_Frequently, YearsSinceLastPromotion, DailyRate"
811,Research & Development,Laboratory Technician,23,1601,0.9478,HIGH,82,4,3,"Critical Thinking, Database software, Email software, Reading Comprehension, Writing",5,Recommended: Executive Decision Making & Critical Thinking Workshop (Addresses critical gap: Critical Thinking),"MonthlyIncome, OverTime_No, YearsWithCurrManager"
812,Research & Development,Laboratory Technician,24,2694,0.227,LOW,100,3,3,"Database software, Email software, Laboratory information management system LIMS, Linux, Microsoft Access, Monitoring",6,Recommended: Advanced Certification in Database software (Addresses critical gap: Database software),"YearsWithCurrManager, TotalWorkingYears, Age"
813,Research & Development,Laboratory Technician,52,3149,0.147,LOW,100,4,3,"Critical Thinking, Laboratory information management system LIMS, Science",3,Recommended: Executive Decision Making & Critical Thinking Workshop (Addresses critical gap: Critical Thinking),"NumCompaniesWorked, DistanceFromHome, JobRole_Laboratory Technician"
815,Research & Development,Research Director,50,17639,0.0084,LOW,100,3,3,"Adobe Acrobat, Clinical trial management software, Science",3,Recommended: Advanced Certification in Adobe Acrobat (Addresses critical gap: Adobe Acrobat),"NumCompaniesWorked, StockOptionLevel, Gender_Female"
816,Research & Development,Laboratory Technician,29,2319,0.9563,HIGH,74,3,3,"C++, Email software, Reading Comprehension, Science, Writing",5,Recommended: Advanced Certification in C++ (Addresses critical gap: C++),"OverTime_No, MonthlyIncome, YearsWithCurrManager"
817,Research & Development,Research Director,33,11691,0.0544,LOW,100,3,4,"ESRI ArcGIS software, IBM Lotus 1-2-3, Science",3,Recommended: Advanced Certification in ESRI ArcGIS software (Addresses critical gap: ESRI ArcGIS software),"MonthlyRate, PercentSalaryHike, StockOptionLevel"
819,Sales,Sales Executive,33,5324,0.8381,HIGH,63,3,3,"Active Listening, Airtable, Monitoring, Reading Comprehension, Speaking",5,Recommended: Active Listening and High-Impact Communication for Leaders (Addresses critical gap: Active Listening),"NumCompaniesWorked, TotalSatisfactionScore, StockOptionLevel"
820,Research & Development,Manager,47,16752,0.0104,LOW,100,3,2,"Act!, Adobe Photoshop",2,Recommended: Advanced Certification in Act! (Addresses critical gap: Act!),"OverTime_No, PercentSalaryHike, JobRole_Research Scientist"
823,Research & Development,Manufacturing Director,36,5228,0.0175,LOW,100,3,3,"Active Listening, Adobe After Effects",2,Recommended: Active Listening and High-Impact Communication for Leaders (Addresses critical gap: Active Listening),"TotalSatisfactionScore, RelationshipSatisfaction, YearsInCurrentRole"
824,Research & Development,Research Scientist,29,2700,0.0144,LOW,100,4,3,Reading Comprehension,1,Recommended: Information Synthesis and Rapid Document Analysis (Addresses critical gap: Reading Comprehension),"DistanceFromHome, ExperienceRatio, Age"
825,Research & Development,Research Director,58,19246,0.8887,HIGH,100,3,3,"Active Listening, Graphics software",2,Recommended: Active Listening and High-Impact Communication for Leaders (Addresses critical gap: Active Listening),"OverTime_No, NumCompaniesWorked, DailyRate"
826,Research & Development,Research Scientist,35,2506,0.0196,LOW,100,3,3,"Active Listening, Advanced numerical software, Algorithmic software, Amazon DynamoDB, Amazon Elastic Compute Cloud EC2, Mathematics",6,Recommended: Active Listening and High-Impact Communication for Leaders (Addresses critical gap: Active Listening),"StockOptionLevel, MonthlyIncome, MonthlyRate"
827,Research & Development,Manufacturing Director,42,6062,0.012,LOW,100,3,3,"ABB Optimize IT Predict & Control, Adobe Acrobat, Adobe After Effects",3,Recommended: Advanced Certification in ABB Optimize IT Predict & Control (Addresses critical gap: ABB Optimize IT Predict & Control),"OverTime_No, NumCompaniesWorked, JobRole_Research Scientist"
828,Research & Development,Research Scientist,28,4382,0.5904,MEDIUM,98,3,2,"Active Listening, Algorithmic software, Amazon Elastic Compute Cloud EC2, Critical Thinking",4,Recommended: Active Listening and High-Impact Communication for Leaders (Addresses critical gap: Active Listening),"NumCompaniesWorked, StockOptionLevel, Age"
829,Human Resources,Human Resources,36,2143,0.0818,LOW,100,3,3,"Adobe Acrobat, Adobe Creative Cloud software, Adobe Illustrator, Reading Comprehension",4,Recommended: Advanced Certification in Adobe Acrobat (Addresses critical gap: Adobe Acrobat),"MonthlyIncome, DistanceFromHome, NumCompaniesWorked"
830,Research & Development,Manufacturing Director,32,6162,0.0456,LOW,100,3,3,Speaking,1,Recommended: Advanced Executive Presentation and Persuasive Speaking (Addresses critical gap: Speaking),"YearsSinceLastPromotion, DailyRate, ExperienceRatio"
832,Research & Development,Laboratory Technician,40,5094,0.3053,MEDIUM,100,3,3,"C++, Database software, Microsoft Access, Reading Comprehension, Science",5,Recommended: Advanced Certification in C++ (Addresses critical gap: C++),"YearsWithCurrManager, BusinessTravel_Travel_Frequently, EnvironmentSatisfaction"
833,Research & Development,Manufacturing Director,30,6877,0.3307,MEDIUM,100,4,2,"Active Listening, Adobe After Effects, Apple Final Cut Pro, Critical Thinking, Speaking",5,Recommended: Active Listening and High-Impact Communication for Leaders (Addresses critical gap: Active Listening),"OverTime_No, YearsWithCurrManager, Age"
834,Research & Development,Research Scientist,45,2274,0.1011,LOW,100,3,3,"Active Listening, Ada, Amazon DynamoDB, Critical Thinking",4,Recommended: Active Listening and High-Impact Communication for Leaders (Addresses critical gap: Active Listening),"YearsWithCurrManager, MonthlyIncome, DailyRate"
836,Research & Development,Manufacturing Director,42,4434,0.0329,LOW,97,3,2,"Adobe Acrobat, Adobe After Effects, Monitoring",3,Recommended: Advanced Certification in Adobe Acrobat (Addresses critical gap: Adobe Acrobat),"DistanceFromHome, YearsSinceLastPromotion, JobRole_Research Scientist"
837,Research & Development,Healthcare Representative,38,6288,0.1763,LOW,79,3,2,"Alteer Office, Speaking",2,Recommended: Advanced Certification in Alteer Office (Addresses critical gap: Alteer Office),"BusinessTravel_Travel_Frequently, TotalSatisfactionScore, EnvironmentSatisfaction"
838,Research & Development,Research Scientist,34,2553,0.0454,LOW,100,3,3,"3D graphics software, Active Learning, Ada, Algorithmic software, Mathematics",5,Recommended: Advanced Certification in 3D graphics software (Addresses critical gap: 3D graphics software),"BusinessTravel_Travel_Frequently, StockOptionLevel, DistanceFromHome"
840,Sales,Sales Executive,49,7654,0.7692,HIGH,100,3,4,"Adobe Acrobat, Adobe ActionScript, Monitoring",3,Recommended: Advanced Certification in Adobe Acrobat (Addresses critical gap: Adobe Acrobat),"ExperienceRatio, DistanceFromHome, WorkLifeBalance"
842,Sales,Sales Executive,55,5160,0.7275,HIGH,98,3,2,"Active Listening, Reading Comprehension",2,Recommended: Active Listening and High-Impact Communication for Leaders (Addresses critical gap: Active Listening),"YearsSinceLastPromotion, DailyRate, StockOptionLevel"
843,Research & Development,Research Director,43,17159,0.0231,LOW,95,4,3,Active Listening,1,Recommended: Active Listening and High-Impact Communication for Leaders (Addresses critical gap: Active Listening),"YearsWithCurrManager, TotalSatisfactionScore, NumCompaniesWorked"
844,Research & Development,Research Director,27,12808,0.0293,LOW,100,3,3,"Active Listening, Adobe Photoshop, Science",3,Recommended: Active Listening and High-Impact Communication for Leaders (Addresses critical gap: Active Listening),"OverTime_No, DailyRate, Age"
845,Research & Development,Manufacturing Director,35,10221,0.0297,LOW,100,4,4,"Active Listening, Adobe Acrobat, Critical Thinking",3,Recommended: Active Listening and High-Impact Communication for Leaders (Addresses critical gap: Active Listening),"StockOptionLevel, WorkLifeBalance, JobRole_Research Scientist"
846,Sales,Sales Executive,28,4779,0.5666,MEDIUM,91,4,3,Reading Comprehension,1,Recommended: Information Synthesis and Rapid Document Analysis (Addresses critical gap: Reading Comprehension),"OverTime_No, TotalSatisfactionScore, StockOptionLevel"
847,Human Resources,Human Resources,34,3737,0.0492,LOW,100,3,1,"Adobe Acrobat, Adobe Creative Cloud software, Adobe Human Capital Application Solution Accelerator, Adobe Illustrator, Reading Comprehension",5,Recommended: Advanced Certification in Adobe Acrobat (Addresses critical gap: Adobe Acrobat),"WorkLifeBalance, DailyRate, MonthlyIncome"
848,Research & Development,Research Scientist,26,2366,0.8815,HIGH,100,3,3,Active Listening,1,Recommended: Active Listening and High-Impact Communication for Leaders (Addresses critical gap: Active Listening),"OverTime_No, MonthlyIncome, BusinessTravel_Travel_Frequently"
850,Research & Development,Research Scientist,27,1706,0.0396,LOW,100,3,2,"Active Listening, Ada, Algorithmic software, Amazon DynamoDB, Critical Thinking, Mathematics",6,Recommended: Active Listening and High-Impact Communication for Leaders (Addresses critical gap: Active Listening),"MonthlyIncome, YearsWithCurrManager, Age"
851,Sales,Manager,51,16307,0.0762,LOW,95,3,2,"Adobe Creative Cloud software, Critical Thinking, Speaking",3,Recommended: Advanced Certification in Adobe Creative Cloud software (Addresses critical gap: Adobe Creative Cloud software),"DistanceFromHome, EnvironmentSatisfaction, TotalSatisfactionScore"
852,Research & Development,Healthcare Representative,44,5933,0.0522,LOW,100,3,2,"3DGrid HIPAA Checkup, Alteer Office, American Medical Association CodeManager",3,Recommended: Advanced Certification in 3DGrid HIPAA Checkup (Addresses critical gap: 3DGrid HIPAA Checkup),"NumCompaniesWorked, StockOptionLevel, Gender_Female"
854,Research & Development,Research Scientist,25,3424,0.5574,MEDIUM,72,3,2,"Active Learning, Advanced numerical software, Amazon Elastic Compute Cloud EC2",3,Recommended: Advanced Certification in Active Learning (Addresses critical gap: Active Learning),"StockOptionLevel, NumCompaniesWorked, TotalSatisfactionScore"
855,Sales,Sales Executive,33,4037,0.05,LOW,71,4,3,"Adobe Creative Cloud software, Airtable",2,Recommended: Advanced Certification in Adobe Creative Cloud software (Addresses critical gap: Adobe Creative Cloud software),"TotalSatisfactionScore, EnvironmentSatisfaction, RelationshipSatisfaction"
856,Research & Development,Research Scientist,35,2559,0.0916,LOW,87,3,2,"3D graphics software, Active Learning, Advanced numerical software, Critical Thinking",4,Recommended: Advanced Certification in 3D graphics software (Addresses critical gap: 3D graphics software),"StockOptionLevel, DistanceFromHome, PercentSalaryHike"
857,Sales,Sales Executive,36,6201,0.0238,LOW,100,3,2,"Active Listening, Adobe Acrobat",2,Recommended: Active Listening and High-Impact Communication for Leaders (Addresses critical gap: Active Listening),"OverTime_No, JobRole_Sales Executive, YearsSinceLastPromotion"
859,Sales,Sales Executive,32,4403,0.0874,LOW,100,3,2,"Adobe Acrobat, Adobe ActionScript, Airtable",3,Recommended: Advanced Certification in Adobe Acrobat (Addresses critical gap: Adobe Acrobat),"PercentSalaryHike, DistanceFromHome, JobRole_Research Scientist"
861,Research & Development,Research Scientist,30,3761,0.1084,LOW,100,3,2,"Amazon Elastic Compute Cloud EC2, Mathematics",2,Recommended: Advanced Certification in Amazon Elastic Compute Cloud EC2 (Addresses critical gap: Amazon Elastic Compute Cloud EC2),"BusinessTravel_Travel_Frequently, NumCompaniesWorked, Age"
862,Sales,Sales Executive,53,10934,0.1834,LOW,100,3,3,"Act!, Adobe ActionScript, Apple Keynote",3,Recommended: Advanced Certification in Act! (Addresses critical gap: Act!),"OverTime_No, NumCompaniesWorked, EnvironmentSatisfaction"
864,Sales,Sales Executive,45,10761,0.117,LOW,100,3,3,"Adobe Acrobat, Adobe Creative Cloud software, Speaking",3,Recommended: Advanced Certification in Adobe Acrobat (Addresses critical gap: Adobe Acrobat),"OverTime_No, JobRole_Sales Executive, JobRole_Research Scientist"
865,Research & Development,Research Scientist,32,5175,0.0428,LOW,100,3,2,"Amazon DynamoDB, Critical Thinking",2,Recommended: Advanced Certification in Amazon DynamoDB (Addresses critical gap: Amazon DynamoDB),"NumCompaniesWorked, Age, DailyRate"
867,Research & Development,Manufacturing Director,52,13826,0.0101,LOW,100,4,3,"ABB Optimize IT Predict & Control, Adobe After Effects",2,Recommended: Advanced Certification in ABB Optimize IT Predict & Control (Addresses critical gap: ABB Optimize IT Predict & Control),"DistanceFromHome, DailyRate, YearsWithCurrManager"
868,Sales,Sales Executive,37,6334,0.0763,LOW,100,3,3,"Adobe Creative Cloud software, Critical Thinking, Monitoring, Reading Comprehension",4,Recommended: Advanced Certification in Adobe Creative Cloud software (Addresses critical gap: Adobe Creative Cloud software),"YearsWithCurrManager, DailyRate, DistanceFromHome"
869,Human Resources,Human Resources,28,4936,0.0284,LOW,100,3,3,"Adobe Acrobat, Adobe Dreamweaver, Adobe InDesign",3,Recommended: Advanced Certification in Adobe Acrobat (Addresses critical gap: Adobe Acrobat),"Age, MonthlyRate, Department_Research & Development"
872,Research & Development,Manufacturing Director,22,4775,0.071,LOW,100,4,1,"Adobe Acrobat, Apple Final Cut Pro, Reading Comprehension",3,Recommended: Advanced Certification in Adobe Acrobat (Addresses critical gap: Adobe Acrobat),"Age, NumCompaniesWorked, RelationshipSatisfaction"
874,Research & Development,Laboratory Technician,44,2818,0.1722,LOW,100,4,2,"Critical Thinking, Linux, Monitoring, Reading Comprehension, Science",5,Recommended: Executive Decision Making & Critical Thinking Workshop (Addresses critical gap: Critical Thinking),"OverTime_No, JobRole_Laboratory Technician, TotalSatisfactionScore"
875,Research & Development,Research Scientist,42,2515,0.1435,LOW,100,3,3,"3D graphics software, Active Learning, Amazon DynamoDB, Critical Thinking, Mathematics",5,Recommended: Advanced Certification in 3D graphics software (Addresses critical gap: 3D graphics software),"OverTime_No, StockOptionLevel, NumCompaniesWorked"
878,Human Resources,Human Resources,36,2342,0.1444,LOW,78,4,3,"Adobe Creative Cloud software, Adobe Illustrator, Adobe InDesign, Critical Thinking, Speaking, Writing",6,Recommended: Advanced Certification in Adobe Creative Cloud software (Addresses critical gap: Adobe Creative Cloud software),"TotalSatisfactionScore, StockOptionLevel, JobSatisfaction"
879,Sales,Sales Executive,25,4194,0.148,LOW,96,3,3,"Adobe Acrobat, Airtable, Monitoring",3,Recommended: Advanced Certification in Adobe Acrobat (Addresses critical gap: Adobe Acrobat),"OverTime_No, Age, StockOptionLevel"
880,Research & Development,Manufacturing Director,35,10685,0.0586,LOW,100,4,3,"Critical Thinking, Monitoring",2,Recommended: Executive Decision Making & Critical Thinking Workshop (Addresses critical gap: Critical Thinking),"OverTime_No, DailyRate, YearsSinceLastPromotion"
881,Research & Development,Research Scientist,35,2022,0.9468,HIGH,85,3,2,Algorithmic software,1,Recommended: Advanced Certification in Algorithmic software (Addresses critical gap: Algorithmic software),"MonthlyIncome, OverTime_No, BusinessTravel_Travel_Frequently"
882,Research & Development,Laboratory Technician,32,2314,0.0106,LOW,100,3,3,"Database software, Microsoft Access, Reading Comprehension, Science",4,Recommended: Advanced Certification in Database software (Addresses critical gap: Database software),"DailyRate, MonthlyIncome, JobRole_Laboratory Technician"
885,Sales,Sales Executive,25,4256,0.1746,LOW,90,3,4,"Active Listening, Apple Keynote, Monitoring",3,Recommended: Active Listening and High-Impact Communication for Leaders (Addresses critical gap: Active Listening),"StockOptionLevel, TotalSatisfactionScore, Age"
887,Research & Development,Research Scientist,49,3580,0.0229,LOW,85,3,3,"3D graphics software, Active Learning, Amazon DynamoDB, Critical Thinking, Reading Comprehension",5,Recommended: Advanced Certification in 3D graphics software (Addresses critical gap: 3D graphics software),"TotalSatisfactionScore, EducationField_Technical Degree, IncomePerYearAtCompany"
888,Research & Development,Laboratory Technician,24,3162,0.0351,LOW,100,3,2,"Email software, Linux, Microsoft Access, Science",4,Recommended: Advanced Certification in Email software (Addresses critical gap: Email software),"StockOptionLevel, Age, JobRole_Laboratory Technician"
889,Sales,Sales Executive,32,6524,0.1789,LOW,100,3,3,"Adobe Creative Cloud software, Monitoring, Reading Comprehension",3,Recommended: Advanced Certification in Adobe Creative Cloud software (Addresses critical gap: Adobe Creative Cloud software),"DailyRate, BusinessTravel_Travel_Frequently, ExperienceRatio"
893,Sales,Sales Representative,38,2899,0.2179,LOW,100,3,3,"Active Listening, Adobe Acrobat, Adobe Dreamweaver, Adobe Illustrator, Speaking",5,Recommended: Active Listening and High-Impact Communication for Leaders (Addresses critical gap: Active Listening),"DailyRate, DistanceFromHome, JobRole_Sales Representative"
894,Research & Development,Laboratory Technician,42,5231,0.0262,LOW,100,3,2,"Critical Thinking, Science, Writing",3,Recommended: Executive Decision Making & Critical Thinking Workshop (Addresses critical gap: Critical Thinking),"OverTime_No, JobRole_Laboratory Technician, JobRole_Research Scientist"
895,Research & Development,Research Scientist,31,2356,0.0515,LOW,100,3,3,"Ada, Mathematics, Reading Comprehension",3,Recommended: Advanced Certification in Ada (Addresses critical gap: Ada),"OverTime_No, MonthlyIncome, JobLevel"
896,Sales,Sales Representative,29,2800,0.694,HIGH,96,3,3,"Critical Thinking, Speaking, Writing",3,Recommended: Executive Decision Making & Critical Thinking Workshop (Addresses critical gap: Critical Thinking),"OverTime_No, Age, DailyRate"
897,Sales,Sales Executive,53,11836,0.0404,LOW,100,3,3,Speaking,1,Recommended: Advanced Executive Presentation and Persuasive Speaking (Addresses critical gap: Speaking),"NumCompaniesWorked, JobRole_Sales Executive, Department_Research & Development"
899,Research & Development,Manufacturing Director,35,10903,0.055,LOW,100,3,3,"ABB Optimize IT Predict & Control, Active Listening, Adobe After Effects",3,Recommended: Advanced Certification in ABB Optimize IT Predict & Control (Addresses critical gap: ABB Optimize IT Predict & Control),"StockOptionLevel, DistanceFromHome, RelationshipSatisfaction"
900,Sales,Sales Representative,37,2973,0.0947,LOW,100,3,3,"3M Post-it App, ACT! Premium, Adobe Acrobat, Adobe Illustrator",4,Recommended: Advanced Certification in 3M Post-it App (Addresses critical gap: 3M Post-it App),"NumCompaniesWorked, YearsWithCurrManager, DistanceFromHome"
901,Research & Development,Research Director,53,14275,0.0362,LOW,100,3,3,"Active Listening, ESRI ArcGIS software, Graphics software",3,Recommended: Active Listening and High-Impact Communication for Leaders (Addresses critical gap: Active Listening),"YearsSinceLastPromotion, DistanceFromHome, NumCompaniesWorked"
902,Research & Development,Healthcare Representative,43,5562,0.0481,LOW,100,3,2,"Alteer Office, Critical Thinking",2,Recommended: Advanced Certification in Alteer Office (Addresses critical gap: Alteer Office),"BusinessTravel_Travel_Frequently, DailyRate, JobRole_Research Scientist"
903,Sales,Sales Executive,47,4537,0.1135,LOW,100,4,3,"Active Listening, Adobe ActionScript, Reading Comprehension",3,Recommended: Active Listening and High-Impact Communication for Leaders (Addresses critical gap: Active Listening),"OverTime_No, YearsSinceLastPromotion, JobRole_Sales Executive"
904,Sales,Sales Executive,37,7642,0.2597,LOW,96,3,3,Speaking,1,Recommended: Advanced Executive Presentation and Persuasive Speaking (Addresses critical gap: Speaking),"OverTime_No, StockOptionLevel, DistanceFromHome"
905,Research & Development,Manager,50,17924,0.0548,LOW,79,3,3,"ADP Workforce Now, Act!, Monitoring, Reading Comprehension",4,Recommended: Advanced Certification in ADP Workforce Now (Addresses critical gap: ADP Workforce Now),"PercentSalaryHike, YearsSinceLastPromotion, TotalSatisfactionScore"
909,Human Resources,Human Resources,39,5204,0.0254,LOW,100,3,3,Adobe Acrobat,1,Recommended: Advanced Certification in Adobe Acrobat (Addresses critical gap: Adobe Acrobat),"NumCompaniesWorked, PercentSalaryHike, Department_Research & Development"
910,Human Resources,Human Resources,33,2277,0.3356,MEDIUM,100,3,4,"Adobe Creative Cloud software, Adobe InDesign, Writing",3,Recommended: Advanced Certification in Adobe Creative Cloud software (Addresses critical gap: Adobe Creative Cloud software),"OverTime_No, MonthlyIncome, PercentSalaryHike"
911,Research & Development,Laboratory Technician,32,2795,0.9875,HIGH,81,4,1,"C++, Critical Thinking, Email software, Laboratory information management system LIMS, Microsoft Access, Monitoring, Reading Comprehension",7,Recommended: Advanced Certification in C++ (Addresses critical gap: C++),"OverTime_No, DistanceFromHome, TotalSatisfactionScore"
912,Research & Development,Laboratory Technician,29,2532,0.1456,LOW,100,3,3,"C++, Critical Thinking, Database software",3,Recommended: Advanced Certification in C++ (Addresses critical gap: C++),"NumCompaniesWorked, Age, JobRole_Laboratory Technician"
913,Research & Development,Research Scientist,44,2559,0.3928,MEDIUM,94,3,3,Active Learning,1,Recommended: Advanced Certification in Active Learning (Addresses critical gap: Active Learning),"OverTime_No, StockOptionLevel, YearsSinceLastPromotion"
916,Sales,Sales Executive,28,4908,0.0558,LOW,100,3,3,Critical Thinking,1,Recommended: Executive Decision Making & Critical Thinking Workshop (Addresses critical gap: Critical Thinking),"StockOptionLevel, Age, EnvironmentSatisfaction"
918,Research & Development,Laboratory Technician,58,2380,0.9382,HIGH,100,3,2,"Critical Thinking, Email software, Laboratory information management system LIMS, Linux, Microsoft Access, Reading Comprehension",6,Recommended: Executive Decision Making & Critical Thinking Workshop (Addresses critical gap: Critical Thinking),"OverTime_No, MonthlyIncome, YearsWithCurrManager"
920,Research & Development,Manufacturing Director,43,4765,0.2144,LOW,99,4,4,"ABB Optimize IT Predict & Control, Active Listening, Adobe After Effects",3,Recommended: Advanced Certification in ABB Optimize IT Predict & Control (Addresses critical gap: ABB Optimize IT Predict & Control),"YearsWithCurrManager, EnvironmentSatisfaction, WorkLifeBalance"
922,Sales,Sales Representative,20,2044,0.724,HIGH,100,3,2,"ACT! Premium, Adobe Acrobat, Adobe Dreamweaver",3,Recommended: Advanced Certification in ACT! Premium (Addresses critical gap: ACT! Premium),"MonthlyIncome, TotalWorkingYears, Age"
923,Research & Development,Research Scientist,21,2693,0.1712,LOW,100,3,2,"3D graphics software, Active Learning, Amazon DynamoDB, Reading Comprehension",4,Recommended: Advanced Certification in 3D graphics software (Addresses critical gap: 3D graphics software),"StockOptionLevel, YearsWithCurrManager, TotalWorkingYears"
924,Research & Development,Healthcare Representative,36,6586,0.0427,LOW,100,3,2,"AcuStaf, Adobe Acrobat, Allscripts healthcare automation software",3,Recommended: Advanced Certification in AcuStaf (Addresses critical gap: AcuStaf),"OverTime_No, RelationshipSatisfaction, DistanceFromHome"
925,Sales,Sales Representative,47,3294,0.4986,MEDIUM,100,3,2,"ACT! Premium, Adobe Creative Cloud software, Adobe Illustrator, Critical Thinking, Reading Comprehension, Speaking",6,Recommended: Advanced Certification in ACT! Premium (Addresses critical gap: ACT! Premium),"OverTime_No, StockOptionLevel, JobLevel"
926,Research & Development,Manufacturing Director,22,4171,0.7214,HIGH,96,3,4,"Adobe Acrobat, Adobe After Effects, Critical Thinking, Monitoring, Reading Comprehension",5,Recommended: Advanced Certification in Adobe Acrobat (Addresses critical gap: Adobe Acrobat),"OverTime_No, Age, TotalSatisfactionScore"
927,Research & Development,Laboratory Technician,41,2778,0.893,HIGH,100,3,2,"C++, Critical Thinking, Microsoft Access",3,Recommended: Advanced Certification in C++ (Addresses critical gap: C++),"JobInvolvement, OverTime_No, YearsWithCurrManager"
930,Research & Development,Research Scientist,28,2377,0.183,LOW,100,3,3,"Active Learning, Active Listening, Amazon Elastic Compute Cloud EC2, Critical Thinking",4,Recommended: Advanced Certification in Active Learning (Addresses critical gap: Active Learning),"NumCompaniesWorked, MonthlyIncome, Age"
932,Research & Development,Laboratory Technician,39,2404,0.9326,HIGH,79,4,1,"Database software, Linux, Microsoft Access, Reading Comprehension",4,Recommended: Advanced Certification in Database software (Addresses critical gap: Database software),"OverTime_No, MonthlyIncome, WorkLifeBalance"
933,Research & Development,Research Scientist,27,2318,0.2441,LOW,100,3,3,"3D graphics software, Ada, Algorithmic software, Amazon DynamoDB, Amazon Elastic Compute Cloud EC2, Critical Thinking, Mathematics",7,Recommended: Advanced Certification in 3D graphics software (Addresses critical gap: 3D graphics software),"YearsWithCurrManager, MonthlyIncome, Age"
934,Research & Development,Laboratory Technician,34,2008,0.4727,MEDIUM,85,3,3,"Critical Thinking, Linux, Microsoft Access, Reading Comprehension",4,Recommended: Executive Decision Making & Critical Thinking Workshop (Addresses critical gap: Critical Thinking),"MonthlyIncome, YearsWithCurrManager, TotalWorkingYears"
936,Sales,Sales Executive,42,6244,0.1424,LOW,100,3,3,"Adobe Acrobat, Critical Thinking",2,Recommended: Advanced Certification in Adobe Acrobat (Addresses critical gap: Adobe Acrobat),"DistanceFromHome, NumCompaniesWorked, TotalSatisfactionScore"
939,Research & Development,Research Scientist,33,2799,0.4419,MEDIUM,89,3,3,"Active Listening, Amazon DynamoDB, Amazon Elastic Compute Cloud EC2, Mathematics",4,Recommended: Active Listening and High-Impact Communication for Leaders (Addresses critical gap: Active Listening),"OverTime_No, TotalSatisfactionScore, StockOptionLevel"
940,Research & Development,Healthcare Representative,58,10552,0.0286,LOW,100,3,3,Adobe Acrobat,1,Recommended: Advanced Certification in Adobe Acrobat (Addresses critical gap: Adobe Acrobat),"OverTime_No, HourlyRate, JobRole_Research Scientist"
941,Sales,Sales Representative,31,2329,0.1172,LOW,100,3,4,"ACT! Premium, Active Listening, Adobe Acrobat, Adobe Illustrator, Writing",5,Recommended: Advanced Certification in ACT! Premium (Addresses critical gap: ACT! Premium),"MonthlyIncome, StockOptionLevel, JobRole_Sales Representative"
942,Research & Development,Healthcare Representative,35,4014,0.0247,LOW,100,4,1,"Alteer Office, Critical Thinking, Reading Comprehension",3,Recommended: Advanced Certification in Alteer Office (Addresses critical gap: Alteer Office),"OverTime_No, WorkLifeBalance, DistanceFromHome"
944,Research & Development,Laboratory Technician,49,7403,0.0681,LOW,91,3,2,Monitoring,1,Recommended: Performance Monitoring and KPI Management Masterclass (Addresses critical gap: Monitoring),"TotalSatisfactionScore, PercentSalaryHike, EnvironmentSatisfaction"
945,Research & Development,Research Scientist,48,2259,0.0333,LOW,100,3,2,"3D graphics software, Active Learning, Active Listening, Ada, Advanced numerical software, Algorithmic software, Mathematics",7,Recommended: Advanced Certification in 3D graphics software (Addresses critical gap: 3D graphics software),"YearsWithCurrManager, MonthlyIncome, DistanceFromHome"
947,Sales,Sales Executive,31,6932,0.0224,LOW,100,3,2,"Act!, Apple Keynote, Critical Thinking, Speaking",4,Recommended: Advanced Certification in Act! (Addresses critical gap: Act!),"YearsWithCurrManager, DistanceFromHome, EducationField_Marketing"
949,Research & Development,Research Scientist,36,4678,0.0127,LOW,100,3,3,"Active Listening, Ada, Algorithmic software, Amazon Elastic Compute Cloud EC2, Critical Thinking",5,Recommended: Active Listening and High-Impact Communication for Leaders (Addresses critical gap: Active Listening),"StockOptionLevel, ExperienceRatio, MonthlyRate"
950,Research & Development,Research Director,38,13582,0.0028,LOW,93,3,3,IBM Lotus 1-2-3,1,Recommended: Advanced Certification in IBM Lotus 1-2-3 (Addresses critical gap: IBM Lotus 1-2-3),"JobSatisfaction, ExperienceRatio, JobRole_Research Scientist"
951,Research & Development,Laboratory Technician,32,2332,0.053,LOW,100,4,3,"Critical Thinking, Email software, Linux, Monitoring, Writing",5,Recommended: Executive Decision Making & Critical Thinking Workshop (Addresses critical gap: Critical Thinking),"NumCompaniesWorked, MonthlyIncome, StockOptionLevel"
952,Sales,Sales Representative,25,2413,0.975,HIGH,95,3,3,"3M Post-it App, ACT! Premium, Adobe Dreamweaver, Speaking",4,Recommended: Advanced Certification in 3M Post-it App (Addresses critical gap: 3M Post-it App),"OverTime_No, MonthlyIncome, YearsWithCurrManager"
954,Sales,Sales Executive,40,9705,0.6358,HIGH,71,3,2,"Active Listening, Adobe Acrobat, Monitoring",3,Recommended: Active Listening and High-Impact Communication for Leaders (Addresses critical gap: Active Listening),"YearsWithCurrManager, TotalSatisfactionScore, EnvironmentSatisfaction"
956,Sales,Sales Executive,26,4294,0.3048,MEDIUM,95,3,3,Airtable,1,Recommended: Advanced Certification in Airtable (Addresses critical gap: Airtable),"BusinessTravel_Travel_Frequently, StockOptionLevel, TotalSatisfactionScore"
957,Research & Development,Laboratory Technician,41,4721,0.1602,LOW,100,3,3,"Critical Thinking, Database software, Laboratory information management system LIMS, Writing",4,Recommended: Executive Decision Making & Critical Thinking Workshop (Addresses critical gap: Critical Thinking),"OverTime_No, DailyRate, StockOptionLevel"
958,Research & Development,Laboratory Technician,36,2519,0.0613,LOW,100,4,3,"C++, Database software, Monitoring",3,Recommended: Advanced Certification in C++ (Addresses critical gap: C++),"JobRole_Laboratory Technician, MonthlyIncome, ExperienceRatio"
959,Sales,Sales Representative,19,2121,0.9745,HIGH,100,3,4,"ACT! Premium, Adobe Acrobat, Adobe Creative Cloud software, Critical Thinking, Reading Comprehension, Speaking",6,Recommended: Advanced Certification in ACT! Premium (Addresses critical gap: ACT! Premium),"OverTime_No, MonthlyIncome, YearsWithCurrManager"
960,Research & Development,Laboratory Technician,20,2973,0.9158,HIGH,62,3,3,"C++, Critical Thinking, Database software, Laboratory information management system LIMS, Linux, Monitoring, Writing",7,Recommended: Advanced Certification in C++ (Addresses critical gap: C++),"YearsWithCurrManager, TotalWorkingYears, TotalSatisfactionScore"
961,Research & Development,Healthcare Representative,31,5855,0.0836,LOW,100,3,1,Alteer Office,1,Recommended: Advanced Certification in Alteer Office (Addresses critical gap: Alteer Office),"OverTime_No, PercentSalaryHike, DailyRate"
964,Research & Development,Research Scientist,40,3617,0.0522,LOW,100,3,3,"Active Learning, Algorithmic software, Amazon Elastic Compute Cloud EC2, Mathematics",4,Recommended: Advanced Certification in Active Learning (Addresses critical gap: Active Learning),"OverTime_No, NumCompaniesWorked, BusinessTravel_Travel_Frequently"
966,Research & Development,Manufacturing Director,32,6725,0.05,LOW,100,3,4,"ABB Optimize IT Predict & Control, Adobe After Effects",2,Recommended: Advanced Certification in ABB Optimize IT Predict & Control (Addresses critical gap: ABB Optimize IT Predict & Control),"YearsSinceLastPromotion, JobSatisfaction, WorkLifeBalance"
967,Sales,Sales Executive,36,10325,0.7183,HIGH,100,3,3,"Monitoring, Reading Comprehension",2,Recommended: Performance Monitoring and KPI Management Masterclass (Addresses critical gap: Monitoring),"OverTime_No, PercentSalaryHike, ExperienceRatio"
969,Research & Development,Healthcare Representative,33,6949,0.038,LOW,100,3,3,AcuStaf,1,Recommended: Advanced Certification in AcuStaf (Addresses critical gap: AcuStaf),"StockOptionLevel, RelationshipSatisfaction, PromotionLagRatio"
970,Sales,Sales Executive,37,10609,0.916,HIGH,67,3,1,"Adobe Creative Cloud software, Monitoring, Speaking",3,Recommended: Advanced Certification in Adobe Creative Cloud software (Addresses critical gap: Adobe Creative Cloud software),"TotalSatisfactionScore, WorkLifeBalance, NumCompaniesWorked"
972,Research & Development,Laboratory Technician,45,4447,0.0405,LOW,95,3,2,"C++, Laboratory information management system LIMS",2,Recommended: Advanced Certification in C++ (Addresses critical gap: C++),"TotalSatisfactionScore, StockOptionLevel, JobRole_Laboratory Technician"
974,Sales,Sales Representative,29,2157,0.2846,LOW,100,3,3,"3M Post-it App, ACT! Premium, Critical Thinking",3,Recommended: Advanced Certification in 3M Post-it App (Addresses critical gap: 3M Post-it App),"BusinessTravel_Travel_Frequently, MonthlyIncome, Age"
975,Sales,Sales Executive,35,4601,0.1061,LOW,100,3,3,Adobe ActionScript,1,Recommended: Advanced Certification in Adobe ActionScript (Addresses critical gap: Adobe ActionScript),"YearsWithCurrManager, StockOptionLevel, DistanceFromHome"
976,Research & Development,Manager,52,17099,0.0077,LOW,100,3,2,"Active Listening, Monitoring, Reading Comprehension, Speaking",4,Recommended: Active Listening and High-Impact Communication for Leaders (Addresses critical gap: Active Listening),"YearsSinceLastPromotion, JobRole_Research Scientist, Gender_Female"
977,Research & Development,Research Scientist,58,2479,0.1646,LOW,100,4,3,"3D graphics software, Active Learning, Active Listening, Advanced numerical software, Amazon Elastic Compute Cloud EC2",5,Recommended: Advanced Certification in 3D graphics software (Addresses critical gap: 3D graphics software),"YearsWithCurrManager, StockOptionLevel, EducationField_Technical Degree"
981,Sales,Manager,53,14852,0.0366,LOW,100,3,4,"Adobe Acrobat, Critical Thinking, Monitoring",3,Recommended: Advanced Certification in Adobe Acrobat (Addresses critical gap: Adobe Acrobat),"YearsSinceLastPromotion, NumCompaniesWorked, WorkLifeBalance"
982,Sales,Sales Executive,30,7264,0.2736,LOW,100,3,4,Speaking,1,Recommended: Advanced Executive Presentation and Persuasive Speaking (Addresses critical gap: Speaking),"NumCompaniesWorked, PercentSalaryHike, YearsSinceLastPromotion"
983,Sales,Sales Executive,38,5666,0.0552,LOW,100,3,3,"Monitoring, Reading Comprehension, Speaking",3,Recommended: Performance Monitoring and KPI Management Masterclass (Addresses critical gap: Monitoring),"OverTime_No, StockOptionLevel, JobRole_Sales Executive"
984,Sales,Sales Executive,35,7823,0.0562,LOW,100,3,3,"Act!, Active Listening, Adobe Acrobat, Adobe ActionScript",4,Recommended: Advanced Certification in Act! (Addresses critical gap: Act!),"NumCompaniesWorked, DailyRate, JobRole_Sales Executive"
985,Sales,Sales Executive,39,7880,0.0294,LOW,100,3,3,Active Listening,1,Recommended: Active Listening and High-Impact Communication for Leaders (Addresses critical gap: Active Listening),"StockOptionLevel, JobLevel, Department_Research & Development"
986,Sales,Sales Executive,40,13194,0.9009,HIGH,74,3,2,"Adobe ActionScript, Adobe Creative Cloud software, Apple Keynote",3,Recommended: Advanced Certification in Adobe ActionScript (Addresses critical gap: Adobe ActionScript),"OverTime_No, DistanceFromHome, YearsWithCurrManager"
987,Research & Development,Manufacturing Director,47,5067,0.0096,LOW,100,3,4,"Active Listening, Adobe Acrobat",2,Recommended: Active Listening and High-Impact Communication for Leaders (Addresses critical gap: Active Listening),"StockOptionLevel, OverTime_No, DistanceFromHome"
990,Sales,Sales Executive,36,5079,0.0319,LOW,100,3,3,"Act!, Adobe Acrobat, Reading Comprehension",3,Recommended: Advanced Certification in Act! (Addresses critical gap: Act!),"EnvironmentSatisfaction, EducationField_Technical Degree, JobRole_Sales Executive"
991,Research & Development,Research Scientist,31,2321,0.5484,MEDIUM,79,4,3,"3D graphics software, Active Listening, Advanced numerical software, Critical Thinking, Mathematics",5,Recommended: Advanced Certification in 3D graphics software (Addresses critical gap: 3D graphics software),"OverTime_No, TotalSatisfactionScore, StockOptionLevel"
992,Sales,Manager,33,17444,0.0191,LOW,100,3,3,"Active Listening, Reading Comprehension",2,Recommended: Active Listening and High-Impact Communication for Leaders (Addresses critical gap: Active Listening),"YearsSinceLastPromotion, DistanceFromHome, ExperienceRatio"
994,Research & Development,Research Scientist,29,2404,0.8734,HIGH,89,4,3,"3D graphics software, Amazon DynamoDB, Amazon Elastic Compute Cloud EC2, Critical Thinking, Mathematics",5,Recommended: Advanced Certification in 3D graphics software (Addresses critical gap: 3D graphics software),"OverTime_No, MonthlyIncome, YearsWithCurrManager"
995,Research & Development,Research Scientist,33,3452,0.0963,LOW,100,3,3,"Critical Thinking, Mathematics, Reading Comprehension",3,Recommended: Executive Decision Making & Critical Thinking Workshop (Addresses critical gap: Critical Thinking),"StockOptionLevel, DistanceFromHome, RelationshipSatisfaction"
996,Research & Development,Laboratory Technician,45,2270,0.016,LOW,100,3,3,"Critical Thinking, Database software, Email software, Science, Writing",5,Recommended: Executive Decision Making & Critical Thinking Workshop (Addresses critical gap: Critical Thinking),"MonthlyIncome, JobRole_Laboratory Technician, MonthlyRate"
997,Research & Development,Research Director,50,17399,0.0013,LOW,100,4,2,"ESRI ArcGIS software, Graphics software",2,Recommended: Advanced Certification in ESRI ArcGIS software (Addresses critical gap: ESRI ArcGIS software),"NumCompaniesWorked, JobRole_Research Scientist, Gender_Female"
998,Research & Development,Healthcare Representative,33,5488,0.0584,LOW,100,3,3,"3DGrid HIPAA Checkup, Adobe Acrobat, Speaking",3,Recommended: Advanced Certification in 3DGrid HIPAA Checkup (Addresses critical gap: 3DGrid HIPAA Checkup),"OverTime_No, BusinessTravel_Travel_Frequently, TotalSatisfactionScore"
999,Research & Development,Research Director,41,19419,0.0164,LOW,100,3,4,"Active Listening, Adobe Acrobat, Clinical trial management software, Reading Comprehension",4,Recommended: Active Listening and High-Impact Communication for Leaders (Addresses critical gap: Active Listening),"BusinessTravel_Travel_Frequently, EnvironmentSatisfaction, WorkLifeBalance"
1001,Research & Development,Laboratory Technician,27,2811,0.3134,MEDIUM,100,3,3,"C++, Critical Thinking, Database software, Writing",4,Recommended: Advanced Certification in C++ (Addresses critical gap: C++),"Age, EducationField_Technical Degree, NumCompaniesWorked"
1002,Research & Development,Laboratory Technician,45,3633,0.151,LOW,100,3,3,Writing,1,Recommended: Business and Technical Writing Excellence (Addresses critical gap: Writing),"OverTime_No, DailyRate, DistanceFromHome"
1003,Sales,Sales Executive,47,4163,0.0526,LOW,100,3,3,"Adobe ActionScript, Adobe Creative Cloud software",2,Recommended: Advanced Certification in Adobe ActionScript (Addresses critical gap: Adobe ActionScript),"OverTime_No, StockOptionLevel, JobRole_Sales Executive"
1004,Research & Development,Research Scientist,30,2132,0.9503,HIGH,86,3,3,"Ada, Advanced numerical software, Mathematics",3,Recommended: Advanced Certification in Ada (Addresses critical gap: Ada),"OverTime_No, MonthlyIncome, TotalSatisfactionScore"
1005,Research & Development,Manufacturing Director,50,13973,0.0184,LOW,100,3,3,"ABB Optimize IT Predict & Control, Critical Thinking",2,Recommended: Advanced Certification in ABB Optimize IT Predict & Control (Addresses critical gap: ABB Optimize IT Predict & Control),"OverTime_No, DistanceFromHome, JobRole_Research Scientist"
1006,Research & Development,Research Scientist,38,2684,0.0258,LOW,98,3,2,"3D graphics software, Active Learning, Ada, Algorithmic software, Amazon DynamoDB, Reading Comprehension",6,Recommended: Advanced Certification in 3D graphics software (Addresses critical gap: 3D graphics software),"BusinessTravel_Travel_Frequently, DistanceFromHome, TotalSatisfactionScore"
1007,Research & Development,Manufacturing Director,46,10845,0.0537,LOW,100,3,3,"Adobe After Effects, Monitoring, Reading Comprehension",3,Recommended: Advanced Certification in Adobe After Effects (Addresses critical gap: Adobe After Effects),"NumCompaniesWorked, JobRole_Research Scientist, Gender_Female"
1009,Research & Development,Manufacturing Director,24,4377,0.0636,LOW,100,3,3,"ABB Optimize IT Predict & Control, Reading Comprehension",2,Recommended: Advanced Certification in ABB Optimize IT Predict & Control (Addresses critical gap: ABB Optimize IT Predict & Control),"Age, DistanceFromHome, ExperienceRatio"
1010,Research & Development,Laboratory Technician,35,3743,0.8662,HIGH,77,4,1,"C++, Critical Thinking, Microsoft Access, Reading Comprehension, Writing",5,Recommended: Advanced Certification in C++ (Addresses critical gap: C++),"OverTime_No, WorkLifeBalance, JobRole_Laboratory Technician"
1011,Research & Development,Manufacturing Director,31,4148,0.1298,LOW,96,3,3,"Active Listening, Adobe Acrobat, Reading Comprehension",3,Recommended: Active Listening and High-Impact Communication for Leaders (Addresses critical gap: Active Listening),"BusinessTravel_Travel_Frequently, Age, HourlyRate"
1012,Research & Development,Research Scientist,18,1051,0.1496,LOW,100,3,3,"3D graphics software, Active Listening, Ada, Amazon DynamoDB, Amazon Elastic Compute Cloud EC2, Critical Thinking, Mathematics",7,Recommended: Advanced Certification in 3D graphics software (Addresses critical gap: 3D graphics software),"YearsWithCurrManager, MonthlyIncome, Age"
1013,Research & Development,Manufacturing Director,54,10739,0.0369,LOW,100,3,3,Speaking,1,Recommended: Advanced Executive Presentation and Persuasive Speaking (Addresses critical gap: Speaking),"NumCompaniesWorked, DistanceFromHome, PercentSalaryHike"
1014,Research & Development,Healthcare Representative,35,10388,0.1529,LOW,100,3,2,"3DGrid HIPAA Checkup, Critical Thinking, Monitoring",3,Recommended: Advanced Certification in 3DGrid HIPAA Checkup (Addresses critical gap: 3DGrid HIPAA Checkup),"OverTime_No, DistanceFromHome, PercentSalaryHike"
1015,Research & Development,Research Director,30,11416,0.0166,LOW,79,3,2,"Active Listening, IBM Lotus 1-2-3, Science",3,Recommended: Active Listening and High-Impact Communication for Leaders (Addresses critical gap: Active Listening),"OverTime_No, TotalSatisfactionScore, Age"
1016,Research & Development,Research Scientist,20,2600,0.9647,HIGH,74,3,3,"3D graphics software, Active Listening, Ada, Reading Comprehension",4,Recommended: Advanced Certification in 3D graphics software (Addresses critical gap: 3D graphics software),"OverTime_No, YearsWithCurrManager, StockOptionLevel"
1017,Research & Development,Laboratory Technician,30,2422,0.4225,MEDIUM,77,3,3,"Critical Thinking, Laboratory information management system LIMS, Linux",3,Recommended: Executive Decision Making & Critical Thinking Workshop (Addresses critical gap: Critical Thinking),"BusinessTravel_Travel_Frequently, TotalSatisfactionScore, StockOptionLevel"
1018,Research & Development,Manufacturing Director,26,5472,0.0137,LOW,100,3,3,"ABB Optimize IT Predict & Control, Critical Thinking, Monitoring, Speaking",4,Recommended: Advanced Certification in ABB Optimize IT Predict & Control (Addresses critical gap: ABB Optimize IT Predict & Control),"StockOptionLevel, Age, HourlyRate"
1019,Research & Development,Laboratory Technician,22,2451,0.108,LOW,73,3,2,"Email software, Linux, Monitoring",3,Recommended: Advanced Certification in Email software (Addresses critical gap: Email software),"JobInvolvement, TotalSatisfactionScore, Age"
1022,Research & Development,Healthcare Representative,48,4240,0.0421,LOW,100,3,3,"AcuStaf, Adobe Acrobat, Reading Comprehension",3,Recommended: Advanced Certification in AcuStaf (Addresses critical gap: AcuStaf),"TrainingTimesLastYear, StockOptionLevel, DailyRate"
1024,Research & Development,Healthcare Representative,48,10999,0.0352,LOW,100,3,3,"Adobe Acrobat, Allscripts healthcare automation software, Alteer Office",3,Recommended: Advanced Certification in Adobe Acrobat (Addresses critical gap: Adobe Acrobat),"NumCompaniesWorked, StockOptionLevel, Gender_Female"
1025,Research & Development,Manufacturing Director,41,5003,0.0253,LOW,100,3,3,"Active Listening, Adobe After Effects, Apple Final Cut Pro",3,Recommended: Active Listening and High-Impact Communication for Leaders (Addresses critical gap: Active Listening),"NumCompaniesWorked, StockOptionLevel, JobRole_Research Scientist"
1026,Research & Development,Manufacturing Director,39,12742,0.0129,LOW,100,3,3,"ABB Optimize IT Predict & Control, Adobe Photoshop",2,Recommended: Advanced Certification in ABB Optimize IT Predict & Control (Addresses critical gap: ABB Optimize IT Predict & Control),"YearsSinceLastPromotion, IncomePerYearAtCompany, JobRole_Research Scientist"
1027,Research & Development,Manufacturing Director,27,4227,0.0364,LOW,100,3,3,"ABB Optimize IT Predict & Control, Apple Final Cut Pro, Monitoring, Reading Comprehension",4,Recommended: Advanced Certification in ABB Optimize IT Predict & Control (Addresses critical gap: ABB Optimize IT Predict & Control),"Age, TotalSatisfactionScore, JobRole_Research Scientist"
1028,Research & Development,Laboratory Technician,35,3917,0.0721,LOW,95,4,2,"Email software, Reading Comprehension, Science",3,Recommended: Advanced Certification in Email software (Addresses critical gap: Email software),"TotalSatisfactionScore, JobRole_Laboratory Technician, RelationshipSatisfaction"
1029,Sales,Manager,42,18303,0.0142,LOW,100,3,4,"Adobe Creative Cloud software, Adobe Photoshop, Monitoring",3,Recommended: Advanced Certification in Adobe Creative Cloud software (Addresses critical gap: Adobe Creative Cloud software),"DailyRate, YearsWithCurrManager, NumCompaniesWorked"
1030,Research & Development,Laboratory Technician,50,2380,0.6641,HIGH,100,3,3,"C++, Critical Thinking, Email software, Laboratory information management system LIMS, Microsoft Access, Monitoring, Reading Comprehension",7,Recommended: Advanced Certification in C++ (Addresses critical gap: C++),"YearsWithCurrManager, MonthlyIncome, EnvironmentSatisfaction"
1032,Research & Development,Manufacturing Director,59,13726,0.2495,LOW,100,3,3,"ABB Optimize IT Predict & Control, Critical Thinking",2,Recommended: Advanced Certification in ABB Optimize IT Predict & Control (Addresses critical gap: ABB Optimize IT Predict & Control),"OverTime_No, StockOptionLevel, RelationshipSatisfaction"
1033,Research & Development,Healthcare Representative,37,4777,0.8078,HIGH,50,3,1,"Allscripts healthcare automation software, Monitoring, Speaking",3,Recommended: Advanced Certification in Allscripts healthcare automation software (Addresses critical gap: Allscripts healthcare automation software),"EnvironmentSatisfaction, TotalSatisfactionScore, JobInvolvement"
1034,Research & Development,Healthcare Representative,55,6385,0.0695,LOW,100,3,3,"Adobe Acrobat, Alteer Office, Speaking",3,Recommended: Advanced Certification in Adobe Acrobat (Addresses critical gap: Adobe Acrobat),"BusinessTravel_Travel_Frequently, OverTime_No, YearsSinceLastPromotion"
1035,Research & Development,Research Director,41,19973,0.0082,LOW,100,4,3,"ESRI ArcGIS software, Reading Comprehension, Science",3,Recommended: Advanced Certification in ESRI ArcGIS software (Addresses critical gap: ESRI ArcGIS software),"JobInvolvement, DailyRate, YearsSinceLastPromotion"
1036,Sales,Sales Executive,38,6861,0.29,LOW,100,3,3,"Active Listening, Adobe Acrobat, Adobe Creative Cloud software, Airtable, Apple Keynote, Monitoring",6,Recommended: Active Listening and High-Impact Communication for Leaders (Addresses critical gap: Active Listening),"OverTime_No, NumCompaniesWorked, YearsWithCurrManager"
1037,Sales,Sales Executive,26,4969,0.921,HIGH,75,3,3,"Adobe Acrobat, Airtable, Critical Thinking, Monitoring",4,Recommended: Advanced Certification in Adobe Acrobat (Addresses critical gap: Adobe Acrobat),"JobInvolvement, NumCompaniesWorked, DistanceFromHome"
1038,Sales,Manager,52,19845,0.9107,HIGH,99,3,3,Monitoring,1,Recommended: Performance Monitoring and KPI Management Masterclass (Addresses critical gap: Monitoring),"JobInvolvement, EnvironmentSatisfaction, YearsSinceLastPromotion"
1039,Sales,Sales Executive,44,13320,0.1408,LOW,100,3,3,Reading Comprehension,1,Recommended: Information Synthesis and Rapid Document Analysis (Addresses critical gap: Reading Comprehension),"OverTime_No, YearsSinceLastPromotion, DistanceFromHome"
1040,Sales,Sales Executive,50,6347,0.0135,LOW,100,3,3,"Critical Thinking, Reading Comprehension",2,Recommended: Executive Decision Making & Critical Thinking Workshop (Addresses critical gap: Critical Thinking),"MonthlyRate, JobRole_Sales Executive, HourlyRate"
1042,Research & Development,Laboratory Technician,36,2743,0.6023,HIGH,76,3,3,"C++, Critical Thinking, Laboratory information management system LIMS",3,Recommended: Advanced Certification in C++ (Addresses critical gap: C++),"StockOptionLevel, JobRole_Laboratory Technician, YearsSinceLastPromotion"
1043,Research & Development,Manufacturing Director,39,10880,0.0405,LOW,100,3,3,"Adobe Photoshop, Monitoring, Reading Comprehension",3,Recommended: Advanced Certification in Adobe Photoshop (Addresses critical gap: Adobe Photoshop),"OverTime_No, DistanceFromHome, StockOptionLevel"
1044,Sales,Sales Representative,33,2342,0.0507,LOW,100,3,2,"ACT! Premium, Active Listening, Adobe Acrobat, Critical Thinking, Reading Comprehension, Speaking",6,Recommended: Advanced Certification in ACT! Premium (Addresses critical gap: ACT! Premium),"MonthlyIncome, StockOptionLevel, YearsAtCompany"
1045,Sales,Manager,45,17650,0.0041,LOW,100,3,4,"ADP Workforce Now, Critical Thinking, Monitoring",3,Recommended: Advanced Certification in ADP Workforce Now (Addresses critical gap: ADP Workforce Now),"DistanceFromHome, WorkLifeBalance, Department_Research & Development"
1046,Research & Development,Laboratory Technician,32,4025,0.1087,LOW,100,3,3,"Linux, Microsoft Access, Monitoring, Science",4,Recommended: Advanced Certification in Linux (Addresses critical gap: Linux),"DistanceFromHome, NumCompaniesWorked, StockOptionLevel"
1047,Sales,Sales Executive,34,9725,0.0282,LOW,100,3,2,"Act!, Active Listening, Adobe Creative Cloud software, Apple Keynote",4,Recommended: Advanced Certification in Act! (Addresses critical gap: Act!),"PercentSalaryHike, EducationField_Marketing, JobRole_Research Scientist"
1048,Sales,Manager,59,11904,0.04,LOW,100,3,1,"Active Listening, Adobe Creative Cloud software, Monitoring",3,Recommended: Active Listening and High-Impact Communication for Leaders (Addresses critical gap: Active Listening),"OverTime_No, TotalSatisfactionScore, Department_Research & Development"
1049,Human Resources,Human Resources,45,2177,0.1745,LOW,94,3,3,"Active Listening, Adobe Acrobat, Adobe Creative Cloud software, Adobe Human Capital Application Solution Accelerator, Adobe Illustrator",5,Recommended: Active Listening and High-Impact Communication for Leaders (Addresses critical gap: Active Listening),"TotalSatisfactionScore, StockOptionLevel, DistanceFromHome"
1050,Sales,Sales Executive,53,7525,0.0655,LOW,95,3,3,"Adobe Acrobat, Monitoring, Reading Comprehension",3,Recommended: Advanced Certification in Adobe Acrobat (Addresses critical gap: Adobe Acrobat),"YearsSinceLastPromotion, TotalSatisfactionScore, BusinessTravel_Travel_Frequently"
1052,Research & Development,Laboratory Technician,36,4834,0.7948,HIGH,75,3,2,"Laboratory information management system LIMS, Linux, Science",3,Recommended: Advanced Certification in Laboratory information management system LIMS (Addresses critical gap: Laboratory information management system LIMS),"YearsWithCurrManager, NumCompaniesWorked, TotalSatisfactionScore"
1053,Research & Development,Research Scientist,26,2042,0.9401,HIGH,73,3,3,"3D graphics software, Advanced numerical software, Algorithmic software, Amazon DynamoDB, Critical Thinking, Reading Comprehension",6,Recommended: Advanced Certification in 3D graphics software (Addresses critical gap: 3D graphics software),"MonthlyIncome, OverTime_No, NumCompaniesWorked"
1055,Sales,Sales Representative,34,2220,0.2515,LOW,100,3,3,"ACT! Premium, Active Listening, Adobe Dreamweaver, Critical Thinking",4,Recommended: Advanced Certification in ACT! Premium (Addresses critical gap: ACT! Premium),"MonthlyIncome, OverTime_No, YearsWithCurrManager"
1056,Sales,Sales Representative,28,1052,0.7973,HIGH,100,4,3,"Adobe Acrobat, Critical Thinking, Speaking, Writing",4,Recommended: Advanced Certification in Adobe Acrobat (Addresses critical gap: Adobe Acrobat),"MonthlyIncome, YearsWithCurrManager, TotalWorkingYears"
1060,Research & Development,Research Scientist,38,2821,0.0171,LOW,100,3,3,"3D graphics software, Ada, Algorithmic software, Critical Thinking, Mathematics, Reading Comprehension",6,Recommended: Advanced Certification in 3D graphics software (Addresses critical gap: 3D graphics software),"BusinessTravel_Travel_Frequently, RelationshipSatisfaction, TotalSatisfactionScore"
1061,Research & Development,Research Director,50,19237,0.0494,LOW,100,3,2,Graphics software,1,Recommended: Advanced Certification in Graphics software (Addresses critical gap: Graphics software),"OverTime_No, PercentSalaryHike, YearsSinceLastPromotion"
1062,Research & Development,Healthcare Representative,37,4107,0.0384,LOW,100,3,2,"3DGrid HIPAA Checkup, Monitoring, Reading Comprehension",3,Recommended: Advanced Certification in 3DGrid HIPAA Checkup (Addresses critical gap: 3DGrid HIPAA Checkup),"TotalSatisfactionScore, StockOptionLevel, ExperienceRatio"
1066,Sales,Sales Executive,40,8396,0.2422,LOW,78,3,2,"Active Listening, Adobe Creative Cloud software",2,Recommended: Active Listening and High-Impact Communication for Leaders (Addresses critical gap: Active Listening),"DailyRate, DistanceFromHome, TotalSatisfactionScore"
1068,Research & Development,Research Scientist,26,2007,0.0527,LOW,100,3,3,"Ada, Advanced numerical software, Algorithmic software, Amazon Elastic Compute Cloud EC2, Critical Thinking, Reading Comprehension",6,Recommended: Advanced Certification in Ada (Addresses critical gap: Ada),"BusinessTravel_Travel_Frequently, MonthlyIncome, Age"
1069,Research & Development,Research Director,46,19627,0.0059,LOW,100,3,3,ESRI ArcGIS software,1,Recommended: Advanced Certification in ESRI ArcGIS software (Addresses critical gap: ESRI ArcGIS software),"NumCompaniesWorked, DailyRate, JobRole_Research Scientist"
1070,Sales,Sales Executive,54,10686,0.2778,LOW,100,3,3,"Critical Thinking, Monitoring",2,Recommended: Executive Decision Making & Critical Thinking Workshop (Addresses critical gap: Critical Thinking),"YearsWithCurrManager, NumCompaniesWorked, YearsSinceLastPromotion"
1071,Research & Development,Research Scientist,56,2942,0.0247,LOW,100,3,3,"3D graphics software, Amazon DynamoDB, Amazon Elastic Compute Cloud EC2, Critical Thinking, Mathematics",5,Recommended: Advanced Certification in 3D graphics software (Addresses critical gap: 3D graphics software),"BusinessTravel_Travel_Frequently, TotalSatisfactionScore, EnvironmentSatisfaction"
1073,Research & Development,Manufacturing Director,36,8858,0.1877,LOW,100,3,2,"ABB Optimize IT Predict & Control, Monitoring",2,Recommended: Advanced Certification in ABB Optimize IT Predict & Control (Addresses critical gap: ABB Optimize IT Predict & Control),"DistanceFromHome, StockOptionLevel, YearsSinceLastPromotion"
1074,Research & Development,Manager,55,16756,0.083,LOW,100,3,4,"Act!, Adobe Photoshop",2,Recommended: Advanced Certification in Act! (Addresses critical gap: Act!),"NumCompaniesWorked, YearsSinceLastPromotion, StockOptionLevel"
1076,Sales,Sales Executive,43,10798,0.0546,LOW,100,3,3,"Adobe Acrobat, Adobe ActionScript",2,Recommended: Advanced Certification in Adobe Acrobat (Addresses critical gap: Adobe Acrobat),"YearsWithCurrManager, DistanceFromHome, DailyRate"
1077,Sales,Sales Representative,20,2323,0.929,HIGH,100,3,3,"Adobe Creative Cloud software, Adobe Dreamweaver, Critical Thinking, Reading Comprehension, Speaking, Writing",6,Recommended: Advanced Certification in Adobe Creative Cloud software (Addresses critical gap: Adobe Creative Cloud software),"OverTime_No, Age, MonthlyIncome"
1079,Research & Development,Laboratory Technician,21,1416,0.9561,HIGH,60,3,2,"C++, Database software, Email software, Linux, Reading Comprehension, Science",6,Recommended: Advanced Certification in C++ (Addresses critical gap: C++),"MonthlyIncome, YearsWithCurrManager, TotalSatisfactionScore"
1080,Research & Development,Research Scientist,46,4615,0.0281,LOW,94,4,3,"Algorithmic software, Mathematics, Reading Comprehension",3,Recommended: Advanced Certification in Algorithmic software (Addresses critical gap: Algorithmic software),"OverTime_No, NumCompaniesWorked, TotalSatisfactionScore"
1081,Research & Development,Research Scientist,51,2461,0.2069,LOW,100,3,4,Algorithmic software,1,Recommended: Advanced Certification in Algorithmic software (Addresses critical gap: Algorithmic software),"OverTime_No, NumCompaniesWorked, JobLevel"
1082,Research & Development,Healthcare Representative,28,8722,0.0626,LOW,54,3,2,"3DGrid HIPAA Checkup, Allscripts healthcare automation software, Speaking",3,Recommended: Advanced Certification in 3DGrid HIPAA Checkup (Addresses critical gap: 3DGrid HIPAA Checkup),"TotalSatisfactionScore, DistanceFromHome, StockOptionLevel"
1083,Research & Development,Laboratory Technician,26,3955,0.1084,LOW,63,3,3,"Email software, Microsoft Access, Reading Comprehension",3,Recommended: Advanced Certification in Email software (Addresses critical gap: Email software),"TotalSatisfactionScore, EnvironmentSatisfaction, Age"
1084,Research & Development,Manufacturing Director,30,9957,0.0251,LOW,88,3,2,"ABB Optimize IT Predict & Control, Adobe Acrobat, Adobe InDesign",3,Recommended: Advanced Certification in ABB Optimize IT Predict & Control (Addresses critical gap: ABB Optimize IT Predict & Control),"TotalSatisfactionScore, DistanceFromHome, JobSatisfaction"
1085,Research & Development,Research Scientist,41,3376,0.0406,LOW,100,3,3,"Active Learning, Active Listening",2,Recommended: Advanced Certification in Active Learning (Addresses critical gap: Active Learning),"StockOptionLevel, EducationField_Technical Degree, ExperienceRatio"
1088,Research & Development,Healthcare Representative,38,8823,0.0813,LOW,100,3,2,"AcuStaf, Reading Comprehension",2,Recommended: Advanced Certification in AcuStaf (Addresses critical gap: AcuStaf),"DistanceFromHome, DailyRate, TotalSatisfactionScore"
1092,Research & Development,Healthcare Representative,40,10322,0.0279,LOW,100,4,3,"AcuStaf, Critical Thinking",2,Recommended: Advanced Certification in AcuStaf (Addresses critical gap: AcuStaf),"DistanceFromHome, EnvironmentSatisfaction, YearsSinceLastPromotion"
1094,Research & Development,Laboratory Technician,27,4621,0.0576,LOW,100,3,3,"Critical Thinking, Database software, Microsoft Access, Reading Comprehension",4,Recommended: Executive Decision Making & Critical Thinking Workshop (Addresses critical gap: Critical Thinking),"JobInvolvement, EnvironmentSatisfaction, JobRole_Laboratory Technician"
1096,Research & Development,Manufacturing Director,55,10976,0.0208,LOW,100,3,3,"ABB Optimize IT Predict & Control, Active Listening, Critical Thinking",3,Recommended: Advanced Certification in ABB Optimize IT Predict & Control (Addresses critical gap: ABB Optimize IT Predict & Control),"BusinessTravel_Travel_Frequently, JobRole_Research Scientist, TrainingTimesLastYear"
1097,Research & Development,Research Scientist,28,3660,0.0174,LOW,100,3,4,Active Learning,1,Recommended: Advanced Certification in Active Learning (Addresses critical gap: Active Learning),"StockOptionLevel, Age, YearsInCurrentRole"
1098,Human Resources,Human Resources,44,10482,0.0255,LOW,70,3,3,"Active Listening, Writing",2,Recommended: Active Listening and High-Impact Communication for Leaders (Addresses critical gap: Active Listening),"NumCompaniesWorked, JobSatisfaction, TotalSatisfactionScore"
1099,Research & Development,Healthcare Representative,33,7119,0.0168,LOW,100,3,3,"3DGrid HIPAA Checkup, Adobe Acrobat, American Medical Association CodeManager",3,Recommended: Advanced Certification in 3DGrid HIPAA Checkup (Addresses critical gap: 3DGrid HIPAA Checkup),"HourlyRate, DailyRate, JobRole_Research Scientist"
1100,Sales,Sales Executive,35,9582,0.8469,HIGH,80,4,3,"Adobe Acrobat, Airtable",2,Recommended: Advanced Certification in Adobe Acrobat (Addresses critical gap: Adobe Acrobat),"OverTime_No, StockOptionLevel, TotalSatisfactionScore"
1101,Research & Development,Research Scientist,33,4508,0.7497,HIGH,85,4,3,"Active Listening, Amazon Elastic Compute Cloud EC2, Critical Thinking",3,Recommended: Active Listening and High-Impact Communication for Leaders (Addresses critical gap: Active Listening),"BusinessTravel_Travel_Frequently, StockOptionLevel, TotalSatisfactionScore"
1102,Research & Development,Laboratory Technician,28,2207,0.113,LOW,93,3,2,"Database software, Linux, Microsoft Access, Monitoring, Writing",5,Recommended: Advanced Certification in Database software (Addresses critical gap: Database software),"MonthlyIncome, JobRole_Laboratory Technician, DistanceFromHome"
1103,Research & Development,Healthcare Representative,34,7756,0.0525,LOW,100,3,2,Critical Thinking,1,Recommended: Executive Decision Making & Critical Thinking Workshop (Addresses critical gap: Critical Thinking),"BusinessTravel_Travel_Frequently, StockOptionLevel, EnvironmentSatisfaction"
1105,Sales,Sales Executive,37,6694,0.1495,LOW,100,3,3,"Adobe Acrobat, Adobe ActionScript, Airtable, Critical Thinking, Speaking",5,Recommended: Advanced Certification in Adobe Acrobat (Addresses critical gap: Adobe Acrobat),"OverTime_No, YearsWithCurrManager, IncomePerYearAtCompany"
1106,Research & Development,Laboratory Technician,25,3691,0.8323,HIGH,100,3,4,"C++, Laboratory information management system LIMS, Reading Comprehension, Science",4,Recommended: Advanced Certification in C++ (Addresses critical gap: C++),"OverTime_No, Age, EducationField_Technical Degree"
1107,Research & Development,Laboratory Technician,26,2377,0.9143,HIGH,82,4,2,"Email software, Microsoft Access, Monitoring, Science",4,Recommended: Advanced Certification in Email software (Addresses critical gap: Email software),"YearsWithCurrManager, TotalWorkingYears, MonthlyIncome"
1108,Research & Development,Research Scientist,33,2313,0.957,HIGH,72,4,3,"Active Learning, Active Listening, Ada, Advanced numerical software, Critical Thinking, Mathematics",6,Recommended: Advanced Certification in Active Learning (Addresses critical gap: Active Learning),"OverTime_No, TotalSatisfactionScore, StockOptionLevel"
1109,Research & Development,Manager,42,17665,0.0363,LOW,100,3,3,"Act!, Critical Thinking, Reading Comprehension, Speaking",4,Recommended: Advanced Certification in Act! (Addresses critical gap: Act!),"YearsSinceLastPromotion, ExperienceRatio, JobSatisfaction"
1111,Research & Development,Laboratory Technician,28,2596,0.9049,HIGH,72,3,3,"C++, Database software, Laboratory information management system LIMS, Linux, Microsoft Access",5,Recommended: Advanced Certification in C++ (Addresses critical gap: C++),"YearsWithCurrManager, BusinessTravel_Travel_Frequently, TotalWorkingYears"
1113,Sales,Sales Executive,50,4728,0.0641,LOW,100,3,3,"Act!, Adobe Acrobat, Adobe ActionScript, Apple Keynote, Critical Thinking, Reading Comprehension",6,Recommended: Advanced Certification in Act! (Addresses critical gap: Act!),"OverTime_No, BusinessTravel_Travel_Frequently, YearsWithCurrManager"
1114,Sales,Sales Executive,33,4302,0.1205,LOW,100,3,3,"Active Listening, Adobe ActionScript, Adobe Creative Cloud software, Critical Thinking, Reading Comprehension, Speaking",6,Recommended: Active Listening and High-Impact Communication for Leaders (Addresses critical gap: Active Listening),"BusinessTravel_Travel_Frequently, Department_Research & Development, JobRole_Research Scientist"
1115,Research & Development,Research Scientist,34,2979,0.0082,LOW,100,3,3,"3D graphics software, Active Learning, Active Listening, Ada, Advanced numerical software, Amazon Elastic Compute Cloud EC2, Reading Comprehension",7,Recommended: Advanced Certification in 3D graphics software (Addresses critical gap: 3D graphics software),"YearsWithCurrManager, DailyRate, YearsAtCompany"
1116,Research & Development,Manager,48,16885,0.0053,LOW,100,4,2,"ADP Workforce Now, Adobe Photoshop, Monitoring",3,Recommended: Advanced Certification in ADP Workforce Now (Addresses critical gap: ADP Workforce Now),"StockOptionLevel, EnvironmentSatisfaction, JobRole_Research Scientist"
1117,Sales,Sales Executive,45,5593,0.0171,LOW,100,3,3,"Airtable, Speaking",2,Recommended: Advanced Certification in Airtable (Addresses critical gap: Airtable),"ExperienceRatio, YearsSinceLastPromotion, JobRole_Sales Executive"
1118,Research & Development,Healthcare Representative,52,10445,0.1571,LOW,100,3,3,"3DGrid HIPAA Checkup, Alteer Office, Speaking",3,Recommended: Advanced Certification in 3DGrid HIPAA Checkup (Addresses critical gap: 3DGrid HIPAA Checkup),"NumCompaniesWorked, YearsWithCurrManager, StockOptionLevel"
1119,Sales,Sales Executive,38,8740,0.0977,LOW,100,3,3,Adobe ActionScript,1,Recommended: Advanced Certification in Adobe ActionScript (Addresses critical gap: Adobe ActionScript),"OverTime_No, JobRole_Sales Executive, DailyRate"
1120,Research & Development,Research Scientist,29,2514,0.0251,LOW,100,4,3,"Active Listening, Ada, Critical Thinking, Mathematics",4,Recommended: Active Listening and High-Impact Communication for Leaders (Addresses critical gap: Active Listening),"DistanceFromHome, RelationshipSatisfaction, Age"
1121,Research & Development,Manufacturing Director,28,7655,0.0252,LOW,97,3,2,"Adobe After Effects, Adobe Photoshop, Critical Thinking, Monitoring",4,Recommended: Advanced Certification in Adobe After Effects (Addresses critical gap: Adobe After Effects),"Age, TotalSatisfactionScore, JobRole_Research Scientist"
1124,Sales,Manager,46,17465,0.0667,LOW,100,3,3,Speaking,1,Recommended: Advanced Executive Presentation and Persuasive Speaking (Addresses critical gap: Speaking),"DailyRate, YearsSinceLastPromotion, Department_Research & Development"
1125,Sales,Sales Executive,38,7351,0.1082,LOW,100,3,3,"Act!, Monitoring",2,Recommended: Advanced Certification in Act! (Addresses critical gap: Act!),"YearsWithCurrManager, NumCompaniesWorked, StockOptionLevel"
1126,Research & Development,Manufacturing Director,43,10820,0.1034,LOW,100,3,3,"Adobe After Effects, Critical Thinking",2,Recommended: Advanced Certification in Adobe After Effects (Addresses critical gap: Adobe After Effects),"DistanceFromHome, BusinessTravel_Travel_Frequently, PercentSalaryHike"
1127,Research & Development,Healthcare Representative,39,12169,0.7992,HIGH,100,3,3,"Active Listening, AcuStaf, American Medical Association CodeManager, Reading Comprehension",4,Recommended: Active Listening and High-Impact Communication for Leaders (Addresses critical gap: Active Listening),"BusinessTravel_Travel_Frequently, NumCompaniesWorked, EnvironmentSatisfaction"
1128,Research & Development,Research Director,40,19626,0.0298,LOW,100,3,4,"Clinical trial management software, IBM Lotus 1-2-3, Science",3,Recommended: Advanced Certification in Clinical trial management software (Addresses critical gap: Clinical trial management software),"StockOptionLevel, DistanceFromHome, ExperienceRatio"
1131,Research & Development,Research Scientist,21,2070,0.2539,LOW,100,3,4,"Active Learning, Ada, Advanced numerical software, Critical Thinking",4,Recommended: Advanced Certification in Active Learning (Addresses critical gap: Active Learning),"OverTime_No, MonthlyIncome, Age"
1132,Research & Development,Laboratory Technician,39,6782,0.0917,LOW,99,3,2,"Database software, Microsoft Access",2,Recommended: Advanced Certification in Database software (Addresses critical gap: Database software),"NumCompaniesWorked, StockOptionLevel, JobRole_Laboratory Technician"
1133,Research & Development,Manufacturing Director,36,7779,0.0912,LOW,100,4,3,"Reading Comprehension, Speaking",2,Recommended: Information Synthesis and Rapid Document Analysis (Addresses critical gap: Reading Comprehension),"TotalSatisfactionScore, StockOptionLevel, EnvironmentSatisfaction"
1135,Sales,Sales Representative,31,2791,0.2509,LOW,100,3,3,"Adobe Dreamweaver, Critical Thinking, Speaking",3,Recommended: Advanced Certification in Adobe Dreamweaver (Addresses critical gap: Adobe Dreamweaver),"BusinessTravel_Travel_Frequently, Age, DistanceFromHome"
1136,Research & Development,Research Scientist,28,3201,0.2796,LOW,67,3,1,"Ada, Advanced numerical software, Algorithmic software, Amazon DynamoDB, Amazon Elastic Compute Cloud EC2, Reading Comprehension",6,Recommended: Advanced Certification in Ada (Addresses critical gap: Ada),"StockOptionLevel, TotalSatisfactionScore, RelationshipSatisfaction"
1137,Sales,Sales Executive,35,4968,0.0324,LOW,100,3,3,"Critical Thinking, Monitoring",2,Recommended: Executive Decision Making & Critical Thinking Workshop (Addresses critical gap: Critical Thinking),"BusinessTravel_Travel_Frequently, PercentSalaryHike, EducationField_Marketing"
1138,Sales,Sales Executive,49,13120,0.108,LOW,100,3,3,Act!,1,Recommended: Advanced Certification in Act! (Addresses critical gap: Act!),"NumCompaniesWorked, JobRole_Sales Executive, EducationField_Technical Degree"
1140,Research & Development,Manufacturing Director,34,4033,0.0568,LOW,100,3,2,"Adobe Acrobat, Adobe After Effects, Adobe Photoshop, Critical Thinking",4,Recommended: Advanced Certification in Adobe Acrobat (Addresses critical gap: Adobe Acrobat),"BusinessTravel_Travel_Frequently, PercentSalaryHike, StockOptionLevel"
1143,Research & Development,Research Scientist,29,3291,0.054,LOW,100,3,2,"Active Learning, Advanced numerical software, Amazon DynamoDB, Reading Comprehension",4,Recommended: Advanced Certification in Active Learning (Addresses critical gap: Active Learning),"BusinessTravel_Travel_Frequently, Age, DistanceFromHome"
1148,Research & Development,Laboratory Technician,42,4272,0.0976,LOW,100,3,3,"Critical Thinking, Email software, Laboratory information management system LIMS",3,Recommended: Executive Decision Making & Critical Thinking Workshop (Addresses critical gap: Critical Thinking),"DistanceFromHome, YearsWithCurrManager, StockOptionLevel"
1150,Research & Development,Manufacturing Director,29,5056,0.1945,LOW,100,3,2,"Adobe Acrobat, Adobe After Effects, Critical Thinking",3,Recommended: Advanced Certification in Adobe Acrobat (Addresses critical gap: Adobe Acrobat),"OverTime_No, Age, DailyRate"
1152,Human Resources,Human Resources,38,2844,0.023,LOW,100,3,4,"Adobe Acrobat, Adobe Dreamweaver, Writing",3,Recommended: Advanced Certification in Adobe Acrobat (Addresses critical gap: Adobe Acrobat),"YearsWithCurrManager, DailyRate, YearsSinceLastPromotion"
1154,Research & Development,Research Scientist,28,2703,0.1905,LOW,100,3,3,"Active Learning, Algorithmic software, Amazon DynamoDB, Mathematics",4,Recommended: Advanced Certification in Active Learning (Addresses critical gap: Active Learning),"OverTime_No, BusinessTravel_Travel_Frequently, Age"
1156,Research & Development,Laboratory Technician,18,1904,0.8649,HIGH,100,3,3,"Laboratory information management system LIMS, Linux, Reading Comprehension, Science, Writing",5,Recommended: Advanced Certification in Laboratory information management system LIMS (Addresses critical gap: Laboratory information management system LIMS),"YearsWithCurrManager, MonthlyIncome, TotalWorkingYears"
1157,Sales,Sales Executive,33,8224,0.7654,HIGH,54,3,3,"Adobe Creative Cloud software, Airtable, Monitoring",3,Recommended: Advanced Certification in Adobe Creative Cloud software (Addresses critical gap: Adobe Creative Cloud software),"TotalSatisfactionScore, OverTime_No, StockOptionLevel"
1158,Research & Development,Laboratory Technician,41,4766,0.1373,LOW,100,3,3,"C++, Email software, Linux, Microsoft Access, Monitoring, Science, Writing",7,Recommended: Advanced Certification in C++ (Addresses critical gap: C++),"OverTime_No, YearsWithCurrManager, TotalSatisfactionScore"
1160,Research & Development,Laboratory Technician,31,2610,0.7699,HIGH,90,3,2,"C++, Database software, Laboratory information management system LIMS, Writing",4,Recommended: Advanced Certification in C++ (Addresses critical gap: C++),"BusinessTravel_Travel_Frequently, TotalWorkingYears, Age"
1161,Research & Development,Healthcare Representative,37,5731,0.0341,LOW,100,3,3,"AcuStaf, American Medical Association CodeManager",2,Recommended: Advanced Certification in AcuStaf (Addresses critical gap: AcuStaf),"NumCompaniesWorked, DailyRate, DistanceFromHome"
1162,Research & Development,Research Scientist,27,2539,0.0043,LOW,100,3,3,"Active Listening, Ada, Amazon Elastic Compute Cloud EC2",3,Recommended: Active Listening and High-Impact Communication for Leaders (Addresses critical gap: Active Listening),"Age, BusinessTravel_Non-Travel, PromotionLagRatio"
1163,Sales,Sales Executive,34,5714,0.2085,LOW,92,4,2,"Adobe ActionScript, Apple Keynote, Monitoring",3,Recommended: Advanced Certification in Adobe ActionScript (Addresses critical gap: Adobe ActionScript),"TotalSatisfactionScore, StockOptionLevel, RelationshipSatisfaction"
1164,Human Resources,Human Resources,35,4323,0.0976,LOW,96,3,1,"Adobe Creative Cloud software, Adobe Human Capital Application Solution Accelerator, Adobe InDesign",3,Recommended: Advanced Certification in Adobe Creative Cloud software (Addresses critical gap: Adobe Creative Cloud software),"TotalSatisfactionScore, StockOptionLevel, WorkLifeBalance"
1165,Sales,Sales Executive,29,7336,0.8642,HIGH,67,3,1,"Adobe Creative Cloud software, Apple Keynote, Speaking",3,Recommended: Advanced Certification in Adobe Creative Cloud software (Addresses critical gap: Adobe Creative Cloud software),"WorkLifeBalance, DailyRate, DistanceFromHome"
1166,Research & Development,Research Director,40,13499,0.0183,LOW,97,3,2,"Adobe Acrobat, Clinical trial management software, Science",3,Recommended: Advanced Certification in Adobe Acrobat (Addresses critical gap: Adobe Acrobat),"NumCompaniesWorked, StockOptionLevel, BusinessTravel_Travel_Frequently"
1167,Sales,Sales Executive,42,13758,0.8551,HIGH,71,3,2,"Adobe ActionScript, Apple Keynote",2,Recommended: Advanced Certification in Adobe ActionScript (Addresses critical gap: Adobe ActionScript),"OverTime_No, TotalSatisfactionScore, StockOptionLevel"
1171,Sales,Sales Executive,42,5155,0.1179,LOW,100,3,4,"Adobe ActionScript, Monitoring, Reading Comprehension, Speaking",4,Recommended: Advanced Certification in Adobe ActionScript (Addresses critical gap: Adobe ActionScript),"NumCompaniesWorked, StockOptionLevel, WorkLifeBalance"
1172,Research & Development,Laboratory Technician,35,2258,0.0561,LOW,100,3,3,"Database software, Laboratory information management system LIMS, Microsoft Access, Science",4,Recommended: Advanced Certification in Database software (Addresses critical gap: Database software),"NumCompaniesWorked, MonthlyIncome, JobRole_Laboratory Technician"
1173,Research & Development,Laboratory Technician,24,3597,0.2206,LOW,100,4,3,"Critical Thinking, Linux, Reading Comprehension, Writing",4,Recommended: Executive Decision Making & Critical Thinking Workshop (Addresses critical gap: Critical Thinking),"NumCompaniesWorked, Age, StockOptionLevel"
1175,Research & Development,Laboratory Technician,28,2515,0.9172,HIGH,100,3,2,"C++, Database software, Laboratory information management system LIMS, Linux, Reading Comprehension, Writing",6,Recommended: Advanced Certification in C++ (Addresses critical gap: C++),"OverTime_No, YearsWithCurrManager, MonthlyIncome"
1177,Research & Development,Laboratory Technician,26,4420,0.0466,LOW,100,4,3,"C++, Database software, Monitoring, Writing",4,Recommended: Advanced Certification in C++ (Addresses critical gap: C++),"JobRole_Laboratory Technician, Age, EnvironmentSatisfaction"
1179,Sales,Sales Executive,30,6578,0.0819,LOW,100,3,3,Adobe ActionScript,1,Recommended: Advanced Certification in Adobe ActionScript (Addresses critical gap: Adobe ActionScript),"RelationshipSatisfaction, TotalSatisfactionScore, ExperienceRatio"
1180,Research & Development,Research Scientist,40,4422,0.0542,LOW,100,3,1,"3D graphics software, Ada, Algorithmic software, Amazon Elastic Compute Cloud EC2, Critical Thinking",5,Recommended: Advanced Certification in 3D graphics software (Addresses critical gap: 3D graphics software),"OverTime_No, YearsWithCurrManager, DistanceFromHome"
1182,Research & Development,Manufacturing Director,35,10274,0.1111,LOW,100,3,4,Adobe Acrobat,1,Recommended: Advanced Certification in Adobe Acrobat (Addresses critical gap: Adobe Acrobat),"YearsSinceLastPromotion, WorkLifeBalance, DailyRate"
1184,Research & Development,Healthcare Representative,34,5343,0.0409,LOW,100,4,3,"Alteer Office, Critical Thinking",2,Recommended: Advanced Certification in Alteer Office (Addresses critical gap: Alteer Office),"BusinessTravel_Travel_Frequently, StockOptionLevel, HourlyRate"
1185,Research & Development,Laboratory Technician,35,2376,0.0466,LOW,100,3,4,"C++, Database software, Writing",3,Recommended: Advanced Certification in C++ (Addresses critical gap: C++),"MonthlyIncome, TotalWorkingYears, BusinessTravel_Travel_Frequently"
1188,Sales,Sales Executive,43,5346,0.9329,HIGH,71,3,2,"Act!, Adobe ActionScript, Adobe Creative Cloud software, Critical Thinking, Speaking",5,Recommended: Advanced Certification in Act! (Addresses critical gap: Act!),"JobInvolvement, TotalSatisfactionScore, EnvironmentSatisfaction"
1190,Sales,Sales Representative,32,2827,0.2265,LOW,93,3,3,"3M Post-it App, Active Listening, Adobe Acrobat, Adobe Illustrator, Critical Thinking, Reading Comprehension, Speaking",7,Recommended: Advanced Certification in 3M Post-it App (Addresses critical gap: 3M Post-it App),"YearsWithCurrManager, TotalWorkingYears, JobRole_Sales Representative"
1191,Research & Development,Manager,56,19943,0.0108,LOW,100,3,3,ActionWare,1,Recommended: Advanced Certification in ActionWare (Addresses critical gap: ActionWare),"PromotionLagRatio, JobRole_Research Scientist, DailyRate"
1192,Research & Development,Laboratory Technician,29,3131,0.0375,LOW,100,3,3,"Database software, Linux, Science",3,Recommended: Advanced Certification in Database software (Addresses critical gap: Database software),"JobRole_Laboratory Technician, RelationshipSatisfaction, Age"
1193,Research & Development,Research Scientist,19,2552,0.3139,MEDIUM,100,4,3,"Active Learning, Ada, Algorithmic software, Critical Thinking, Mathematics, Reading Comprehension",6,Recommended: Advanced Certification in Active Learning (Addresses critical gap: Active Learning),"YearsWithCurrManager, StockOptionLevel, TotalWorkingYears"
1195,Research & Development,Research Scientist,45,4477,0.0586,LOW,100,3,2,"Ada, Algorithmic software, Amazon Elastic Compute Cloud EC2, Critical Thinking, Reading Comprehension",5,Recommended: Advanced Certification in Ada (Addresses critical gap: Ada),"OverTime_No, TotalSatisfactionScore, EnvironmentSatisfaction"
1196,Research & Development,Manufacturing Director,37,6474,0.023,LOW,100,3,2,"Apple Final Cut Pro, Monitoring, Reading Comprehension",3,Recommended: Advanced Certification in Apple Final Cut Pro (Addresses critical gap: Apple Final Cut Pro),"ExperienceRatio, YearsSinceLastPromotion, JobRole_Research Scientist"
1198,Research & Development,Laboratory Technician,20,3033,0.755,HIGH,80,3,2,"C++, Database software, Email software, Science",4,Recommended: Advanced Certification in C++ (Addresses critical gap: C++),"TotalSatisfactionScore, TotalWorkingYears, StockOptionLevel"
1200,Research & Development,Research Scientist,44,2936,0.6449,HIGH,100,3,3,"Active Listening, Amazon DynamoDB",2,Recommended: Active Listening and High-Impact Communication for Leaders (Addresses critical gap: Active Listening),"OverTime_No, StockOptionLevel, PercentSalaryHike"
1201,Research & Development,Manager,53,18606,0.0079,LOW,100,3,3,Active Listening,1,Recommended: Active Listening and High-Impact Communication for Leaders (Addresses critical gap: Active Listening),"JobRole_Research Scientist, YearsSinceLastPromotion, HourlyRate"
1202,Research & Development,Research Scientist,29,2168,0.1319,LOW,100,3,2,"Active Learning, Active Listening, Amazon Elastic Compute Cloud EC2, Reading Comprehension",4,Recommended: Advanced Certification in Active Learning (Addresses critical gap: Active Learning),"OverTime_No, JobInvolvement, MonthlyIncome"
1203,Research & Development,Research Scientist,22,2853,0.3621,MEDIUM,100,3,3,"3D graphics software, Active Learning, Amazon DynamoDB, Amazon Elastic Compute Cloud EC2, Mathematics",5,Recommended: Advanced Certification in 3D graphics software (Addresses critical gap: 3D graphics software),"OverTime_No, Age, BusinessTravel_Travel_Frequently"
1204,Sales,Manager,46,17048,0.0627,LOW,78,4,3,"ADP Workforce Now, Act!, Reading Comprehension",3,Recommended: Advanced Certification in ADP Workforce Now (Addresses critical gap: ADP Workforce Now),"StockOptionLevel, TotalSatisfactionScore, YearsSinceLastPromotion"
1206,Research & Development,Research Scientist,44,2290,0.0719,LOW,100,3,3,"Active Learning, Active Listening, Advanced numerical software, Amazon DynamoDB, Amazon Elastic Compute Cloud EC2, Mathematics",6,Recommended: Advanced Certification in Active Learning (Addresses critical gap: Active Learning),"YearsWithCurrManager, MonthlyIncome, JobInvolvement"
1207,Human Resources,Human Resources,33,3600,0.0277,LOW,100,3,3,"Active Listening, Adobe Acrobat, Adobe InDesign",3,Recommended: Active Listening and High-Impact Communication for Leaders (Addresses critical gap: Active Listening),"Department_Research & Development, JobRole_Research Scientist, IncomePerYearAtCompany"
1210,Research & Development,Research Scientist,41,2107,0.1615,LOW,32,3,1,"Active Learning, Ada, Advanced numerical software, Algorithmic software, Amazon DynamoDB, Amazon Elastic Compute Cloud EC2, Reading Comprehension",7,Recommended: Advanced Certification in Active Learning (Addresses critical gap: Active Learning),"YearsWithCurrManager, MonthlyIncome, TotalSatisfactionScore"
1211,Sales,Sales Executive,30,4115,0.2923,LOW,94,3,3,"Apple Keynote, Monitoring",2,Recommended: Advanced Certification in Apple Keynote (Addresses critical gap: Apple Keynote),"NumCompaniesWorked, DistanceFromHome, Age"
1212,Sales,Sales Executive,40,4327,0.076,LOW,100,3,3,"Act!, Adobe ActionScript, Airtable, Apple Keynote, Reading Comprehension",5,Recommended: Advanced Certification in Act! (Addresses critical gap: Act!),"YearsWithCurrManager, NumCompaniesWorked, BusinessTravel_Travel_Frequently"
1215,Research & Development,Manager,50,17856,0.0053,LOW,100,4,3,"Act!, Active Listening, Adobe Photoshop, Monitoring",4,Recommended: Advanced Certification in Act! (Addresses critical gap: Act!),"BusinessTravel_Travel_Frequently, JobRole_Research Scientist, JobSatisfaction"
1216,Research & Development,Laboratory Technician,28,3196,0.0884,LOW,100,3,3,"C++, Microsoft Access",2,Recommended: Advanced Certification in C++ (Addresses critical gap: C++),"JobRole_Laboratory Technician, Age, DistanceFromHome"
1217,Research & Development,Research Director,46,19081,0.0139,LOW,100,3,3,"Adobe Photoshop, ESRI ArcGIS software, Graphics software, Science",4,Recommended: Advanced Certification in Adobe Photoshop (Addresses critical gap: Adobe Photoshop),"NumCompaniesWorked, DistanceFromHome, PercentSalaryHike"
1218,Sales,Sales Executive,35,8966,0.2115,LOW,100,3,3,"Adobe ActionScript, Airtable",2,Recommended: Advanced Certification in Adobe ActionScript (Addresses critical gap: Adobe ActionScript),"OverTime_No, DistanceFromHome, JobRole_Sales Executive"
1219,Research & Development,Laboratory Technician,24,2210,0.9072,HIGH,67,3,1,"C++, Database software, Email software, Laboratory information management system LIMS, Microsoft Access, Monitoring, Reading Comprehension",7,Recommended: Advanced Certification in C++ (Addresses critical gap: C++),"MonthlyIncome, YearsWithCurrManager, TotalWorkingYears"
1220,Sales,Sales Executive,33,4539,0.107,LOW,85,3,2,"Active Listening, Apple Keynote",2,Recommended: Active Listening and High-Impact Communication for Leaders (Addresses critical gap: Active Listening),"TotalSatisfactionScore, DistanceFromHome, BusinessTravel_Travel_Frequently"
1221,Research & Development,Laboratory Technician,36,2741,0.0687,LOW,100,3,3,"Database software, Linux, Microsoft Access",3,Recommended: Advanced Certification in Database software (Addresses critical gap: Database software),"JobInvolvement, JobRole_Laboratory Technician, MonthlyIncome"
1224,Research & Development,Laboratory Technician,30,3491,0.2248,LOW,100,3,2,"Critical Thinking, Monitoring, Reading Comprehension",3,Recommended: Executive Decision Making & Critical Thinking Workshop (Addresses critical gap: Critical Thinking),"YearsSinceLastPromotion, JobRole_Laboratory Technician, TotalSatisfactionScore"
1225,Research & Development,Research Scientist,44,4541,0.0477,LOW,100,4,3,"Active Learning, Active Listening, Advanced numerical software",3,Recommended: Advanced Certification in Active Learning (Addresses critical gap: Active Learning),"YearsSinceLastPromotion, DistanceFromHome, StockOptionLevel"
1226,Sales,Sales Representative,20,2678,0.2013,LOW,100,3,3,"3M Post-it App, Active Listening, Adobe Creative Cloud software, Speaking",4,Recommended: Advanced Certification in 3M Post-it App (Addresses critical gap: 3M Post-it App),"TotalWorkingYears, StockOptionLevel, Age"
1228,Research & Development,Manufacturing Director,46,7379,0.0185,LOW,100,3,2,"ABB Optimize IT Predict & Control, Adobe Acrobat",2,Recommended: Advanced Certification in ABB Optimize IT Predict & Control (Addresses critical gap: ABB Optimize IT Predict & Control),"PercentSalaryHike, JobRole_Research Scientist, Gender_Female"
1231,Human Resources,Human Resources,42,6272,0.0162,LOW,100,3,4,"Adobe Illustrator, Adobe InDesign",2,Recommended: Advanced Certification in Adobe Illustrator (Addresses critical gap: Adobe Illustrator),"NumCompaniesWorked, JobSatisfaction, Gender_Female"
1233,Sales,Sales Executive,60,5220,0.0444,LOW,100,3,3,"Act!, Adobe Acrobat, Adobe Creative Cloud software, Reading Comprehension",4,Recommended: Advanced Certification in Act! (Addresses critical gap: Act!),"OverTime_No, JobRole_Sales Executive, DailyRate"
1234,Research & Development,Laboratory Technician,32,2743,0.3071,MEDIUM,100,4,3,"Email software, Linux, Microsoft Access, Science, Writing",5,Recommended: Advanced Certification in Email software (Addresses critical gap: Email software),"TotalWorkingYears, BusinessTravel_Travel_Frequently, DistanceFromHome"
1235,Research & Development,Research Scientist,32,4998,0.0192,LOW,100,3,3,"3D graphics software, Ada, Advanced numerical software, Reading Comprehension",4,Recommended: Advanced Certification in 3D graphics software (Addresses critical gap: 3D graphics software),"OverTime_No, StockOptionLevel, BusinessTravel_Travel_Frequently"
1237,Research & Development,Manufacturing Director,36,10252,0.0361,LOW,94,4,3,Monitoring,1,Recommended: Performance Monitoring and KPI Management Masterclass (Addresses critical gap: Monitoring),"OverTime_No, DailyRate, JobInvolvement"
1238,Research & Development,Research Scientist,33,2781,0.0271,LOW,100,3,3,"Algorithmic software, Critical Thinking",2,Recommended: Advanced Certification in Algorithmic software (Addresses critical gap: Algorithmic software),"EnvironmentSatisfaction, YearsSinceLastPromotion, DistanceFromHome"
1239,Sales,Sales Executive,40,6852,0.0797,LOW,100,3,4,"Active Listening, Adobe ActionScript, Airtable, Apple Keynote, Monitoring",5,Recommended: Active Listening and High-Impact Communication for Leaders (Addresses critical gap: Active Listening),"NumCompaniesWorked, ExperienceRatio, DistanceFromHome"
1240,Sales,Sales Executive,25,4950,0.1581,LOW,100,3,3,"Airtable, Monitoring",2,Recommended: Advanced Certification in Airtable (Addresses critical gap: Airtable),"StockOptionLevel, Age, ExperienceRatio"
1241,Research & Development,Research Scientist,30,3579,0.0164,LOW,100,4,3,"Ada, Algorithmic software",2,Recommended: Advanced Certification in Ada (Addresses critical gap: Ada),"OverTime_No, RelationshipSatisfaction, TotalSatisfactionScore"
1242,Research & Development,Research Director,42,13191,0.2418,LOW,78,3,3,"ESRI ArcGIS software, Graphics software, Reading Comprehension",3,Recommended: Advanced Certification in ESRI ArcGIS software (Addresses critical gap: ESRI ArcGIS software),"OverTime_No, TotalSatisfactionScore, DistanceFromHome"
1243,Sales,Sales Executive,35,10377,0.0508,LOW,100,3,2,"Airtable, Reading Comprehension",2,Recommended: Advanced Certification in Airtable (Addresses critical gap: Airtable),"OverTime_No, PercentSalaryHike, JobRole_Sales Executive"
1244,Research & Development,Research Scientist,27,2235,0.2565,LOW,81,3,2,3D graphics software,1,Recommended: Advanced Certification in 3D graphics software (Addresses critical gap: 3D graphics software),"OverTime_No, MonthlyIncome, TotalSatisfactionScore"
1245,Research & Development,Manufacturing Director,54,10502,0.0248,LOW,100,3,1,"Adobe Acrobat, Critical Thinking, Monitoring, Reading Comprehension",4,Recommended: Advanced Certification in Adobe Acrobat (Addresses critical gap: Adobe Acrobat),"BusinessTravel_Travel_Frequently, TotalSatisfactionScore, NumCompaniesWorked"
1246,Research & Development,Research Scientist,44,2011,0.0406,LOW,100,3,3,Active Learning,1,Recommended: Advanced Certification in Active Learning (Addresses critical gap: Active Learning),"MonthlyIncome, YearsSinceLastPromotion, ExperienceRatio"
1248,Research & Development,Research Scientist,19,1859,0.9806,HIGH,87,4,4,"Active Learning, Ada, Algorithmic software, Amazon Elastic Compute Cloud EC2, Critical Thinking",5,Recommended: Advanced Certification in Active Learning (Addresses critical gap: Active Learning),"OverTime_No, MonthlyIncome, YearsWithCurrManager"
1249,Research & Development,Research Scientist,29,3760,0.0274,LOW,100,3,3,"Active Learning, Algorithmic software, Amazon Elastic Compute Cloud EC2, Critical Thinking, Mathematics",5,Recommended: Advanced Certification in Active Learning (Addresses critical gap: Active Learning),"TotalSatisfactionScore, RelationshipSatisfaction, HourlyRate"
1250,Research & Development,Research Director,54,17779,0.0092,LOW,100,3,3,"Active Listening, ESRI ArcGIS software, Reading Comprehension, Science",4,Recommended: Active Listening and High-Impact Communication for Leaders (Addresses critical gap: Active Listening),"StockOptionLevel, RelationshipSatisfaction, Gender_Female"
1251,Research & Development,Healthcare Representative,31,6833,0.1449,LOW,94,3,2,Allscripts healthcare automation software,1,Recommended: Advanced Certification in Allscripts healthcare automation software (Addresses critical gap: Allscripts healthcare automation software),"OverTime_No, StockOptionLevel, TotalSatisfactionScore"
1252,Research & Development,Healthcare Representative,31,6812,0.0903,LOW,90,3,3,"Active Listening, American Medical Association CodeManager, Critical Thinking",3,Recommended: Active Listening and High-Impact Communication for Leaders (Addresses critical gap: Active Listening),"TotalSatisfactionScore, StockOptionLevel, DistanceFromHome"
1254,Sales,Sales Executive,59,5171,0.1027,LOW,100,3,3,"Act!, Critical Thinking, Speaking",3,Recommended: Advanced Certification in Act! (Addresses critical gap: Act!),"NumCompaniesWorked, StockOptionLevel, DailyRate"
1255,Research & Development,Research Director,43,19740,0.0042,LOW,100,3,3,"ESRI ArcGIS software, Graphics software, Writing",3,Recommended: Advanced Certification in ESRI ArcGIS software (Addresses critical gap: ESRI ArcGIS software),"JobInvolvement, JobRole_Research Scientist, Gender_Female"
1256,Research & Development,Manager,49,18711,0.0222,LOW,100,3,4,ActionWare,1,Recommended: Advanced Certification in ActionWare (Addresses critical gap: ActionWare),"YearsWithCurrManager, EnvironmentSatisfaction, WorkLifeBalance"
1257,Research & Development,Research Scientist,36,3692,0.0429,LOW,100,3,2,Ada,1,Recommended: Advanced Certification in Ada (Addresses critical gap: Ada),"StockOptionLevel, EducationField_Technical Degree, BusinessTravel_Travel_Frequently"
1258,Research & Development,Laboratory Technician,48,2559,0.3822,MEDIUM,100,3,2,"Critical Thinking, Email software, Laboratory information management system LIMS, Linux, Science, Writing",6,Recommended: Executive Decision Making & Critical Thinking Workshop (Addresses critical gap: Critical Thinking),"YearsWithCurrManager, StockOptionLevel, NumCompaniesWorked"
1259,Research & Development,Research Scientist,27,2517,0.0204,LOW,99,3,3,"3D graphics software, Advanced numerical software, Critical Thinking",3,Recommended: Advanced Certification in 3D graphics software (Addresses critical gap: 3D graphics software),"PercentSalaryHike, Age, TotalSatisfactionScore"
1260,Research & Development,Healthcare Representative,29,6623,0.0285,LOW,100,3,3,"AcuStaf, Alteer Office, Monitoring, Speaking",4,Recommended: Advanced Certification in AcuStaf (Addresses critical gap: AcuStaf),"OverTime_No, PercentSalaryHike, YearsWithCurrManager"
1263,Research & Development,Research Director,48,18265,0.0037,LOW,100,3,4,"ESRI ArcGIS software, Science, Writing",3,Recommended: Advanced Certification in ESRI ArcGIS software (Addresses critical gap: ESRI ArcGIS software),"NumCompaniesWorked, YearsWithCurrManager, StockOptionLevel"
1264,Research & Development,Research Director,29,16124,0.0028,LOW,100,3,2,"Clinical trial management software, Graphics software",2,Recommended: Advanced Certification in Clinical trial management software (Addresses critical gap: Clinical trial management software),"Age, DailyRate, JobRole_Research Scientist"
1265,Research & Development,Research Scientist,34,2585,0.095,LOW,100,3,2,"3D graphics software, Active Learning, Active Listening, Amazon DynamoDB, Amazon Elastic Compute Cloud EC2, Reading Comprehension",6,Recommended: Advanced Certification in 3D graphics software (Addresses critical gap: 3D graphics software),"StockOptionLevel, YearsWithCurrManager, TotalWorkingYears"
1267,Sales,Manager,44,18213,0.0244,LOW,100,3,3,"ADP Workforce Now, Critical Thinking, Reading Comprehension, Speaking",4,Recommended: Advanced Certification in ADP Workforce Now (Addresses critical gap: ADP Workforce Now),"NumCompaniesWorked, PercentSalaryHike, Gender_Female"
1268,Sales,Sales Executive,33,8380,0.0147,LOW,100,3,3,"Apple Keynote, Critical Thinking",2,Recommended: Advanced Certification in Apple Keynote (Addresses critical gap: Apple Keynote),"OverTime_No, JobRole_Sales Executive, JobLevel"
1269,Research & Development,Research Scientist,19,2994,0.4293,MEDIUM,100,3,3,"3D graphics software, Active Listening, Algorithmic software, Amazon DynamoDB, Critical Thinking, Mathematics",6,Recommended: Advanced Certification in 3D graphics software (Addresses critical gap: 3D graphics software),"OverTime_No, StockOptionLevel, DistanceFromHome"
1270,Research & Development,Research Scientist,23,1223,0.0233,LOW,100,4,3,"3D graphics software, Ada, Algorithmic software, Amazon DynamoDB, Critical Thinking, Mathematics",6,Recommended: Advanced Certification in 3D graphics software (Addresses critical gap: 3D graphics software),"MonthlyIncome, TotalWorkingYears, Age"
1273,Sales,Sales Representative,25,1118,0.9908,HIGH,100,3,3,"3M Post-it App, Active Listening, Adobe Acrobat, Adobe Dreamweaver, Reading Comprehension",5,Recommended: Advanced Certification in 3M Post-it App (Addresses critical gap: 3M Post-it App),"MonthlyIncome, OverTime_No, JobInvolvement"
1275,Research & Development,Research Scientist,26,2875,0.4899,MEDIUM,100,4,2,"Active Learning, Active Listening, Advanced numerical software, Critical Thinking",4,Recommended: Advanced Certification in Active Learning (Addresses critical gap: Active Learning),"OverTime_No, StockOptionLevel, Age"
1277,Sales,Manager,45,18824,0.8821,HIGH,75,3,3,"ADP Workforce Now, Active Listening",2,Recommended: Advanced Certification in ADP Workforce Now (Addresses critical gap: ADP Workforce Now),"JobInvolvement, OverTime_No, TotalSatisfactionScore"
1278,Research & Development,Healthcare Representative,55,13577,0.0207,LOW,100,3,3,"AcuStaf, American Medical Association CodeManager, Critical Thinking",3,Recommended: Advanced Certification in AcuStaf (Addresses critical gap: AcuStaf),"OverTime_No, MonthlyRate, YearsWithCurrManager"
1279,Research & Development,Laboratory Technician,21,2625,0.9259,HIGH,70,4,1,"C++, Email software, Laboratory information management system LIMS, Writing",4,Recommended: Advanced Certification in C++ (Addresses critical gap: C++),"BusinessTravel_Travel_Frequently, TotalSatisfactionScore, TotalWorkingYears"
1280,Sales,Manager,46,18789,0.0128,LOW,100,3,3,"ADP Workforce Now, Adobe Creative Cloud software, Monitoring",3,Recommended: Advanced Certification in ADP Workforce Now (Addresses critical gap: ADP Workforce Now),"Department_Research & Development, EducationField_Marketing, JobRole_Research Scientist"
1281,Sales,Sales Executive,34,4538,0.1133,LOW,100,3,3,"Act!, Monitoring",2,Recommended: Advanced Certification in Act! (Addresses critical gap: Act!),"OverTime_No, StockOptionLevel, JobRole_Sales Executive"
1282,Sales,Manager,51,19847,0.1707,LOW,94,4,2,"Active Listening, Adobe Photoshop",2,Recommended: Active Listening and High-Impact Communication for Leaders (Addresses critical gap: Active Listening),"OverTime_No, TotalSatisfactionScore, BusinessTravel_Travel_Frequently"
1283,Research & Development,Manufacturing Director,59,10512,0.1389,LOW,100,3,2,"Adobe After Effects, Adobe InDesign, Speaking",3,Recommended: Advanced Certification in Adobe After Effects (Addresses critical gap: Adobe After Effects),"NumCompaniesWorked, YearsSinceLastPromotion, DistanceFromHome"
1285,Research & Development,Laboratory Technician,34,4444,0.0873,LOW,100,3,4,"Laboratory information management system LIMS, Linux, Microsoft Access",3,Recommended: Advanced Certification in Laboratory information management system LIMS (Addresses critical gap: Laboratory information management system LIMS),"BusinessTravel_Travel_Frequently, DistanceFromHome, WorkLifeBalance"
1286,Research & Development,Laboratory Technician,28,2154,0.3629,MEDIUM,100,3,2,"C++, Laboratory information management system LIMS, Linux, Reading Comprehension, Science, Writing",6,Recommended: Advanced Certification in C++ (Addresses critical gap: C++),"BusinessTravel_Travel_Frequently, OverTime_No, Age"
1288,Research & Development,Manager,44,19190,0.0058,LOW,92,3,2,ActionWare,1,Recommended: Advanced Certification in ActionWare (Addresses critical gap: ActionWare),"YearsSinceLastPromotion, ExperienceRatio, TotalSatisfactionScore"
1289,Human Resources,Human Resources,34,4490,0.0565,LOW,100,3,4,"Active Listening, Adobe InDesign",2,Recommended: Active Listening and High-Impact Communication for Leaders (Addresses critical gap: Active Listening),"BusinessTravel_Travel_Frequently, PercentSalaryHike, WorkLifeBalance"
1291,Research & Development,Research Scientist,35,3506,0.0364,LOW,100,3,3,"Active Listening, Algorithmic software, Critical Thinking, Reading Comprehension",4,Recommended: Active Listening and High-Impact Communication for Leaders (Addresses critical gap: Active Listening),"OverTime_No, StockOptionLevel, DailyRate"
1292,Research & Development,Research Scientist,42,2372,0.3425,MEDIUM,97,3,3,"Algorithmic software, Mathematics, Reading Comprehension",3,Recommended: Advanced Certification in Algorithmic software (Addresses critical gap: Algorithmic software),"OverTime_No, MonthlyIncome, YearsWithCurrManager"
1293,Sales,Sales Executive,43,10231,0.0544,LOW,100,3,4,"Adobe Creative Cloud software, Airtable, Monitoring",3,Recommended: Advanced Certification in Adobe Creative Cloud software (Addresses critical gap: Adobe Creative Cloud software),"YearsSinceLastPromotion, StockOptionLevel, JobRole_Sales Executive"
1294,Research & Development,Manufacturing Director,36,5410,0.1361,LOW,100,3,3,"Adobe Acrobat, Adobe After Effects, Speaking",3,Recommended: Advanced Certification in Adobe Acrobat (Addresses critical gap: Adobe Acrobat),"OverTime_No, NumCompaniesWorked, DailyRate"
1295,Research & Development,Healthcare Representative,44,7978,0.6109,HIGH,100,3,3,"Active Listening, AcuStaf, Monitoring, Reading Comprehension",4,Recommended: Active Listening and High-Impact Communication for Leaders (Addresses critical gap: Active Listening),"EnvironmentSatisfaction, PercentSalaryHike, DistanceFromHome"
1296,Research & Development,Laboratory Technician,28,3867,0.2929,LOW,100,3,3,"Database software, Laboratory information management system LIMS, Linux, Science",4,Recommended: Advanced Certification in Database software (Addresses critical gap: Database software),"OverTime_No, BusinessTravel_Travel_Frequently, Age"
1297,Research & Development,Laboratory Technician,51,2838,0.4188,MEDIUM,94,3,2,"C++, Laboratory information management system LIMS, Microsoft Access",3,Recommended: Advanced Certification in C++ (Addresses critical gap: C++),"TotalSatisfactionScore, BusinessTravel_Travel_Frequently, StockOptionLevel"
1298,Research & Development,Manufacturing Director,30,4695,0.1386,LOW,100,3,3,"Adobe Acrobat, Adobe Photoshop, Critical Thinking, Reading Comprehension",4,Recommended: Advanced Certification in Adobe Acrobat (Addresses critical gap: Adobe Acrobat),"OverTime_No, NumCompaniesWorked, StockOptionLevel"
1299,Research & Development,Laboratory Technician,29,3339,0.8754,HIGH,80,3,3,C++,1,Recommended: Advanced Certification in C++ (Addresses critical gap: C++),"OverTime_No, TotalSatisfactionScore, EducationField_Technical Degree"
1301,Research & Development,Research Scientist,28,2080,0.204,LOW,78,3,2,"Ada, Critical Thinking, Mathematics, Reading Comprehension",4,Recommended: Advanced Certification in Ada (Addresses critical gap: Ada),"MonthlyIncome, TotalSatisfactionScore, StockOptionLevel"
1303,Research & Development,Research Scientist,25,2096,0.1673,LOW,100,3,2,"3D graphics software, Ada, Advanced numerical software, Algorithmic software, Amazon DynamoDB, Critical Thinking, Reading Comprehension",7,Recommended: Advanced Certification in 3D graphics software (Addresses critical gap: 3D graphics software),"Age, MonthlyIncome, StockOptionLevel"
1304,Sales,Sales Executive,32,6209,0.0354,LOW,100,3,4,"Active Listening, Adobe Acrobat, Adobe Creative Cloud software, Airtable",4,Recommended: Active Listening and High-Impact Communication for Leaders (Addresses critical gap: Active Listening),"ExperienceRatio, MonthlyRate, WorkLifeBalance"
1306,Research & Development,Manager,45,18061,0.0698,LOW,95,4,3,"ActionWare, Adobe Creative Cloud software",2,Recommended: Advanced Certification in ActionWare (Addresses critical gap: ActionWare),"DistanceFromHome, YearsWithCurrManager, DailyRate"
1307,Research & Development,Manager,39,17123,0.0694,LOW,100,3,3,"Act!, Critical Thinking",2,Recommended: Advanced Certification in Act! (Addresses critical gap: Act!),"OverTime_No, DailyRate, NumCompaniesWorked"
1308,Research & Development,Research Scientist,58,2372,0.1002,LOW,100,3,3,"3D graphics software, Active Learning, Active Listening, Reading Comprehension",4,Recommended: Advanced Certification in 3D graphics software (Addresses critical gap: 3D graphics software),"MonthlyIncome, TotalWorkingYears, DistanceFromHome"
1309,Research & Development,Laboratory Technician,32,4883,0.4649,MEDIUM,100,3,3,"Database software, Reading Comprehension",2,Recommended: Advanced Certification in Database software (Addresses critical gap: Database software),"DailyRate, JobRole_Laboratory Technician, RelationshipSatisfaction"
1310,Research & Development,Research Scientist,39,3904,0.5813,MEDIUM,65,3,3,"Algorithmic software, Amazon DynamoDB, Amazon Elastic Compute Cloud EC2, Mathematics, Reading Comprehension",5,Recommended: Advanced Certification in Algorithmic software (Addresses critical gap: Algorithmic software),"TotalSatisfactionScore, StockOptionLevel, DailyRate"
1311,Research & Development,Laboratory Technician,30,4627,0.0228,LOW,100,3,3,Email software,1,Recommended: Advanced Certification in Email software (Addresses critical gap: Email software),"RelationshipSatisfaction, YearsSinceLastPromotion, JobRole_Laboratory Technician"
1312,Research & Development,Healthcare Representative,36,7094,0.053,LOW,100,3,3,"Allscripts healthcare automation software, Alteer Office, Monitoring",3,Recommended: Advanced Certification in Allscripts healthcare automation software (Addresses critical gap: Allscripts healthcare automation software),"DistanceFromHome, ExperienceRatio, StockOptionLevel"
1314,Human Resources,Human Resources,46,3423,0.122,LOW,100,3,4,"Adobe Human Capital Application Solution Accelerator, Reading Comprehension",2,Recommended: Advanced Certification in Adobe Human Capital Application Solution Accelerator (Addresses critical gap: Adobe Human Capital Application Solution Accelerator),"StockOptionLevel, NumCompaniesWorked, WorkLifeBalance"
1315,Research & Development,Laboratory Technician,28,6674,0.0171,LOW,100,3,3,Email software,1,Recommended: Advanced Certification in Email software (Addresses critical gap: Email software),"JobInvolvement, PercentSalaryHike, Age"
1317,Research & Development,Research Director,50,16880,0.083,LOW,94,3,3,Critical Thinking,1,Recommended: Executive Decision Making & Critical Thinking Workshop (Addresses critical gap: Critical Thinking),"OverTime_No, DistanceFromHome, StockOptionLevel"
1318,Sales,Sales Executive,40,9094,0.7213,HIGH,93,3,3,Adobe ActionScript,1,Recommended: Advanced Certification in Adobe ActionScript (Addresses critical gap: Adobe ActionScript),"OverTime_No, DistanceFromHome, YearsWithCurrManager"
1319,Sales,Sales Executive,52,8446,0.898,HIGH,72,3,2,Apple Keynote,1,Recommended: Advanced Certification in Apple Keynote (Addresses critical gap: Apple Keynote),"OverTime_No, StockOptionLevel, TotalSatisfactionScore"
1321,Research & Development,Manager,30,11916,0.2237,LOW,93,4,3,"ADP Workforce Now, ActionWare, Active Listening",3,Recommended: Advanced Certification in ADP Workforce Now (Addresses critical gap: ADP Workforce Now),"OverTime_No, Age, DistanceFromHome"
1322,Research & Development,Manufacturing Director,39,4534,0.0702,LOW,95,3,3,"Adobe InDesign, Adobe Photoshop",2,Recommended: Advanced Certification in Adobe InDesign (Addresses critical gap: Adobe InDesign),"TotalSatisfactionScore, StockOptionLevel, EnvironmentSatisfaction"
1324,Sales,Sales Executive,31,9852,0.2532,LOW,100,3,2,"Adobe Acrobat, Adobe ActionScript, Apple Keynote, Monitoring",4,Recommended: Advanced Certification in Adobe Acrobat (Addresses critical gap: Adobe Acrobat),"OverTime_No, TotalSatisfactionScore, YearsSinceLastPromotion"
1329,Sales,Sales Executive,41,6151,0.0977,LOW,100,3,3,Apple Keynote,1,Recommended: Advanced Certification in Apple Keynote (Addresses critical gap: Apple Keynote),"JobInvolvement, StockOptionLevel, TotalSatisfactionScore"
1331,Sales,Sales Representative,31,2302,0.933,HIGH,95,3,4,"3M Post-it App, Active Listening, Adobe Creative Cloud software, Adobe Dreamweaver, Writing",5,Recommended: Advanced Certification in 3M Post-it App (Addresses critical gap: 3M Post-it App),"OverTime_No, BusinessTravel_Travel_Frequently, MonthlyIncome"
1333,Research & Development,Laboratory Technician,44,2362,0.3159,MEDIUM,82,3,4,"Critical Thinking, Email software, Linux, Monitoring, Writing",5,Recommended: Executive Decision Making & Critical Thinking Workshop (Addresses critical gap: Critical Thinking),"TotalSatisfactionScore, StockOptionLevel, JobRole_Laboratory Technician"
1334,Research & Development,Manager,42,17861,0.0325,LOW,100,3,2,"ADP Workforce Now, Active Listening",2,Recommended: Advanced Certification in ADP Workforce Now (Addresses critical gap: ADP Workforce Now),"OverTime_No, StockOptionLevel, ExperienceRatio"
1336,Research & Development,Manager,55,19187,0.1064,LOW,100,3,3,"Active Listening, Adobe Acrobat, Adobe Creative Cloud software",3,Recommended: Active Listening and High-Impact Communication for Leaders (Addresses critical gap: Active Listening),"JobInvolvement, YearsSinceLastPromotion, DailyRate"
1338,Human Resources,Manager,56,19717,0.0444,LOW,100,3,3,"ADP Workforce Now, Active Listening, Adobe Photoshop, Speaking",4,Recommended: Advanced Certification in ADP Workforce Now (Addresses critical gap: ADP Workforce Now),"NumCompaniesWorked, YearsSinceLastPromotion, StockOptionLevel"
1340,Research & Development,Research Scientist,40,3544,0.0263,LOW,100,3,3,"Active Learning, Active Listening, Amazon Elastic Compute Cloud EC2",3,Recommended: Advanced Certification in Active Learning (Addresses critical gap: Active Learning),"YearsWithCurrManager, NumCompaniesWorked, DistanceFromHome"
1344,Research & Development,Healthcare Representative,34,8500,0.0324,LOW,100,3,2,"Active Listening, Critical Thinking, Monitoring",3,Recommended: Active Listening and High-Impact Communication for Leaders (Addresses critical gap: Active Listening),"PercentSalaryHike, DistanceFromHome, TrainingTimesLastYear"
1346,Research & Development,Research Scientist,40,4661,0.0723,LOW,100,3,3,"3D graphics software, Active Learning, Advanced numerical software, Critical Thinking",4,Recommended: Advanced Certification in 3D graphics software (Addresses critical gap: 3D graphics software),"YearsSinceLastPromotion, StockOptionLevel, ExperienceRatio"
1349,Sales,Sales Executive,41,4103,0.0428,LOW,100,3,3,"Act!, Speaking",2,Recommended: Advanced Certification in Act! (Addresses critical gap: Act!),"BusinessTravel_Travel_Frequently, JobSatisfaction, JobRole_Sales Executive"
1350,Research & Development,Research Scientist,35,4249,0.2113,LOW,100,3,3,"Active Listening, Ada, Amazon DynamoDB",3,Recommended: Active Listening and High-Impact Communication for Leaders (Addresses critical gap: Active Listening),"OverTime_No, BusinessTravel_Travel_Frequently, StockOptionLevel"
1352,Human Resources,Manager,51,14026,0.0375,LOW,100,3,3,"Active Listening, Adobe Creative Cloud software, Speaking",3,Recommended: Active Listening and High-Impact Communication for Leaders (Addresses critical gap: Active Listening),"OverTime_No, PercentSalaryHike, TotalSatisfactionScore"
1355,Sales,Sales Executive,38,6893,0.0533,LOW,97,3,3,"Monitoring, Reading Comprehension, Speaking",3,Recommended: Performance Monitoring and KPI Management Masterclass (Addresses critical gap: Monitoring),"TotalSatisfactionScore, Department_Research & Development, JobRole_Sales Executive"
1356,Sales,Sales Executive,34,6125,0.1338,LOW,100,3,4,"Act!, Adobe Acrobat, Airtable",3,Recommended: Advanced Certification in Act! (Addresses critical gap: Act!),"DistanceFromHome, YearsSinceLastPromotion, ExperienceRatio"
1358,Research & Development,Laboratory Technician,25,3669,0.0679,LOW,100,3,2,"C++, Email software, Laboratory information management system LIMS, Microsoft Access, Monitoring, Science",6,Recommended: Advanced Certification in C++ (Addresses critical gap: C++),"JobRole_Laboratory Technician, Age, DailyRate"
1360,Research & Development,Manufacturing Director,58,10008,0.7292,HIGH,73,3,2,"Adobe After Effects, Adobe Photoshop",2,Recommended: Advanced Certification in Adobe After Effects (Addresses critical gap: Adobe After Effects),"OverTime_No, StockOptionLevel, NumCompaniesWorked"
1361,Research & Development,Laboratory Technician,40,2387,0.0801,LOW,100,4,3,"C++, Critical Thinking, Email software, Linux, Microsoft Access, Monitoring",6,Recommended: Advanced Certification in C++ (Addresses critical gap: C++),"MonthlyIncome, DailyRate, JobRole_Laboratory Technician"
1362,Sales,Sales Executive,36,4639,0.0481,LOW,75,3,2,"Adobe Acrobat, Apple Keynote, Monitoring",3,Recommended: Advanced Certification in Adobe Acrobat (Addresses critical gap: Adobe Acrobat),"TotalSatisfactionScore, BusinessTravel_Travel_Frequently, YearsSinceLastPromotion"
1363,Research & Development,Manufacturing Director,48,7898,0.0251,LOW,100,3,3,"ABB Optimize IT Predict & Control, Adobe Photoshop, Apple Final Cut Pro",3,Recommended: Advanced Certification in ABB Optimize IT Predict & Control (Addresses critical gap: ABB Optimize IT Predict & Control),"StockOptionLevel, PercentSalaryHike, IncomePerYearAtCompany"
1364,Sales,Sales Representative,27,2534,0.1627,LOW,100,3,3,"3M Post-it App, Adobe Creative Cloud software, Critical Thinking, Reading Comprehension, Writing",5,Recommended: Advanced Certification in 3M Post-it App (Addresses critical gap: 3M Post-it App),"YearsWithCurrManager, Age, NumCompaniesWorked"
1367,Research & Development,Manufacturing Director,51,13142,0.0128,LOW,98,3,2,"Active Listening, Adobe Photoshop",2,Recommended: Active Listening and High-Impact Communication for Leaders (Addresses critical gap: Active Listening),"StockOptionLevel, DistanceFromHome, EducationField_Technical Degree"
1368,Research & Development,Laboratory Technician,18,1611,0.1482,LOW,100,3,4,"Critical Thinking, Microsoft Access, Monitoring, Reading Comprehension, Science, Writing",6,Recommended: Executive Decision Making & Critical Thinking Workshop (Addresses critical gap: Critical Thinking),"YearsWithCurrManager, MonthlyIncome, TotalWorkingYears"
1369,Research & Development,Laboratory Technician,35,5363,0.0144,LOW,100,3,3,"Science, Writing",2,Recommended: Advanced Certification in Science (Addresses critical gap: Science),"YearsWithCurrManager, MonthlyRate, JobRole_Research Scientist"
1371,Sales,Sales Executive,27,5071,0.1556,LOW,100,4,3,"Adobe Creative Cloud software, Apple Keynote, Monitoring, Speaking",4,Recommended: Advanced Certification in Adobe Creative Cloud software (Addresses critical gap: Adobe Creative Cloud software),"JobInvolvement, YearsWithCurrManager, BusinessTravel_Travel_Frequently"
1372,Sales,Sales Executive,55,13695,0.94,HIGH,70,3,2,"Airtable, Apple Keynote, Reading Comprehension",3,Recommended: Advanced Certification in Airtable (Addresses critical gap: Airtable),"OverTime_No, StockOptionLevel, TotalSatisfactionScore"
1373,Research & Development,Manufacturing Director,56,13402,0.1047,LOW,100,3,3,Reading Comprehension,1,Recommended: Information Synthesis and Rapid Document Analysis (Addresses critical gap: Reading Comprehension),"OverTime_No, DistanceFromHome, TotalSatisfactionScore"
1374,Research & Development,Research Scientist,34,2029,0.0651,LOW,92,4,3,"3D graphics software, Advanced numerical software, Amazon Elastic Compute Cloud EC2, Reading Comprehension",4,Recommended: Advanced Certification in 3D graphics software (Addresses critical gap: 3D graphics software),"YearsWithCurrManager, MonthlyIncome, DistanceFromHome"
1375,Research & Development,Healthcare Representative,40,6377,0.0105,LOW,99,4,3,"3DGrid HIPAA Checkup, Critical Thinking, Speaking",3,Recommended: Advanced Certification in 3DGrid HIPAA Checkup (Addresses critical gap: 3DGrid HIPAA Checkup),"NumCompaniesWorked, YearsSinceLastPromotion, JobRole_Research Scientist"
1377,Research & Development,Laboratory Technician,34,5429,0.0973,LOW,100,3,3,Database software,1,Recommended: Advanced Certification in Database software (Addresses critical gap: Database software),"DistanceFromHome, TotalSatisfactionScore, JobRole_Laboratory Technician"
1379,Sales,Sales Representative,31,2785,0.8777,HIGH,100,3,4,"Active Listening, Adobe Creative Cloud software, Reading Comprehension, Speaking",4,Recommended: Active Listening and High-Impact Communication for Leaders (Addresses critical gap: Active Listening),"YearsWithCurrManager, BusinessTravel_Travel_Frequently, Age"
1380,Sales,Sales Executive,35,4614,0.7813,HIGH,100,3,2,"Adobe Acrobat, Adobe ActionScript, Critical Thinking, Monitoring, Speaking",5,Recommended: Advanced Certification in Adobe Acrobat (Addresses critical gap: Adobe Acrobat),"OverTime_No, BusinessTravel_Travel_Frequently, DistanceFromHome"
1382,Research & Development,Research Scientist,38,2610,0.0128,LOW,100,3,3,"3D graphics software, Ada, Advanced numerical software, Mathematics",4,Recommended: Advanced Certification in 3D graphics software (Addresses critical gap: 3D graphics software),"BusinessTravel_Travel_Frequently, PercentSalaryHike, DailyRate"
1383,Research & Development,Healthcare Representative,34,6687,0.0355,LOW,100,3,4,"Adobe Acrobat, Critical Thinking",2,Recommended: Advanced Certification in Adobe Acrobat (Addresses critical gap: Adobe Acrobat),"DailyRate, YearsSinceLastPromotion, PercentSalaryHike"
1387,Sales,Sales Executive,28,4724,0.1322,LOW,96,3,3,"Airtable, Monitoring, Reading Comprehension",3,Recommended: Advanced Certification in Airtable (Addresses critical gap: Airtable),"PercentSalaryHike, DistanceFromHome, Age"
1389,Research & Development,Manufacturing Director,31,6179,0.1349,LOW,100,3,2,"ABB Optimize IT Predict & Control, Adobe Acrobat, Adobe Photoshop, Critical Thinking",4,Recommended: Advanced Certification in ABB Optimize IT Predict & Control (Addresses critical gap: ABB Optimize IT Predict & Control),"OverTime_No, YearsSinceLastPromotion, DistanceFromHome"
1390,Sales,Sales Executive,39,6120,0.0589,LOW,100,3,4,"Airtable, Speaking",2,Recommended: Advanced Certification in Airtable (Addresses critical gap: Airtable),"OverTime_No, DistanceFromHome, EnvironmentSatisfaction"
1391,Sales,Sales Executive,51,10596,0.3627,MEDIUM,99,3,3,"Active Listening, Adobe Acrobat, Adobe Creative Cloud software",3,Recommended: Active Listening and High-Impact Communication for Leaders (Addresses critical gap: Active Listening),"TotalSatisfactionScore, StockOptionLevel, BusinessTravel_Travel_Frequently"
1392,Research & Development,Research Scientist,41,5467,0.0477,LOW,100,3,2,"Ada, Mathematics",2,Recommended: Advanced Certification in Ada (Addresses critical gap: Ada),"OverTime_No, BusinessTravel_Travel_Frequently, DistanceFromHome"
1394,Research & Development,Research Scientist,37,2996,0.1224,LOW,100,3,3,"Active Listening, Algorithmic software, Amazon DynamoDB, Critical Thinking, Mathematics",5,Recommended: Active Listening and High-Impact Communication for Leaders (Addresses critical gap: Active Listening),"OverTime_No, StockOptionLevel, NumCompaniesWorked"
1395,Sales,Sales Executive,33,9998,0.2705,LOW,100,3,4,Reading Comprehension,1,Recommended: Information Synthesis and Rapid Document Analysis (Addresses critical gap: Reading Comprehension),"NumCompaniesWorked, BusinessTravel_Travel_Frequently, StockOptionLevel"
1396,Sales,Sales Executive,32,4078,0.3919,MEDIUM,78,3,2,"Act!, Active Listening, Adobe Creative Cloud software, Monitoring, Reading Comprehension",5,Recommended: Advanced Certification in Act! (Addresses critical gap: Act!),"OverTime_No, TotalSatisfactionScore, ExperienceRatio"
1397,Research & Development,Healthcare Representative,39,10920,0.0063,LOW,100,4,3,"Adobe Acrobat, Alteer Office, American Medical Association CodeManager",3,Recommended: Advanced Certification in Adobe Acrobat (Addresses critical gap: Adobe Acrobat),"DistanceFromHome, JobRole_Research Scientist, Gender_Female"
1399,Sales,Sales Executive,25,6232,0.2242,LOW,86,3,2,"Adobe ActionScript, Monitoring",2,Recommended: Advanced Certification in Adobe ActionScript (Addresses critical gap: Adobe ActionScript),"StockOptionLevel, TotalSatisfactionScore, EnvironmentSatisfaction"
1401,Research & Development,Manufacturing Director,52,13247,0.0668,LOW,100,3,2,Speaking,1,Recommended: Advanced Executive Presentation and Persuasive Speaking (Addresses critical gap: Speaking),"OverTime_No, DistanceFromHome, DailyRate"
1402,Research & Development,Research Scientist,43,4081,0.0774,LOW,73,3,1,"Active Learning, Critical Thinking",2,Recommended: Advanced Certification in Active Learning (Addresses critical gap: Active Learning),"StockOptionLevel, TotalSatisfactionScore, OverTime_No"
1403,Sales,Sales Executive,27,5769,0.1907,LOW,100,3,3,"Act!, Adobe ActionScript, Apple Keynote, Speaking",4,Recommended: Advanced Certification in Act! (Addresses critical gap: Act!),"OverTime_No, YearsSinceLastPromotion, StockOptionLevel"
1405,Research & Development,Research Scientist,27,2394,0.9093,HIGH,100,3,3,"Active Learning, Ada, Critical Thinking, Mathematics",4,Recommended: Advanced Certification in Active Learning (Addresses critical gap: Active Learning),"OverTime_No, MonthlyIncome, StockOptionLevel"
1407,Research & Development,Research Scientist,26,3904,0.0677,LOW,100,3,3,"Ada, Algorithmic software, Mathematics",3,Recommended: Advanced Certification in Ada (Addresses critical gap: Ada),"StockOptionLevel, Age, ExperienceRatio"
1408,Human Resources,Manager,42,16799,0.018,LOW,99,3,3,"Adobe Acrobat, Adobe Creative Cloud software, Adobe Photoshop, Critical Thinking",4,Recommended: Advanced Certification in Adobe Acrobat (Addresses critical gap: Adobe Acrobat),"ExperienceRatio, TotalSatisfactionScore, DistanceFromHome"
1409,Research & Development,Laboratory Technician,52,2950,0.3284,MEDIUM,83,3,1,"Critical Thinking, Email software, Laboratory information management system LIMS, Science",4,Recommended: Executive Decision Making & Critical Thinking Workshop (Addresses critical gap: Critical Thinking),"TotalSatisfactionScore, StockOptionLevel, DailyRate"
1411,Research & Development,Laboratory Technician,37,3629,0.38,MEDIUM,99,3,3,"C++, Critical Thinking, Email software, Laboratory information management system LIMS, Monitoring, Reading Comprehension",6,Recommended: Advanced Certification in C++ (Addresses critical gap: C++),"TotalSatisfactionScore, StockOptionLevel, DistanceFromHome"
1412,Research & Development,Manufacturing Director,35,9362,0.0449,LOW,100,3,3,"Adobe InDesign, Adobe Photoshop, Apple Final Cut Pro",3,Recommended: Advanced Certification in Adobe InDesign (Addresses critical gap: Adobe InDesign),"BusinessTravel_Travel_Frequently, DistanceFromHome, StockOptionLevel"
1415,Research & Development,Laboratory Technician,25,3229,0.2797,LOW,98,3,2,"Critical Thinking, Email software, Laboratory information management system LIMS, Monitoring, Science, Writing",6,Recommended: Executive Decision Making & Critical Thinking Workshop (Addresses critical gap: Critical Thinking),"Age, PercentSalaryHike, TotalSatisfactionScore"
1417,Research & Development,Laboratory Technician,26,3578,0.0592,LOW,100,3,3,"Microsoft Access, Science",2,Recommended: Advanced Certification in Microsoft Access (Addresses critical gap: Microsoft Access),"StockOptionLevel, Age, JobRole_Laboratory Technician"
1419,Human Resources,Human Resources,29,7988,0.4564,MEDIUM,70,3,2,Writing,1,Recommended: Business and Technical Writing Excellence (Addresses critical gap: Writing),"TotalSatisfactionScore, StockOptionLevel, DistanceFromHome"
1420,Research & Development,Laboratory Technician,49,4284,0.8468,HIGH,59,4,3,"Email software, Monitoring",2,Recommended: Advanced Certification in Email software (Addresses critical gap: Email software),"TotalSatisfactionScore, BusinessTravel_Travel_Frequently, StockOptionLevel"
1421,Research & Development,Healthcare Representative,29,7553,0.8917,HIGH,100,3,3,"AcuStaf, Adobe Acrobat, Critical Thinking",3,Recommended: Advanced Certification in AcuStaf (Addresses critical gap: AcuStaf),"OverTime_No, BusinessTravel_Travel_Frequently, DailyRate"
1422,Research & Development,Research Director,54,17328,0.02,LOW,100,3,2,"Reading Comprehension, Science",2,Recommended: Information Synthesis and Rapid Document Analysis (Addresses critical gap: Reading Comprehension),"YearsSinceLastPromotion, NumCompaniesWorked, StockOptionLevel"
1423,Research & Development,Research Director,58,19701,0.0218,LOW,100,4,3,"Active Listening, ESRI ArcGIS software, Reading Comprehension",3,Recommended: Active Listening and High-Impact Communication for Leaders (Addresses critical gap: Active Listening),"OverTime_No, MonthlyRate, JobRole_Research Scientist"
1424,Research & Development,Research Director,55,14732,0.0022,LOW,100,3,4,Critical Thinking,1,Recommended: Executive Decision Making & Critical Thinking Workshop (Addresses critical gap: Critical Thinking),"YearsWithCurrManager, MonthlyRate, JobRole_Research Scientist"
1425,Sales,Sales Executive,36,9278,0.3691,MEDIUM,98,3,3,"Adobe Acrobat, Adobe Creative Cloud software, Critical Thinking",3,Recommended: Advanced Certification in Adobe Acrobat (Addresses critical gap: Adobe Acrobat),"OverTime_No, StockOptionLevel, TotalSatisfactionScore"
1427,Sales,Sales Representative,31,1359,0.9878,HIGH,100,3,3,"3M Post-it App, ACT! Premium, Adobe Acrobat, Adobe Dreamweaver, Critical Thinking, Speaking, Writing",7,Recommended: Advanced Certification in 3M Post-it App (Addresses critical gap: 3M Post-it App),"JobInvolvement, MonthlyIncome, YearsWithCurrManager"
1428,Sales,Sales Executive,30,4779,0.1969,LOW,96,3,3,"Act!, Active Listening, Adobe Acrobat, Adobe ActionScript, Apple Keynote, Speaking",6,Recommended: Advanced Certification in Act! (Addresses critical gap: Act!),"NumCompaniesWorked, Age, JobSatisfaction"
1430,Research & Development,Research Director,31,16422,0.0326,LOW,100,3,4,Adobe Acrobat,1,Recommended: Advanced Certification in Adobe Acrobat (Addresses critical gap: Adobe Acrobat),"EnvironmentSatisfaction, YearsWithCurrManager, Age"
1431,Research & Development,Research Scientist,34,2996,0.094,LOW,100,3,3,"Advanced numerical software, Amazon Elastic Compute Cloud EC2, Mathematics",3,Recommended: Advanced Certification in Advanced numerical software (Addresses critical gap: Advanced numerical software),"BusinessTravel_Travel_Frequently, NumCompaniesWorked, JobSatisfaction"
1433,Research & Development,Research Scientist,31,1261,0.8947,HIGH,84,3,4,"Active Learning, Active Listening, Ada, Advanced numerical software, Algorithmic software, Amazon DynamoDB, Critical Thinking",7,Recommended: Advanced Certification in Active Learning (Addresses critical gap: Active Learning),"MonthlyIncome, YearsWithCurrManager, TotalWorkingYears"
1434,Research & Development,Laboratory Technician,27,2099,0.1554,LOW,91,3,4,"C++, Linux, Microsoft Access, Science",4,Recommended: Advanced Certification in C++ (Addresses critical gap: C++),"TotalSatisfactionScore, StockOptionLevel, JobRole_Laboratory Technician"
1435,Research & Development,Laboratory Technician,36,5810,0.0909,LOW,100,3,2,"Database software, Laboratory information management system LIMS, Microsoft Access, Science",4,Recommended: Advanced Certification in Database software (Addresses critical gap: Database software),"EnvironmentSatisfaction, JobRole_Laboratory Technician, StockOptionLevel"
1436,Sales,Sales Executive,36,5647,0.1215,LOW,78,3,2,"Act!, Apple Keynote, Critical Thinking, Monitoring",4,Recommended: Advanced Certification in Act! (Addresses critical gap: Act!),"TotalSatisfactionScore, DistanceFromHome, JobSatisfaction"
1438,Research & Development,Research Scientist,47,3420,0.0365,LOW,100,3,2,"Amazon DynamoDB, Critical Thinking, Reading Comprehension",3,Recommended: Advanced Certification in Amazon DynamoDB (Addresses critical gap: Amazon DynamoDB),"NumCompaniesWorked, EnvironmentSatisfaction, EducationField_Technical Degree"
1439,Sales,Sales Representative,25,4400,0.5589,MEDIUM,52,3,3,"3M Post-it App, ACT! Premium, Adobe Acrobat, Critical Thinking, Writing",5,Recommended: Advanced Certification in 3M Post-it App (Addresses critical gap: 3M Post-it App),"TotalSatisfactionScore, StockOptionLevel, DistanceFromHome"
1440,Research & Development,Laboratory Technician,37,3500,0.0566,LOW,90,3,1,"Laboratory information management system LIMS, Linux, Reading Comprehension, Writing",4,Recommended: Advanced Certification in Laboratory information management system LIMS (Addresses critical gap: Laboratory information management system LIMS),"StockOptionLevel, TotalSatisfactionScore, WorkLifeBalance"
1441,Research & Development,Research Scientist,56,2066,0.117,LOW,100,4,4,"Active Learning, Ada, Advanced numerical software, Amazon DynamoDB, Critical Thinking, Mathematics",6,Recommended: Advanced Certification in Active Learning (Addresses critical gap: Active Learning),"MonthlyIncome, YearsWithCurrManager, EnvironmentSatisfaction"
1443,Research & Development,Research Director,47,17169,0.0103,LOW,100,3,4,Science,1,Recommended: Advanced Certification in Science (Addresses critical gap: Science),"DailyRate, EnvironmentSatisfaction, JobRole_Research Scientist"
1445,Sales,Sales Executive,24,4162,0.0654,LOW,100,3,3,"Active Listening, Adobe Acrobat, Critical Thinking, Monitoring",4,Recommended: Active Listening and High-Impact Communication for Leaders (Addresses critical gap: Active Listening),"OverTime_No, Age, JobRole_Sales Executive"
1446,Sales,Sales Executive,32,9204,0.0932,LOW,100,3,2,"Act!, Adobe Acrobat, Airtable",3,Recommended: Advanced Certification in Act! (Addresses critical gap: Act!),"MonthlyRate, JobRole_Research Scientist, Department_Research & Development"
1447,Research & Development,Laboratory Technician,34,3294,0.1206,LOW,97,3,2,"Critical Thinking, Laboratory information management system LIMS, Microsoft Access, Writing",4,Recommended: Executive Decision Making & Critical Thinking Workshop (Addresses critical gap: Critical Thinking),"NumCompaniesWorked, DailyRate, TotalSatisfactionScore"
1448,Research & Development,Research Scientist,41,2127,0.7096,HIGH,95,3,2,"3D graphics software, Active Learning, Algorithmic software, Amazon Elastic Compute Cloud EC2, Reading Comprehension",5,Recommended: Advanced Certification in 3D graphics software (Addresses critical gap: 3D graphics software),"OverTime_No, TotalSatisfactionScore, StockOptionLevel"
1449,Research & Development,Laboratory Technician,40,3975,0.046,LOW,100,3,4,"C++, Reading Comprehension",2,Recommended: Advanced Certification in C++ (Addresses critical gap: C++),"PercentSalaryHike, MonthlyRate, JobRole_Laboratory Technician"
1453,Sales,Sales Executive,31,10793,0.0988,LOW,100,3,3,"Adobe ActionScript, Critical Thinking, Speaking",3,Recommended: Advanced Certification in Adobe ActionScript (Addresses critical gap: Adobe ActionScript),"YearsSinceLastPromotion, TotalSatisfactionScore, ExperienceRatio"
1457,Sales,Sales Executive,46,10096,0.7503,HIGH,93,3,4,"Act!, Adobe ActionScript, Adobe Creative Cloud software, Airtable",4,Recommended: Advanced Certification in Act! (Addresses critical gap: Act!),"DistanceFromHome, PercentSalaryHike, DailyRate"
1458,Research & Development,Laboratory Technician,39,3646,0.9301,HIGH,72,4,4,"Critical Thinking, Database software, Email software, Laboratory information management system LIMS, Reading Comprehension, Science",6,Recommended: Executive Decision Making & Critical Thinking Workshop (Addresses critical gap: Critical Thinking),"OverTime_No, TotalSatisfactionScore, YearsWithCurrManager"
1459,Research & Development,Manufacturing Director,31,7446,0.7955,HIGH,86,3,3,"Active Listening, Critical Thinking",2,Recommended: Active Listening and High-Impact Communication for Leaders (Addresses critical gap: Active Listening),"BusinessTravel_Travel_Frequently, StockOptionLevel, TotalSatisfactionScore"
1460,Research & Development,Healthcare Representative,45,10851,0.0413,LOW,81,3,3,"3DGrid HIPAA Checkup, Speaking",2,Recommended: Advanced Certification in 3DGrid HIPAA Checkup (Addresses critical gap: 3DGrid HIPAA Checkup),"OverTime_No, TotalSatisfactionScore, JobInvolvement"
1461,Human Resources,Human Resources,31,2109,0.1027,LOW,100,3,3,"Adobe Creative Cloud software, Adobe Human Capital Application Solution Accelerator, Reading Comprehension, Speaking",4,Recommended: Advanced Certification in Adobe Creative Cloud software (Addresses critical gap: Adobe Creative Cloud software),"StockOptionLevel, NumCompaniesWorked, MonthlyIncome"
1464,Research & Development,Laboratory Technician,31,3722,0.9636,HIGH,83,3,1,"Monitoring, Reading Comprehension, Writing",3,Recommended: Performance Monitoring and KPI Management Masterclass (Addresses critical gap: Monitoring),"OverTime_No, BusinessTravel_Travel_Frequently, Age"
1465,Research & Development,Manufacturing Director,45,9380,0.0388,LOW,100,3,4,"Adobe After Effects, Monitoring, Speaking",3,Recommended: Advanced Certification in Adobe After Effects (Addresses critical gap: Adobe After Effects),"OverTime_No, DistanceFromHome, WorkLifeBalance"
1466,Sales,Sales Executive,48,5486,0.0443,LOW,87,3,3,"Adobe Acrobat, Adobe Creative Cloud software, Apple Keynote, Monitoring",4,Recommended: Advanced Certification in Adobe Acrobat (Addresses critical gap: Adobe Acrobat),"TotalSatisfactionScore, RelationshipSatisfaction, PercentSalaryHike"
1467,Human Resources,Human Resources,34,2742,0.7846,HIGH,99,3,3,"Adobe Acrobat, Adobe Creative Cloud software, Adobe Human Capital Application Solution Accelerator, Critical Thinking, Speaking",5,Recommended: Advanced Certification in Adobe Acrobat (Addresses critical gap: Adobe Acrobat),"TotalWorkingYears, EducationField_Technical Degree, StockOptionLevel"
1468,Research & Development,Research Director,40,13757,0.0098,LOW,100,3,3,"Critical Thinking, Reading Comprehension, Science",3,Recommended: Executive Decision Making & Critical Thinking Workshop (Addresses critical gap: Critical Thinking),"PercentSalaryHike, MonthlyRate, YearsSinceLastPromotion"
1469,Sales,Sales Executive,28,8463,0.1053,LOW,100,3,3,Act!,1,Recommended: Advanced Certification in Act! (Addresses critical gap: Act!),"StockOptionLevel, Age, JobSatisfaction"
1471,Research & Development,Laboratory Technician,44,3162,0.017,LOW,100,3,3,"C++, Database software, Linux, Science",4,Recommended: Advanced Certification in C++ (Addresses critical gap: C++),"JobRole_Laboratory Technician, StockOptionLevel, MonthlyIncome"
1472,Research & Development,Research Director,53,16598,0.0226,LOW,100,3,2,Graphics software,1,Recommended: Advanced Certification in Graphics software (Addresses critical gap: Graphics software),"StockOptionLevel, YearsSinceLastPromotion, NumCompaniesWorked"
1473,Research & Development,Healthcare Representative,49,6651,0.0164,LOW,88,3,2,"3DGrid HIPAA Checkup, American Medical Association CodeManager, Speaking",3,Recommended: Advanced Certification in 3DGrid HIPAA Checkup (Addresses critical gap: 3DGrid HIPAA Checkup),"TotalSatisfactionScore, EnvironmentSatisfaction, JobRole_Research Scientist"
1474,Research & Development,Research Scientist,40,2345,0.0229,LOW,100,3,4,"Active Listening, Ada, Advanced numerical software, Amazon DynamoDB",4,Recommended: Active Listening and High-Impact Communication for Leaders (Addresses critical gap: Active Listening),"MonthlyIncome, DailyRate, WorkLifeBalance"
1475,Research & Development,Research Scientist,44,3420,0.0925,LOW,100,3,2,"3D graphics software, Advanced numerical software, Amazon DynamoDB, Amazon Elastic Compute Cloud EC2, Mathematics, Reading Comprehension",6,Recommended: Advanced Certification in 3D graphics software (Addresses critical gap: 3D graphics software),"StockOptionLevel, DistanceFromHome, IncomePerYearAtCompany"
1477,Sales,Sales Executive,33,4373,0.2319,LOW,86,3,3,"Adobe Acrobat, Adobe Creative Cloud software, Airtable, Critical Thinking, Monitoring",5,Recommended: Advanced Certification in Adobe Acrobat (Addresses critical gap: Adobe Acrobat),"BusinessTravel_Travel_Frequently, TotalSatisfactionScore, DailyRate"
1478,Sales,Sales Executive,34,4759,0.2453,LOW,100,3,3,"Adobe ActionScript, Reading Comprehension, Speaking",3,Recommended: Advanced Certification in Adobe ActionScript (Addresses critical gap: Adobe ActionScript),"JobInvolvement, StockOptionLevel, Department_Research & Development"
1479,Sales,Sales Executive,30,5301,0.0589,LOW,100,3,2,"Act!, Adobe Creative Cloud software, Critical Thinking, Reading Comprehension",4,Recommended: Advanced Certification in Act! (Addresses critical gap: Act!),"NumCompaniesWorked, DistanceFromHome, Age"
1480,Research & Development,Laboratory Technician,42,3673,0.0372,LOW,100,3,3,"Reading Comprehension, Writing",2,Recommended: Information Synthesis and Rapid Document Analysis (Addresses critical gap: Reading Comprehension),"DistanceFromHome, StockOptionLevel, BusinessTravel_Travel_Frequently"
1481,Sales,Sales Executive,44,4768,0.2895,LOW,96,3,2,"Adobe Acrobat, Adobe ActionScript, Airtable, Apple Keynote, Monitoring",5,Recommended: Advanced Certification in Adobe Acrobat (Addresses critical gap: Adobe Acrobat),"YearsWithCurrManager, BusinessTravel_Travel_Frequently, TotalSatisfactionScore"
1482,Research & Development,Research Scientist,30,1274,0.0487,LOW,100,3,2,"Active Learning, Active Listening, Algorithmic software, Critical Thinking, Mathematics",5,Recommended: Advanced Certification in Active Learning (Addresses critical gap: Active Learning),"MonthlyIncome, YearsWithCurrManager, TotalWorkingYears"
1483,Research & Development,Research Scientist,57,4900,0.0407,LOW,93,4,2,Critical Thinking,1,Recommended: Executive Decision Making & Critical Thinking Workshop (Addresses critical gap: Critical Thinking),"TotalSatisfactionScore, DailyRate, RelationshipSatisfaction"
1484,Research & Development,Healthcare Representative,49,10466,0.0299,LOW,100,3,3,"Allscripts healthcare automation software, Alteer Office, Monitoring",3,Recommended: Advanced Certification in Allscripts healthcare automation software (Addresses critical gap: Allscripts healthcare automation software),"TotalSatisfactionScore, JobRole_Research Scientist, Gender_Female"
1485,Research & Development,Research Director,34,17007,0.0561,LOW,80,3,2,"Adobe Acrobat, Science",2,Recommended: Advanced Certification in Adobe Acrobat (Addresses critical gap: Adobe Acrobat),"NumCompaniesWorked, BusinessTravel_Travel_Frequently, YearsSinceLastPromotion"
1486,Sales,Sales Representative,28,2909,0.8312,HIGH,100,3,4,"3M Post-it App, ACT! Premium, Active Listening, Adobe Acrobat",4,Recommended: Advanced Certification in 3M Post-it App (Addresses critical gap: 3M Post-it App),"BusinessTravel_Travel_Frequently, Age, EnvironmentSatisfaction"
1487,Sales,Sales Executive,29,5765,0.9659,HIGH,53,3,1,"Critical Thinking, Monitoring, Speaking",3,Recommended: Executive Decision Making & Critical Thinking Workshop (Addresses critical gap: Critical Thinking),"TotalSatisfactionScore, BusinessTravel_Travel_Frequently, NumCompaniesWorked"
1489,Sales,Sales Executive,34,4599,0.8794,HIGH,90,4,4,Monitoring,1,Recommended: Performance Monitoring and KPI Management Masterclass (Addresses critical gap: Monitoring),"OverTime_No, DistanceFromHome, StockOptionLevel"
1492,Sales,Sales Representative,35,2404,0.2761,LOW,100,3,3,"Active Listening, Adobe Acrobat, Adobe Dreamweaver, Critical Thinking, Reading Comprehension, Speaking, Writing",7,Recommended: Active Listening and High-Impact Communication for Leaders (Addresses critical gap: Active Listening),"YearsWithCurrManager, MonthlyIncome, TotalWorkingYears"
1494,Research & Development,Laboratory Technician,24,3172,0.9932,HIGH,67,3,2,"Critical Thinking, Database software, Laboratory information management system LIMS, Linux, Reading Comprehension, Science",6,Recommended: Executive Decision Making & Critical Thinking Workshop (Addresses critical gap: Critical Thinking),"OverTime_No, Age, YearsWithCurrManager"
1495,Sales,Sales Representative,24,2033,0.5384,MEDIUM,100,3,3,"3M Post-it App, Adobe Dreamweaver, Reading Comprehension, Speaking",4,Recommended: Advanced Certification in 3M Post-it App (Addresses critical gap: 3M Post-it App),"MonthlyIncome, YearsWithCurrManager, TotalWorkingYears"
1496,Research & Development,Manufacturing Director,44,10209,0.3155,MEDIUM,100,3,2,"Active Listening, Adobe InDesign, Critical Thinking, Monitoring",4,Recommended: Active Listening and High-Impact Communication for Leaders (Addresses critical gap: Active Listening),"OverTime_No, TotalSatisfactionScore, StockOptionLevel"
1497,Sales,Sales Executive,29,8620,0.0754,LOW,100,3,3,"Act!, Airtable, Critical Thinking, Reading Comprehension",4,Recommended: Advanced Certification in Act! (Addresses critical gap: Act!),"DistanceFromHome, ExperienceRatio, Department_Research & Development"
1499,Human Resources,Human Resources,30,2064,0.0775,LOW,100,4,4,"Adobe Illustrator, Critical Thinking, Reading Comprehension, Speaking",4,Recommended: Advanced Certification in Adobe Illustrator (Addresses critical gap: Adobe Illustrator),"MonthlyIncome, Age, WorkLifeBalance"
1501,Research & Development,Healthcare Representative,55,4035,0.0686,LOW,100,3,3,"Active Listening, AcuStaf, Critical Thinking, Monitoring, Speaking",5,Recommended: Active Listening and High-Impact Communication for Leaders (Addresses critical gap: Active Listening),"OverTime_No, StockOptionLevel, ExperienceRatio"
1502,Research & Development,Laboratory Technician,33,3838,0.3265,MEDIUM,91,3,3,"C++, Linux, Microsoft Access, Science",4,Recommended: Advanced Certification in C++ (Addresses critical gap: C++),"NumCompaniesWorked, StockOptionLevel, EnvironmentSatisfaction"
1503,Sales,Sales Executive,47,4591,0.1742,LOW,100,3,2,"Act!, Active Listening, Adobe Acrobat, Adobe Creative Cloud software",4,Recommended: Advanced Certification in Act! (Addresses critical gap: Act!),"OverTime_No, DistanceFromHome, JobRole_Sales Executive"
1504,Research & Development,Laboratory Technician,28,2561,0.966,HIGH,69,3,2,"Critical Thinking, Laboratory information management system LIMS, Linux, Microsoft Access, Monitoring, Reading Comprehension, Writing",7,Recommended: Executive Decision Making & Critical Thinking Workshop (Addresses critical gap: Critical Thinking),"YearsWithCurrManager, BusinessTravel_Travel_Frequently, Age"
1506,Research & Development,Research Scientist,28,1563,0.1408,LOW,91,3,1,"3D graphics software, Active Listening, Amazon Elastic Compute Cloud EC2, Mathematics",4,Recommended: Advanced Certification in 3D graphics software (Addresses critical gap: 3D graphics software),"MonthlyIncome, YearsWithCurrManager, Age"
1507,Sales,Sales Executive,28,4898,0.2485,LOW,100,3,3,"Active Listening, Airtable, Apple Keynote, Speaking",4,Recommended: Active Listening and High-Impact Communication for Leaders (Addresses critical gap: Active Listening),"BusinessTravel_Travel_Frequently, StockOptionLevel, Age"
1509,Research & Development,Laboratory Technician,49,4789,0.1586,LOW,88,4,3,"Critical Thinking, Email software, Laboratory information management system LIMS, Monitoring, Reading Comprehension",5,Recommended: Executive Decision Making & Critical Thinking Workshop (Addresses critical gap: Critical Thinking),"TotalSatisfactionScore, JobRole_Laboratory Technician, DailyRate"
1513,Research & Development,Laboratory Technician,29,3180,0.1609,LOW,100,3,3,"C++, Critical Thinking, Laboratory information management system LIMS, Reading Comprehension, Writing",5,Recommended: Advanced Certification in C++ (Addresses critical gap: C++),"BusinessTravel_Travel_Frequently, DailyRate, Age"
1514,Research & Development,Manufacturing Director,28,6549,0.0434,LOW,87,3,2,"Adobe InDesign, Monitoring",2,Recommended: Advanced Certification in Adobe InDesign (Addresses critical gap: Adobe InDesign),"JobInvolvement, TotalSatisfactionScore, DistanceFromHome"
1515,Research & Development,Healthcare Representative,33,6388,0.1934,LOW,100,3,3,"Active Listening, Adobe Acrobat, Alteer Office, Speaking",4,Recommended: Active Listening and High-Impact Communication for Leaders (Addresses critical gap: Active Listening),"OverTime_No, YearsWithCurrManager, RelationshipSatisfaction"
1516,Research & Development,Manager,32,11244,0.0171,LOW,100,4,4,"ADP Workforce Now, Adobe Acrobat, Critical Thinking",3,Recommended: Advanced Certification in ADP Workforce Now (Addresses critical gap: ADP Workforce Now),"YearsWithCurrManager, WorkLifeBalance, StockOptionLevel"
1520,Research & Development,Manager,54,16032,0.0169,LOW,100,4,3,"ActionWare, Active Listening, Adobe Acrobat",3,Recommended: Advanced Certification in ActionWare (Addresses critical gap: ActionWare),"BusinessTravel_Travel_Frequently, RelationshipSatisfaction, DistanceFromHome"
1522,Research & Development,Research Scientist,29,2362,0.8853,HIGH,43,3,1,Active Learning,1,Recommended: Advanced Certification in Active Learning (Addresses critical gap: Active Learning),"WorkLifeBalance, TotalSatisfactionScore, NumCompaniesWorked"
1523,Research & Development,Research Director,44,16328,0.0249,LOW,100,3,4,"Adobe Acrobat, IBM Lotus 1-2-3",2,Recommended: Advanced Certification in Adobe Acrobat (Addresses critical gap: Adobe Acrobat),"DistanceFromHome, YearsSinceLastPromotion, WorkLifeBalance"
1525,Research & Development,Manufacturing Director,39,8376,0.0716,LOW,100,3,3,"Adobe Acrobat, Adobe InDesign, Critical Thinking, Monitoring",4,Recommended: Advanced Certification in Adobe Acrobat (Addresses critical gap: Adobe Acrobat),"StockOptionLevel, PromotionLagRatio, NumCompaniesWorked"
1527,Sales,Manager,46,16606,0.0528,LOW,100,3,4,"Adobe Photoshop, Speaking",2,Recommended: Advanced Certification in Adobe Photoshop (Addresses critical gap: Adobe Photoshop),"YearsSinceLastPromotion, NumCompaniesWorked, WorkLifeBalance"
1529,Research & Development,Healthcare Representative,35,8606,0.125,LOW,99,3,1,"Alteer Office, Critical Thinking, Speaking",3,Recommended: Advanced Certification in Alteer Office (Addresses critical gap: Alteer Office),"DistanceFromHome, StockOptionLevel, ExperienceRatio"
1533,Research & Development,Laboratory Technician,23,2272,0.127,LOW,97,3,3,"Database software, Email software, Monitoring",3,Recommended: Advanced Certification in Database software (Addresses critical gap: Database software),"StockOptionLevel, TotalSatisfactionScore, EnvironmentSatisfaction"
1534,Research & Development,Laboratory Technician,40,2018,0.9196,HIGH,74,3,1,"C++, Critical Thinking, Linux, Reading Comprehension, Science",5,Recommended: Advanced Certification in C++ (Addresses critical gap: C++),"MonthlyIncome, WorkLifeBalance, TotalSatisfactionScore"
1535,Sales,Sales Executive,34,7083,0.1475,LOW,100,3,3,"Critical Thinking, Speaking",2,Recommended: Executive Decision Making & Critical Thinking Workshop (Addresses critical gap: Critical Thinking),"OverTime_No, YearsSinceLastPromotion, StockOptionLevel"
1537,Research & Development,Research Scientist,31,4084,0.8348,HIGH,85,3,1,"Active Learning, Active Listening, Advanced numerical software, Amazon DynamoDB",4,Recommended: Advanced Certification in Active Learning (Addresses critical gap: Active Learning),"BusinessTravel_Travel_Frequently, WorkLifeBalance, StockOptionLevel"
1539,Research & Development,Research Director,50,14411,0.0671,LOW,100,3,3,"Graphics software, Writing",2,Recommended: Advanced Certification in Graphics software (Addresses critical gap: Graphics software),"OverTime_No, JobInvolvement, DailyRate"
1541,Sales,Sales Representative,34,2308,0.0733,LOW,100,4,3,"ACT! Premium, Adobe Creative Cloud software, Adobe Dreamweaver",3,Recommended: Advanced Certification in ACT! Premium (Addresses critical gap: ACT! Premium),"OverTime_No, MonthlyIncome, JobRole_Sales Representative"
1542,Research & Development,Laboratory Technician,42,4841,0.0453,LOW,100,3,3,"C++, Critical Thinking, Database software, Email software, Laboratory information management system LIMS, Microsoft Access, Reading Comprehension",7,Recommended: Advanced Certification in C++ (Addresses critical gap: C++),"YearsWithCurrManager, JobRole_Laboratory Technician, JobRole_Research Scientist"
1543,Research & Development,Research Scientist,37,4285,0.2052,LOW,100,3,3,"Amazon DynamoDB, Amazon Elastic Compute Cloud EC2",2,Recommended: Advanced Certification in Amazon DynamoDB (Addresses critical gap: Amazon DynamoDB),"StockOptionLevel, TotalSatisfactionScore, DistanceFromHome"
1544,Research & Development,Healthcare Representative,29,9715,0.0374,LOW,96,3,3,Alteer Office,1,Recommended: Advanced Certification in Alteer Office (Addresses critical gap: Alteer Office),"JobInvolvement, Age, TotalSatisfactionScore"
1545,Research & Development,Manufacturing Director,33,4320,0.0531,LOW,100,3,3,"ABB Optimize IT Predict & Control, Active Listening, Monitoring, Reading Comprehension",4,Recommended: Advanced Certification in ABB Optimize IT Predict & Control (Addresses critical gap: ABB Optimize IT Predict & Control),"DistanceFromHome, StockOptionLevel, MonthlyRate"
1546,Research & Development,Research Scientist,45,2132,0.0426,LOW,100,4,3,"Amazon DynamoDB, Amazon Elastic Compute Cloud EC2, Critical Thinking, Reading Comprehension",4,Recommended: Advanced Certification in Amazon DynamoDB (Addresses critical gap: Amazon DynamoDB),"MonthlyIncome, EducationField_Technical Degree, DistanceFromHome"
1547,Research & Development,Healthcare Representative,42,10124,0.0239,LOW,100,3,1,"AcuStaf, American Medical Association CodeManager, Monitoring",3,Recommended: Advanced Certification in AcuStaf (Addresses critical gap: AcuStaf),"DailyRate, OverTime_No, YearsSinceLastPromotion"
1548,Sales,Sales Executive,40,5473,0.1059,LOW,99,3,4,"Adobe ActionScript, Critical Thinking",2,Recommended: Advanced Certification in Adobe ActionScript (Addresses critical gap: Adobe ActionScript),"StockOptionLevel, WorkLifeBalance, EnvironmentSatisfaction"
1549,Research & Development,Laboratory Technician,33,5207,0.144,LOW,100,3,3,"Email software, Writing",2,Recommended: Advanced Certification in Email software (Addresses critical gap: Email software),"OverTime_No, DistanceFromHome, JobRole_Laboratory Technician"
1550,Human Resources,Manager,40,16437,0.078,LOW,100,4,3,"ADP Workforce Now, ActionWare, Critical Thinking",3,Recommended: Advanced Certification in ADP Workforce Now (Addresses critical gap: ADP Workforce Now),"OverTime_No, YearsSinceLastPromotion, StockOptionLevel"
1551,Research & Development,Laboratory Technician,24,2296,0.4788,MEDIUM,81,3,3,"Critical Thinking, Laboratory information management system LIMS, Microsoft Access, Science, Writing",5,Recommended: Executive Decision Making & Critical Thinking Workshop (Addresses critical gap: Critical Thinking),"YearsWithCurrManager, TotalWorkingYears, MonthlyIncome"
1552,Research & Development,Healthcare Representative,40,4069,0.0184,LOW,100,3,3,"Adobe Acrobat, Allscripts healthcare automation software, Alteer Office, American Medical Association CodeManager",4,Recommended: Advanced Certification in Adobe Acrobat (Addresses critical gap: Adobe Acrobat),"OverTime_No, StockOptionLevel, JobRole_Research Scientist"
1553,Research & Development,Healthcare Representative,45,7441,0.0803,LOW,84,3,3,"AcuStaf, Critical Thinking",2,Recommended: Advanced Certification in AcuStaf (Addresses critical gap: AcuStaf),"TotalSatisfactionScore, YearsSinceLastPromotion, EnvironmentSatisfaction"
1554,Sales,Sales Representative,35,2430,0.0668,LOW,100,4,3,"Adobe Dreamweaver, Critical Thinking, Speaking",3,Recommended: Advanced Certification in Adobe Dreamweaver (Addresses critical gap: Adobe Dreamweaver),"DistanceFromHome, RelationshipSatisfaction, TotalSatisfactionScore"
1555,Research & Development,Research Scientist,32,5878,0.0314,LOW,92,3,3,"Ada, Advanced numerical software, Reading Comprehension",3,Recommended: Advanced Certification in Ada (Addresses critical gap: Ada),"RelationshipSatisfaction, TotalSatisfactionScore, DailyRate"
1556,Sales,Sales Representative,36,2644,0.1234,LOW,100,4,2,"3M Post-it App, ACT! Premium, Adobe Acrobat, Adobe Creative Cloud software, Critical Thinking",5,Recommended: Advanced Certification in 3M Post-it App (Addresses critical gap: 3M Post-it App),"OverTime_No, StockOptionLevel, MonthlyIncome"
1557,Sales,Sales Executive,48,6439,0.1065,LOW,100,3,3,"Adobe ActionScript, Apple Keynote",2,Recommended: Advanced Certification in Adobe ActionScript (Addresses critical gap: Adobe ActionScript),"NumCompaniesWorked, DistanceFromHome, YearsSinceLastPromotion"
1558,Research & Development,Research Scientist,29,2451,0.1425,LOW,100,3,2,"3D graphics software, Active Listening, Ada, Advanced numerical software, Critical Thinking, Mathematics",6,Recommended: Advanced Certification in 3D graphics software (Addresses critical gap: 3D graphics software),"YearsWithCurrManager, NumCompaniesWorked, Age"
1560,Sales,Sales Executive,33,6392,0.0708,LOW,60,3,1,"Adobe Acrobat, Adobe Creative Cloud software, Airtable, Reading Comprehension, Speaking",5,Recommended: Advanced Certification in Adobe Acrobat (Addresses critical gap: Adobe Acrobat),"TotalSatisfactionScore, WorkLifeBalance, JobRole_Sales Executive"
1562,Sales,Sales Executive,30,9714,0.6821,HIGH,81,3,3,"Act!, Airtable, Reading Comprehension",3,Recommended: Advanced Certification in Act! (Addresses critical gap: Act!),"PercentSalaryHike, ExperienceRatio, YearsSinceLastPromotion"
1563,Human Resources,Human Resources,38,6077,0.1359,LOW,100,3,3,"Adobe Dreamweaver, Adobe InDesign, Speaking, Writing",4,Recommended: Advanced Certification in Adobe Dreamweaver (Addresses critical gap: Adobe Dreamweaver),"BusinessTravel_Travel_Frequently, PercentSalaryHike, DailyRate"
1564,Research & Development,Laboratory Technician,35,2450,0.0753,LOW,96,3,3,"Laboratory information management system LIMS, Microsoft Access, Monitoring, Writing",4,Recommended: Advanced Certification in Laboratory information management system LIMS (Addresses critical gap: Laboratory information management system LIMS),"StockOptionLevel, JobRole_Laboratory Technician, MonthlyIncome"
1568,Sales,Sales Executive,30,9250,0.1249,LOW,100,3,3,"Adobe ActionScript, Monitoring",2,Recommended: Advanced Certification in Adobe ActionScript (Addresses critical gap: Adobe ActionScript),"DistanceFromHome, JobRole_Sales Executive, EducationField_Technical Degree"
1569,Research & Development,Laboratory Technician,35,2074,0.9362,HIGH,69,3,3,"Email software, Laboratory information management system LIMS, Linux, Reading Comprehension",4,Recommended: Advanced Certification in Email software (Addresses critical gap: Email software),"OverTime_No, MonthlyIncome, YearsWithCurrManager"
1572,Research & Development,Manufacturing Director,53,10169,0.0205,LOW,100,3,3,Apple Final Cut Pro,1,Recommended: Advanced Certification in Apple Final Cut Pro (Addresses critical gap: Apple Final Cut Pro),"DailyRate, JobRole_Research Scientist, BusinessTravel_Non-Travel"
1573,Research & Development,Manufacturing Director,38,4855,0.3987,MEDIUM,87,3,3,"ABB Optimize IT Predict & Control, Active Listening, Adobe After Effects, Critical Thinking, Monitoring",5,Recommended: Advanced Certification in ABB Optimize IT Predict & Control (Addresses critical gap: ABB Optimize IT Predict & Control),"PercentSalaryHike, DailyRate, TotalSatisfactionScore"
1574,Research & Development,Research Scientist,32,4087,0.0047,LOW,91,3,2,"Active Listening, Ada, Advanced numerical software, Mathematics",4,Recommended: Active Listening and High-Impact Communication for Leaders (Addresses critical gap: Active Listening),"TotalSatisfactionScore, JobSatisfaction, ExperienceRatio"
1576,Research & Development,Research Scientist,48,2367,0.0968,LOW,92,3,2,Mathematics,1,Recommended: Advanced Certification in Mathematics (Addresses critical gap: Mathematics),"MonthlyIncome, NumCompaniesWorked, DistanceFromHome"
1577,Research & Development,Research Scientist,34,2972,0.2162,LOW,98,3,1,"3D graphics software, Amazon DynamoDB, Mathematics, Reading Comprehension",4,Recommended: Advanced Certification in 3D graphics software (Addresses critical gap: 3D graphics software),"StockOptionLevel, YearsWithCurrManager, EnvironmentSatisfaction"
1578,Sales,Manager,55,19586,0.0275,LOW,100,4,3,Active Listening,1,Recommended: Active Listening and High-Impact Communication for Leaders (Addresses critical gap: Active Listening),"DistanceFromHome, IncomePerYearAtCompany, Department_Research & Development"
1580,Research & Development,Research Scientist,34,5484,0.0129,LOW,100,3,2,"Active Listening, Algorithmic software, Mathematics, Reading Comprehension",4,Recommended: Active Listening and High-Impact Communication for Leaders (Addresses critical gap: Active Listening),"NumCompaniesWorked, Gender_Female, TotalSatisfactionScore"
1581,Research & Development,Research Scientist,26,2061,0.4149,MEDIUM,100,4,3,"Active Listening, Ada, Advanced numerical software, Algorithmic software, Mathematics",5,Recommended: Active Listening and High-Impact Communication for Leaders (Addresses critical gap: Active Listening),"YearsWithCurrManager, MonthlyIncome, StockOptionLevel"
1582,Sales,Sales Executive,38,9924,0.0779,LOW,100,3,3,"Adobe Creative Cloud software, Apple Keynote, Critical Thinking",3,Recommended: Advanced Certification in Adobe Creative Cloud software (Addresses critical gap: Adobe Creative Cloud software),"DistanceFromHome, MonthlyIncome, PercentSalaryHike"
1583,Sales,Sales Executive,38,4198,0.2293,LOW,100,3,4,"Adobe ActionScript, Monitoring, Reading Comprehension",3,Recommended: Advanced Certification in Adobe ActionScript (Addresses critical gap: Adobe ActionScript),"DistanceFromHome, StockOptionLevel, DailyRate"
1585,Sales,Sales Executive,36,6815,0.2363,LOW,100,3,3,"Adobe Acrobat, Airtable, Critical Thinking, Monitoring, Reading Comprehension",5,Recommended: Advanced Certification in Adobe Acrobat (Addresses critical gap: Adobe Acrobat),"TotalSatisfactionScore, YearsWithCurrManager, StockOptionLevel"
1586,Research & Development,Laboratory Technician,29,4723,0.2243,LOW,96,3,3,"Database software, Microsoft Access",2,Recommended: Advanced Certification in Database software (Addresses critical gap: Database software),"OverTime_No, StockOptionLevel, JobRole_Laboratory Technician"
1587,Research & Development,Healthcare Representative,35,6142,0.2899,LOW,98,3,3,"Alteer Office, Monitoring, Reading Comprehension",3,Recommended: Advanced Certification in Alteer Office (Addresses critical gap: Alteer Office),"OverTime_No, StockOptionLevel, EnvironmentSatisfaction"
1588,Sales,Sales Executive,39,8237,0.1407,LOW,100,3,3,"Active Listening, Apple Keynote, Speaking",3,Recommended: Active Listening and High-Impact Communication for Leaders (Addresses critical gap: Active Listening),"YearsSinceLastPromotion, RelationshipSatisfaction, PercentSalaryHike"
1590,Research & Development,Healthcare Representative,29,8853,0.0277,LOW,100,3,4,"Active Listening, Allscripts healthcare automation software, Alteer Office, Speaking",4,Recommended: Active Listening and High-Impact Communication for Leaders (Addresses critical gap: Active Listening),"BusinessTravel_Travel_Frequently, EnvironmentSatisfaction, Age"
1591,Sales,Manager,50,19331,0.1434,LOW,100,3,3,Adobe Creative Cloud software,1,Recommended: Advanced Certification in Adobe Creative Cloud software (Addresses critical gap: Adobe Creative Cloud software),"OverTime_No, YearsWithCurrManager, DailyRate"
1592,Research & Development,Research Scientist,23,2073,0.0423,LOW,100,3,3,"Active Learning, Advanced numerical software, Algorithmic software, Amazon Elastic Compute Cloud EC2, Mathematics",5,Recommended: Advanced Certification in Active Learning (Addresses critical gap: Active Learning),"MonthlyIncome, EducationField_Technical Degree, Age"
1594,Research & Development,Laboratory Technician,36,5562,0.0991,LOW,85,3,3,"Database software, Email software, Linux, Writing",4,Recommended: Advanced Certification in Database software (Addresses critical gap: Database software),"OverTime_No, TotalSatisfactionScore, BusinessTravel_Travel_Frequently"
1595,Research & Development,Manager,42,19613,0.022,LOW,100,4,3,ActionWare,1,Recommended: Advanced Certification in ActionWare (Addresses critical gap: ActionWare),"NumCompaniesWorked, MonthlyRate, StockOptionLevel"
1596,Research & Development,Laboratory Technician,35,3407,0.0716,LOW,100,3,2,Linux,1,Recommended: Advanced Certification in Linux (Addresses critical gap: Linux),"JobRole_Laboratory Technician, DistanceFromHome, ExperienceRatio"
1597,Research & Development,Healthcare Representative,34,5063,0.0925,LOW,100,3,2,"Active Listening, AcuStaf, Adobe Acrobat, Allscripts healthcare automation software",4,Recommended: Active Listening and High-Impact Communication for Leaders (Addresses critical gap: Active Listening),"BusinessTravel_Travel_Frequently, YearsSinceLastPromotion, DailyRate"
1598,Sales,Sales Executive,40,4639,0.0478,LOW,100,3,3,"Airtable, Apple Keynote, Speaking",3,Recommended: Advanced Certification in Airtable (Addresses critical gap: Airtable),"DistanceFromHome, JobSatisfaction, Department_Research & Development"
1599,Research & Development,Laboratory Technician,43,4876,0.0812,LOW,100,3,3,"Critical Thinking, Laboratory information management system LIMS, Microsoft Access, Science",4,Recommended: Executive Decision Making & Critical Thinking Workshop (Addresses critical gap: Critical Thinking),"NumCompaniesWorked, JobRole_Laboratory Technician, DistanceFromHome"
1601,Research & Development,Laboratory Technician,35,2690,0.0249,LOW,100,3,2,"Critical Thinking, Linux, Microsoft Access, Science",4,Recommended: Executive Decision Making & Critical Thinking Workshop (Addresses critical gap: Critical Thinking),"TotalWorkingYears, JobRole_Laboratory Technician, JobRole_Research Scientist"
1602,Sales,Manager,46,17567,0.0303,LOW,84,3,1,Monitoring,1,Recommended: Performance Monitoring and KPI Management Masterclass (Addresses critical gap: Monitoring),"TotalSatisfactionScore, StockOptionLevel, WorkLifeBalance"
1604,Research & Development,Laboratory Technician,28,2408,0.9624,HIGH,99,3,3,"C++, Database software, Laboratory information management system LIMS, Reading Comprehension",4,Recommended: Advanced Certification in C++ (Addresses critical gap: C++),"OverTime_No, MonthlyIncome, YearsWithCurrManager"
1605,Research & Development,Research Scientist,22,2814,0.3379,MEDIUM,91,3,2,"Ada, Amazon Elastic Compute Cloud EC2, Critical Thinking, Reading Comprehension",4,Recommended: Advanced Certification in Ada (Addresses critical gap: Ada),"OverTime_No, StockOptionLevel, TotalSatisfactionScore"
1606,Research & Development,Healthcare Representative,50,11245,0.0182,LOW,100,3,3,"AcuStaf, Monitoring",2,Recommended: Advanced Certification in AcuStaf (Addresses critical gap: AcuStaf),"OverTime_No, YearsSinceLastPromotion, DistanceFromHome"
1607,Research & Development,Research Scientist,32,3312,0.0037,LOW,100,3,3,"Active Learning, Active Listening, Ada, Amazon DynamoDB, Critical Thinking",5,Recommended: Advanced Certification in Active Learning (Addresses critical gap: Active Learning),"Age, HourlyRate, DailyRate"
1608,Research & Development,Research Director,44,19049,0.0049,LOW,100,3,2,"Graphics software, Reading Comprehension",2,Recommended: Advanced Certification in Graphics software (Addresses critical gap: Graphics software),"OverTime_No, JobRole_Research Scientist, ExperienceRatio"
1609,Research & Development,Research Scientist,30,2141,0.0908,LOW,92,3,2,"3D graphics software, Active Learning, Algorithmic software, Amazon Elastic Compute Cloud EC2",4,Recommended: Advanced Certification in 3D graphics software (Addresses critical gap: 3D graphics software),"MonthlyIncome, DailyRate, TotalSatisfactionScore"
1611,Research & Development,Laboratory Technician,45,5769,0.1612,LOW,85,3,3,"Email software, Microsoft Access",2,Recommended: Advanced Certification in Email software (Addresses critical gap: Email software),"OverTime_No, StockOptionLevel, TotalSatisfactionScore"
1612,Sales,Sales Executive,45,4385,0.0972,LOW,71,3,3,Adobe ActionScript,1,Recommended: Advanced Certification in Adobe ActionScript (Addresses critical gap: Adobe ActionScript),"DistanceFromHome, TotalSatisfactionScore, ExperienceRatio"
1613,Sales,Sales Executive,31,5332,0.6271,HIGH,100,3,3,"Act!, Active Listening, Critical Thinking, Monitoring",4,Recommended: Advanced Certification in Act! (Addresses critical gap: Act!),"NumCompaniesWorked, BusinessTravel_Travel_Frequently, Age"
1614,Research & Development,Manufacturing Director,36,4663,0.1817,LOW,100,3,3,"Active Listening, Adobe After Effects, Adobe Photoshop, Apple Final Cut Pro, Critical Thinking",5,Recommended: Active Listening and High-Impact Communication for Leaders (Addresses critical gap: Active Listening),"OverTime_No, NumCompaniesWorked, DailyRate"
1615,Research & Development,Manufacturing Director,34,4724,0.0879,LOW,100,3,3,"ABB Optimize IT Predict & Control, Adobe Acrobat, Reading Comprehension, Speaking",4,Recommended: Advanced Certification in ABB Optimize IT Predict & Control (Addresses critical gap: ABB Optimize IT Predict & Control),"DailyRate, BusinessTravel_Travel_Frequently, RelationshipSatisfaction"
1617,Research & Development,Laboratory Technician,49,3211,0.1277,LOW,84,3,2,Monitoring,1,Recommended: Performance Monitoring and KPI Management Masterclass (Addresses critical gap: Monitoring),"DistanceFromHome, JobRole_Laboratory Technician, TotalSatisfactionScore"
1618,Research & Development,Manufacturing Director,39,5377,0.0553,LOW,100,3,3,"ABB Optimize IT Predict & Control, Apple Final Cut Pro, Speaking",3,Recommended: Advanced Certification in ABB Optimize IT Predict & Control (Addresses critical gap: ABB Optimize IT Predict & Control),"ExperienceRatio, YearsSinceLastPromotion, JobSatisfaction"
1619,Research & Development,Laboratory Technician,27,4066,0.0832,LOW,90,3,3,"C++, Microsoft Access, Monitoring, Science",4,Recommended: Advanced Certification in C++ (Addresses critical gap: C++),"Age, TotalSatisfactionScore, JobRole_Laboratory Technician"
1621,Research & Development,Research Scientist,35,5208,0.076,LOW,88,3,3,Ada,1,Recommended: Advanced Certification in Ada (Addresses critical gap: Ada),"StockOptionLevel, DistanceFromHome, JobSatisfaction"
1622,Research & Development,Manufacturing Director,28,4877,0.1777,LOW,62,4,2,"Active Listening, Adobe After Effects, Adobe InDesign, Adobe Photoshop",4,Recommended: Active Listening and High-Impact Communication for Leaders (Addresses critical gap: Active Listening),"YearsWithCurrManager, TotalSatisfactionScore, JobInvolvement"
1623,Research & Development,Research Scientist,21,3117,0.0848,LOW,100,3,3,"Ada, Amazon DynamoDB, Amazon Elastic Compute Cloud EC2, Mathematics, Reading Comprehension",5,Recommended: Advanced Certification in Ada (Addresses critical gap: Ada),"StockOptionLevel, Age, MonthlyRate"
1624,Sales,Sales Representative,18,1569,0.9849,HIGH,100,3,4,"Active Listening, Adobe Acrobat, Adobe Creative Cloud software, Adobe Dreamweaver, Adobe Illustrator, Reading Comprehension, Speaking",7,Recommended: Active Listening and High-Impact Communication for Leaders (Addresses critical gap: Active Listening),"MonthlyIncome, OverTime_No, YearsWithCurrManager"
1625,Human Resources,Manager,47,19658,0.0077,LOW,100,3,3,Adobe Acrobat,1,Recommended: Advanced Certification in Adobe Acrobat (Addresses critical gap: Adobe Acrobat),"YearsWithCurrManager, DistanceFromHome, PercentSalaryHike"
1627,Research & Development,Laboratory Technician,39,3069,0.0084,LOW,100,3,3,"Critical Thinking, Database software",2,Recommended: Executive Decision Making & Critical Thinking Workshop (Addresses critical gap: Critical Thinking),"JobRole_Laboratory Technician, JobRole_Research Scientist, Gender_Female"
1628,Research & Development,Manufacturing Director,40,10435,0.0576,LOW,100,3,3,"Active Listening, Adobe Acrobat, Adobe Photoshop, Speaking",4,Recommended: Active Listening and High-Impact Communication for Leaders (Addresses critical gap: Active Listening),"DistanceFromHome, YearsSinceLastPromotion, DailyRate"
1630,Research & Development,Healthcare Representative,35,4148,0.0058,LOW,100,3,3,"3DGrid HIPAA Checkup, Adobe Acrobat, Critical Thinking",3,Recommended: Advanced Certification in 3DGrid HIPAA Checkup (Addresses critical gap: 3DGrid HIPAA Checkup),"JobRole_Research Scientist, Education, MaritalStatus_Divorced"
1631,Research & Development,Manufacturing Director,37,5768,0.0722,LOW,100,3,2,"Adobe Acrobat, Apple Final Cut Pro",2,Recommended: Advanced Certification in Adobe Acrobat (Addresses critical gap: Adobe Acrobat),"TotalSatisfactionScore, DistanceFromHome, RelationshipSatisfaction"
1633,Research & Development,Manufacturing Director,39,5042,0.1203,LOW,87,3,1,"Adobe InDesign, Critical Thinking",2,Recommended: Advanced Certification in Adobe InDesign (Addresses critical gap: Adobe InDesign),"TotalSatisfactionScore, BusinessTravel_Travel_Frequently, StockOptionLevel"
1635,Research & Development,Manufacturing Director,45,5770,0.0224,LOW,100,3,3,"Adobe Photoshop, Reading Comprehension",2,Recommended: Advanced Certification in Adobe Photoshop (Addresses critical gap: Adobe Photoshop),"RelationshipSatisfaction, ExperienceRatio, YearsSinceLastPromotion"
1638,Research & Development,Manufacturing Director,38,7756,0.0261,LOW,100,3,4,Reading Comprehension,1,Recommended: Information Synthesis and Rapid Document Analysis (Addresses critical gap: Reading Comprehension),"OverTime_No, DailyRate, WorkLifeBalance"
1639,Sales,Sales Executive,35,10306,0.7899,HIGH,82,3,3,Apple Keynote,1,Recommended: Advanced Certification in Apple Keynote (Addresses critical gap: Apple Keynote),"NumCompaniesWorked, YearsWithCurrManager, StockOptionLevel"
1640,Research & Development,Research Scientist,37,3936,0.0961,LOW,62,3,1,"Critical Thinking, Mathematics",2,Recommended: Executive Decision Making & Critical Thinking Workshop (Addresses critical gap: Critical Thinking),"WorkLifeBalance, TotalSatisfactionScore, PercentSalaryHike"
1641,Research & Development,Manufacturing Director,40,7945,0.2384,LOW,100,3,2,Monitoring,1,Recommended: Performance Monitoring and KPI Management Masterclass (Addresses critical gap: Monitoring),"OverTime_No, YearsSinceLastPromotion, StockOptionLevel"
1642,Human Resources,Human Resources,44,5743,0.1703,LOW,100,3,3,Critical Thinking,1,Recommended: Executive Decision Making & Critical Thinking Workshop (Addresses critical gap: Critical Thinking),"OverTime_No, EnvironmentSatisfaction, StockOptionLevel"
1644,Research & Development,Manager,48,15202,0.0177,LOW,100,4,3,"ActionWare, Active Listening, Critical Thinking",3,Recommended: Advanced Certification in ActionWare (Addresses critical gap: ActionWare),"DailyRate, BusinessTravel_Travel_Frequently, JobRole_Research Scientist"
1645,Sales,Sales Executive,35,5440,0.9381,HIGH,99,3,2,"Act!, Active Listening, Adobe ActionScript, Monitoring, Reading Comprehension, Speaking",6,Recommended: Advanced Certification in Act! (Addresses critical gap: Act!),"JobInvolvement, OverTime_No, EnvironmentSatisfaction"
1646,Research & Development,Research Scientist,24,3760,0.8566,HIGH,100,3,3,"3D graphics software, Amazon DynamoDB",2,Recommended: Advanced Certification in 3D graphics software (Addresses critical gap: 3D graphics software),"OverTime_No, Age, BusinessTravel_Travel_Frequently"
1647,Research & Development,Research Scientist,27,3517,0.3327,MEDIUM,100,3,3,"Advanced numerical software, Algorithmic software, Amazon Elastic Compute Cloud EC2, Mathematics",4,Recommended: Advanced Certification in Advanced numerical software (Addresses critical gap: Advanced numerical software),"StockOptionLevel, NumCompaniesWorked, TotalSatisfactionScore"
1648,Research & Development,Research Scientist,27,2580,0.0544,LOW,100,3,2,"Active Listening, Ada, Algorithmic software, Amazon DynamoDB",4,Recommended: Active Listening and High-Impact Communication for Leaders (Addresses critical gap: Active Listening),"BusinessTravel_Travel_Frequently, Age, StockOptionLevel"
1649,Research & Development,Laboratory Technician,40,2166,0.9383,HIGH,41,3,1,"C++, Critical Thinking, Laboratory information management system LIMS, Reading Comprehension, Writing",5,Recommended: Advanced Certification in C++ (Addresses critical gap: C++),"OverTime_No, TotalSatisfactionScore, MonthlyIncome"
1650,Sales,Sales Executive,29,5869,0.317,MEDIUM,100,3,3,"Airtable, Reading Comprehension",2,Recommended: Advanced Certification in Airtable (Addresses critical gap: Airtable),"NumCompaniesWorked, StockOptionLevel, Age"
1651,Research & Development,Healthcare Representative,36,8008,0.0501,LOW,88,3,3,Active Listening,1,Recommended: Active Listening and High-Impact Communication for Leaders (Addresses critical gap: Active Listening),"TotalSatisfactionScore, DailyRate, JobRole_Research Scientist"
1653,Research & Development,Manufacturing Director,25,5206,0.0116,LOW,100,3,3,"Adobe Photoshop, Reading Comprehension",2,Recommended: Advanced Certification in Adobe Photoshop (Addresses critical gap: Adobe Photoshop),"BusinessTravel_Travel_Frequently, Age, JobRole_Research Scientist"
1654,Research & Development,Manufacturing Director,39,5295,0.1262,LOW,100,4,3,"Adobe Acrobat, Apple Final Cut Pro, Monitoring",3,Recommended: Advanced Certification in Adobe Acrobat (Addresses critical gap: Adobe Acrobat),"YearsWithCurrManager, DistanceFromHome, StockOptionLevel"
1655,Research & Development,Research Director,49,16413,0.0133,LOW,79,3,3,"Adobe Acrobat, Adobe Photoshop",2,Recommended: Advanced Certification in Adobe Acrobat (Addresses critical gap: Adobe Acrobat),"TotalSatisfactionScore, DistanceFromHome, EnvironmentSatisfaction"
1656,Research & Development,Research Director,50,13269,0.0265,LOW,100,3,3,"Science, Writing",2,Recommended: Advanced Certification in Science (Addresses critical gap: Science),"NumCompaniesWorked, DistanceFromHome, DailyRate"
1657,Sales,Sales Representative,20,2783,0.4887,MEDIUM,100,3,3,"Active Listening, Adobe Acrobat, Adobe Dreamweaver, Adobe Illustrator, Writing",5,Recommended: Active Listening and High-Impact Communication for Leaders (Addresses critical gap: Active Listening),"TotalWorkingYears, StockOptionLevel, Age"
1658,Research & Development,Research Scientist,34,5433,0.0089,LOW,100,3,3,"Active Learning, Algorithmic software",2,Recommended: Advanced Certification in Active Learning (Addresses critical gap: Active Learning),"YearsSinceLastPromotion, ExperienceRatio, BusinessTravel_Non-Travel"
1659,Research & Development,Laboratory Technician,36,2013,0.2076,LOW,93,3,3,"C++, Database software, Email software, Linux, Microsoft Access, Science",6,Recommended: Advanced Certification in C++ (Addresses critical gap: C++),"MonthlyIncome, TotalSatisfactionScore, StockOptionLevel"
1661,Research & Development,Healthcare Representative,49,13966,0.0309,LOW,100,3,3,"3DGrid HIPAA Checkup, Alteer Office, American Medical Association CodeManager, Critical Thinking",4,Recommended: Advanced Certification in 3DGrid HIPAA Checkup (Addresses critical gap: 3DGrid HIPAA Checkup),"OverTime_No, JobRole_Research Scientist, BusinessTravel_Non-Travel"
1662,Research & Development,Manufacturing Director,36,4374,0.0039,LOW,100,3,3,"Active Listening, Adobe InDesign, Apple Final Cut Pro, Critical Thinking, Speaking",5,Recommended: Active Listening and High-Impact Communication for Leaders (Addresses critical gap: Active Listening),"DailyRate, StockOptionLevel, JobRole_Research Scientist"
1664,Research & Development,Healthcare Representative,36,6842,0.0278,LOW,86,4,3,AcuStaf,1,Recommended: Advanced Certification in AcuStaf (Addresses critical gap: AcuStaf),"NumCompaniesWorked, TotalSatisfactionScore, RelationshipSatisfaction"
1665,Research & Development,Manager,54,17426,0.0246,LOW,100,4,3,"Act!, Monitoring",2,Recommended: Advanced Certification in Act! (Addresses critical gap: Act!),"DistanceFromHome, DailyRate, YearsSinceLastPromotion"
1666,Research & Development,Research Director,43,17603,0.0134,LOW,100,4,3,"IBM Lotus 1-2-3, Science",2,Recommended: Advanced Certification in IBM Lotus 1-2-3 (Addresses critical gap: IBM Lotus 1-2-3),"YearsSinceLastPromotion, ExperienceRatio, DistanceFromHome"
1667,Sales,Sales Executive,35,4581,0.3357,MEDIUM,100,4,4,Adobe Acrobat,1,Recommended: Advanced Certification in Adobe Acrobat (Addresses critical gap: Adobe Acrobat),"OverTime_No, YearsSinceLastPromotion, DistanceFromHome"
1668,Research & Development,Research Scientist,38,4735,0.0047,LOW,100,3,4,"Ada, Amazon Elastic Compute Cloud EC2, Reading Comprehension",3,Recommended: Advanced Certification in Ada (Addresses critical gap: Ada),"NumCompaniesWorked, BusinessTravel_Travel_Frequently, ExperienceRatio"
1669,Sales,Sales Executive,29,4187,0.1196,LOW,80,3,2,"Active Listening, Adobe Creative Cloud software, Monitoring, Speaking",4,Recommended: Active Listening and High-Impact Communication for Leaders (Addresses critical gap: Active Listening),"OverTime_No, TotalSatisfactionScore, EnvironmentSatisfaction"
1670,Sales,Sales Executive,33,5505,0.0087,LOW,100,3,3,Active Listening,1,Recommended: Active Listening and High-Impact Communication for Leaders (Addresses critical gap: Active Listening),"DailyRate, Department_Research & Development, JobRole_Sales Executive"
1671,Research & Development,Research Scientist,32,5470,0.0059,LOW,100,3,2,"Algorithmic software, Mathematics",2,Recommended: Advanced Certification in Algorithmic software (Addresses critical gap: Algorithmic software),"IncomePerYearAtCompany, BusinessTravel_Non-Travel, Gender_Female"
1673,Sales,Sales Executive,31,5476,0.1018,LOW,99,3,3,"Adobe ActionScript, Apple Keynote",2,Recommended: Advanced Certification in Adobe ActionScript (Addresses critical gap: Adobe ActionScript),"PercentSalaryHike, TotalSatisfactionScore, RelationshipSatisfaction"
1674,Research & Development,Laboratory Technician,49,2587,0.2407,LOW,86,3,2,"C++, Critical Thinking, Database software, Email software, Linux, Reading Comprehension",6,Recommended: Advanced Certification in C++ (Addresses critical gap: C++),"OverTime_No, TotalSatisfactionScore, DistanceFromHome"
1675,Research & Development,Laboratory Technician,38,2440,0.0826,LOW,100,4,3,"Database software, Laboratory information management system LIMS, Monitoring",3,Recommended: Advanced Certification in Database software (Addresses critical gap: Database software),"BusinessTravel_Travel_Frequently, StockOptionLevel, MonthlyIncome"
1676,Sales,Manager,47,15972,0.01,LOW,92,3,3,"Adobe Acrobat, Speaking",2,Recommended: Advanced Certification in Adobe Acrobat (Addresses critical gap: Adobe Acrobat),"NumCompaniesWorked, Department_Research & Development, TotalSatisfactionScore"
1677,Research & Development,Manager,49,15379,0.0131,LOW,100,3,3,Active Listening,1,Recommended: Active Listening and High-Impact Communication for Leaders (Addresses critical gap: Active Listening),"YearsWithCurrManager, StockOptionLevel, RelationshipSatisfaction"
1678,Sales,Sales Executive,41,7082,0.1744,LOW,100,3,3,"Airtable, Monitoring, Reading Comprehension",3,Recommended: Advanced Certification in Airtable (Addresses critical gap: Airtable),"OverTime_No, DistanceFromHome, StockOptionLevel"
1680,Sales,Sales Representative,20,2728,0.6265,HIGH,97,3,3,"Adobe Acrobat, Adobe Dreamweaver, Adobe Illustrator, Speaking, Writing",5,Recommended: Advanced Certification in Adobe Acrobat (Addresses critical gap: Adobe Acrobat),"TotalWorkingYears, TotalSatisfactionScore, StockOptionLevel"
1681,Sales,Sales Executive,33,5368,0.0771,LOW,100,4,3,"Active Listening, Adobe Acrobat, Apple Keynote",3,Recommended: Active Listening and High-Impact Communication for Leaders (Addresses critical gap: Active Listening),"OverTime_No, DistanceFromHome, JobRole_Sales Executive"
1682,Research & Development,Healthcare Representative,36,5347,0.1967,LOW,96,3,2,"Adobe Acrobat, Alteer Office, American Medical Association CodeManager, Critical Thinking, Reading Comprehension",5,Recommended: Advanced Certification in Adobe Acrobat (Addresses critical gap: Adobe Acrobat),"NumCompaniesWorked, TotalSatisfactionScore, EnvironmentSatisfaction"
1683,Human Resources,Human Resources,44,3195,0.1321,LOW,100,3,3,"Adobe Dreamweaver, Adobe InDesign, Critical Thinking, Reading Comprehension, Speaking",5,Recommended: Advanced Certification in Adobe Dreamweaver (Addresses critical gap: Adobe Dreamweaver),"OverTime_No, NumCompaniesWorked, RelationshipSatisfaction"
1684,Research & Development,Laboratory Technician,23,3989,0.8738,HIGH,100,3,3,"C++, Database software, Monitoring, Writing",4,Recommended: Advanced Certification in C++ (Addresses critical gap: C++),"OverTime_No, Age, StockOptionLevel"
1687,Research & Development,Laboratory Technician,38,3306,0.0159,LOW,100,3,2,"C++, Email software, Linux, Microsoft Access, Monitoring, Reading Comprehension, Science",7,Recommended: Advanced Certification in C++ (Addresses critical gap: C++),"YearsWithCurrManager, JobRole_Laboratory Technician, NumCompaniesWorked"
1689,Research & Development,Healthcare Representative,53,7005,0.0583,LOW,100,3,3,"3DGrid HIPAA Checkup, Active Listening, Adobe Acrobat, Allscripts healthcare automation software",4,Recommended: Advanced Certification in 3DGrid HIPAA Checkup (Addresses critical gap: 3DGrid HIPAA Checkup),"DistanceFromHome, StockOptionLevel, JobLevel"
1691,Sales,Sales Representative,48,2655,0.5048,MEDIUM,100,3,3,Reading Comprehension,1,Recommended: Information Synthesis and Rapid Document Analysis (Addresses critical gap: Reading Comprehension),"OverTime_No, BusinessTravel_Travel_Frequently, PercentSalaryHike"
1692,Research & Development,Laboratory Technician,32,1393,0.8658,HIGH,91,3,3,"C++, Database software, Laboratory information management system LIMS, Linux, Reading Comprehension, Science, Writing",7,Recommended: Advanced Certification in C++ (Addresses critical gap: C++),"MonthlyIncome, YearsWithCurrManager, TotalWorkingYears"
1693,Research & Development,Laboratory Technician,26,2570,0.0333,LOW,100,4,3,"C++, Linux, Reading Comprehension",3,Recommended: Advanced Certification in C++ (Addresses critical gap: C++),"StockOptionLevel, Age, YearsSinceLastPromotion"
1694,Research & Development,Research Scientist,55,3537,0.0977,LOW,94,3,3,"3D graphics software, Advanced numerical software, Algorithmic software, Amazon DynamoDB, Amazon Elastic Compute Cloud EC2, Reading Comprehension",6,Recommended: Advanced Certification in 3D graphics software (Addresses critical gap: 3D graphics software),"NumCompaniesWorked, DistanceFromHome, EducationField_Technical Degree"
1696,Research & Development,Laboratory Technician,34,3986,0.0484,LOW,100,3,4,"Email software, Science",2,Recommended: Advanced Certification in Email software (Addresses critical gap: Email software),"YearsSinceLastPromotion, JobRole_Laboratory Technician, MonthlyRate"
1697,Research & Development,Healthcare Representative,60,10883,0.0038,LOW,100,4,4,"Active Listening, Allscripts healthcare automation software, Alteer Office, American Medical Association CodeManager",4,Recommended: Active Listening and High-Impact Communication for Leaders (Addresses critical gap: Active Listening),"YearsWithCurrManager, DailyRate, JobInvolvement"
1698,Research & Development,Laboratory Technician,33,2028,0.1574,LOW,99,3,3,"C++, Email software, Microsoft Access, Writing",4,Recommended: Advanced Certification in C++ (Addresses critical gap: C++),"MonthlyIncome, DailyRate, JobRole_Laboratory Technician"
1700,Sales,Sales Executive,37,9525,0.0866,LOW,100,3,2,Act!,1,Recommended: Advanced Certification in Act! (Addresses critical gap: Act!),"JobInvolvement, BusinessTravel_Travel_Frequently, Department_Research & Development"
1701,Research & Development,Research Scientist,34,2929,0.085,LOW,100,3,3,Ada,1,Recommended: Advanced Certification in Ada (Addresses critical gap: Ada),"StockOptionLevel, YearsSinceLastPromotion, DistanceFromHome"
1702,Sales,Sales Representative,23,2275,0.8645,HIGH,100,4,3,"Active Listening, Adobe Acrobat, Adobe Creative Cloud software, Adobe Illustrator, Critical Thinking",5,Recommended: Active Listening and High-Impact Communication for Leaders (Addresses critical gap: Active Listening),"OverTime_No, MonthlyIncome, DailyRate"
1703,Research & Development,Healthcare Representative,44,7879,0.0183,LOW,100,3,3,"Active Listening, Adobe Acrobat, Alteer Office",3,Recommended: Active Listening and High-Impact Communication for Leaders (Addresses critical gap: Active Listening),"OverTime_No, YearsSinceLastPromotion, PromotionLagRatio"
1704,Research & Development,Research Scientist,35,4930,0.1895,LOW,100,3,4,"3D graphics software, Active Learning, Active Listening, Advanced numerical software, Mathematics",5,Recommended: Advanced Certification in 3D graphics software (Addresses critical gap: 3D graphics software),"OverTime_No, BusinessTravel_Travel_Frequently, StockOptionLevel"
1706,Sales,Sales Executive,43,7847,0.0884,LOW,100,3,3,Adobe Creative Cloud software,1,Recommended: Advanced Certification in Adobe Creative Cloud software (Addresses critical gap: Adobe Creative Cloud software),"OverTime_No, RelationshipSatisfaction, YearsSinceLastPromotion"
1707,Research & Development,Research Scientist,24,4401,0.0042,LOW,100,3,3,"3D graphics software, Active Learning, Amazon Elastic Compute Cloud EC2, Mathematics",4,Recommended: Advanced Certification in 3D graphics software (Addresses critical gap: 3D graphics software),"Age, DistanceFromHome, BusinessTravel_Non-Travel"
1708,Sales,Sales Executive,41,9241,0.2866,LOW,100,3,3,Critical Thinking,1,Recommended: Executive Decision Making & Critical Thinking Workshop (Addresses critical gap: Critical Thinking),"YearsSinceLastPromotion, ExperienceRatio, StockOptionLevel"
1709,Research & Development,Laboratory Technician,29,2974,0.1302,LOW,100,3,3,"C++, Email software, Monitoring, Writing",4,Recommended: Advanced Certification in C++ (Addresses critical gap: C++),"NumCompaniesWorked, JobRole_Laboratory Technician, Age"
1710,Sales,Sales Representative,36,4502,0.0946,LOW,100,3,2,Active Listening,1,Recommended: Active Listening and High-Impact Communication for Leaders (Addresses critical gap: Active Listening),"YearsSinceLastPromotion, StockOptionLevel, JobRole_Sales Representative"
1712,Research & Development,Healthcare Representative,45,10748,0.0044,LOW,100,4,2,"3DGrid HIPAA Checkup, Critical Thinking, Speaking",3,Recommended: Advanced Certification in 3DGrid HIPAA Checkup (Addresses critical gap: 3DGrid HIPAA Checkup),"YearsSinceLastPromotion, PercentSalaryHike, JobRole_Research Scientist"
1714,Human Resources,Human Resources,24,1555,0.9514,HIGH,100,3,3,"Active Listening, Adobe Acrobat, Adobe Dreamweaver, Adobe Illustrator, Adobe InDesign, Reading Comprehension, Writing",7,Recommended: Active Listening and High-Impact Communication for Leaders (Addresses critical gap: Active Listening),"MonthlyIncome, JobInvolvement, YearsWithCurrManager"
1716,Sales,Sales Executive,47,12936,0.9304,HIGH,87,3,1,Adobe ActionScript,1,Recommended: Advanced Certification in Adobe ActionScript (Addresses critical gap: Adobe ActionScript),"JobInvolvement, WorkLifeBalance, JobRole_Sales Executive"
1718,Research & Development,Laboratory Technician,26,2305,0.0844,LOW,100,3,4,"Critical Thinking, Database software, Email software, Science",4,Recommended: Executive Decision Making & Critical Thinking Workshop (Addresses critical gap: Critical Thinking),"JobInvolvement, MonthlyIncome, DailyRate"
1719,Research & Development,Research Director,45,16704,0.0103,LOW,100,3,3,"Adobe Photoshop, Graphics software, Reading Comprehension",3,Recommended: Advanced Certification in Adobe Photoshop (Addresses critical gap: Adobe Photoshop),"DistanceFromHome, YearsSinceLastPromotion, StockOptionLevel"
1720,Research & Development,Research Scientist,32,3433,0.2763,LOW,84,3,2,"Ada, Advanced numerical software, Amazon DynamoDB, Mathematics",4,Recommended: Advanced Certification in Ada (Addresses critical gap: Ada),"NumCompaniesWorked, TotalSatisfactionScore, BusinessTravel_Travel_Frequently"
1721,Research & Development,Laboratory Technician,31,3477,0.0335,LOW,100,3,4,"Critical Thinking, Reading Comprehension, Writing",3,Recommended: Executive Decision Making & Critical Thinking Workshop (Addresses critical gap: Critical Thinking),"JobRole_Laboratory Technician, WorkLifeBalance, Age"
1722,Human Resources,Human Resources,41,6430,0.0378,LOW,100,3,3,"Adobe Creative Cloud software, Adobe Illustrator, Adobe InDesign, Critical Thinking",4,Recommended: Advanced Certification in Adobe Creative Cloud software (Addresses critical gap: Adobe Creative Cloud software),"NumCompaniesWorked, JobInvolvement, Department_Research & Development"
1724,Research & Development,Manufacturing Director,40,6516,0.4885,MEDIUM,94,3,3,"Adobe Acrobat, Adobe InDesign, Reading Comprehension",3,Recommended: Advanced Certification in Adobe Acrobat (Addresses critical gap: Adobe Acrobat),"OverTime_No, YearsWithCurrManager, TotalSatisfactionScore"
1725,Research & Development,Laboratory Technician,24,3907,0.0657,LOW,90,3,4,"Linux, Microsoft Access, Reading Comprehension",3,Recommended: Advanced Certification in Linux (Addresses critical gap: Linux),"JobRole_Laboratory Technician, TotalSatisfactionScore, DistanceFromHome"
1727,Research & Development,Healthcare Representative,46,5562,0.0706,LOW,100,3,3,"Critical Thinking, Reading Comprehension",2,Recommended: Executive Decision Making & Critical Thinking Workshop (Addresses critical gap: Critical Thinking),"NumCompaniesWorked, DistanceFromHome, StockOptionLevel"
1728,Research & Development,Manufacturing Director,35,6883,0.0348,LOW,100,3,3,"Adobe Acrobat, Adobe Photoshop, Monitoring, Reading Comprehension",4,Recommended: Advanced Certification in Adobe Acrobat (Addresses critical gap: Adobe Acrobat),"DistanceFromHome, JobRole_Research Scientist, BusinessTravel_Non-Travel"
1729,Research & Development,Research Scientist,30,2862,0.0302,LOW,100,3,2,Ada,1,Recommended: Advanced Certification in Ada (Addresses critical gap: Ada),"DistanceFromHome, ExperienceRatio, Age"
1731,Sales,Sales Executive,47,4978,0.1003,LOW,89,3,1,"Airtable, Critical Thinking, Reading Comprehension",3,Recommended: Advanced Certification in Airtable (Addresses critical gap: Airtable),"YearsWithCurrManager, NumCompaniesWorked, JobRole_Sales Executive"
1732,Sales,Sales Executive,46,10368,0.0736,LOW,100,3,2,"Act!, Monitoring",2,Recommended: Advanced Certification in Act! (Addresses critical gap: Act!),"OverTime_No, JobRole_Sales Executive, NumCompaniesWorked"
1733,Sales,Sales Executive,36,6134,0.3702,MEDIUM,76,3,3,"Act!, Active Listening, Adobe Creative Cloud software, Critical Thinking, Reading Comprehension",5,Recommended: Advanced Certification in Act! (Addresses critical gap: Act!),"OverTime_No, TotalSatisfactionScore, NumCompaniesWorked"
1734,Sales,Sales Executive,32,6735,0.9448,HIGH,69,3,3,"Adobe Acrobat, Adobe ActionScript, Adobe Creative Cloud software, Airtable, Critical Thinking",5,Recommended: Advanced Certification in Adobe Acrobat (Addresses critical gap: Adobe Acrobat),"JobInvolvement, TotalSatisfactionScore, EnvironmentSatisfaction"
1735,Research & Development,Laboratory Technician,23,3295,0.157,LOW,91,3,1,"Linux, Monitoring, Science, Writing",4,Recommended: Advanced Certification in Linux (Addresses critical gap: Linux),"WorkLifeBalance, StockOptionLevel, TotalSatisfactionScore"
1736,Research & Development,Manufacturing Director,31,5238,0.0353,LOW,100,4,2,Active Listening,1,Recommended: Active Listening and High-Impact Communication for Leaders (Addresses critical gap: Active Listening),"DistanceFromHome, BusinessTravel_Travel_Frequently, StockOptionLevel"
1737,Research & Development,Laboratory Technician,39,6472,0.0234,LOW,100,3,3,Database software,1,Recommended: Advanced Certification in Database software (Addresses critical gap: Database software),"OverTime_No, YearsSinceLastPromotion, DailyRate"
1739,Sales,Sales Executive,32,9610,0.3974,MEDIUM,100,3,1,"Act!, Adobe Acrobat, Adobe Creative Cloud software, Speaking",4,Recommended: Advanced Certification in Act! (Addresses critical gap: Act!),"JobInvolvement, WorkLifeBalance, JobRole_Sales Executive"
1740,Sales,Manager,40,19833,0.0638,LOW,82,3,2,"Adobe Acrobat, Reading Comprehension",2,Recommended: Advanced Certification in Adobe Acrobat (Addresses critical gap: Adobe Acrobat),"TotalSatisfactionScore, StockOptionLevel, YearsSinceLastPromotion"
1744,Human Resources,Human Resources,45,9756,0.0249,LOW,100,4,4,"Active Listening, Adobe Creative Cloud software",2,Recommended: Active Listening and High-Impact Communication for Leaders (Addresses critical gap: Active Listening),"JobInvolvement, WorkLifeBalance, NumCompaniesWorked"
1745,Research & Development,Research Scientist,30,4968,0.0536,LOW,100,3,3,"3D graphics software, Ada",2,Recommended: Advanced Certification in 3D graphics software (Addresses critical gap: 3D graphics software),"StockOptionLevel, BusinessTravel_Travel_Frequently, Age"
1746,Human Resources,Human Resources,24,2145,0.263,LOW,100,3,3,"Active Listening, Adobe Illustrator, Reading Comprehension, Speaking, Writing",5,Recommended: Active Listening and High-Impact Communication for Leaders (Addresses critical gap: Active Listening),"BusinessTravel_Travel_Frequently, MonthlyIncome, Age"
1747,Human Resources,Human Resources,30,2180,0.8533,HIGH,100,3,2,"Adobe Creative Cloud software, Adobe Dreamweaver, Adobe Illustrator, Critical Thinking, Reading Comprehension",5,Recommended: Advanced Certification in Adobe Creative Cloud software (Addresses critical gap: Adobe Creative Cloud software),"BusinessTravel_Travel_Frequently, NumCompaniesWorked, Age"
1749,Sales,Sales Executive,31,8346,0.1083,LOW,100,3,3,Active Listening,1,Recommended: Active Listening and High-Impact Communication for Leaders (Addresses critical gap: Active Listening),"EducationField_Technical Degree, EnvironmentSatisfaction, JobRole_Sales Executive"
1751,Research & Development,Research Scientist,27,3445,0.0598,LOW,100,3,2,"3D graphics software, Active Learning, Algorithmic software, Reading Comprehension",4,Recommended: Advanced Certification in 3D graphics software (Addresses critical gap: 3D graphics software),"StockOptionLevel, PercentSalaryHike, Age"
1752,Sales,Sales Representative,29,2760,0.9363,HIGH,77,3,3,"3M Post-it App, ACT! Premium, Adobe Acrobat, Adobe Illustrator, Speaking, Writing",6,Recommended: Advanced Certification in 3M Post-it App (Addresses critical gap: 3M Post-it App),"JobInvolvement, TotalWorkingYears, StockOptionLevel"
1753,Research & Development,Healthcare Representative,29,6294,0.5708,MEDIUM,100,3,4,"Active Listening, Alteer Office, American Medical Association CodeManager",3,Recommended: Active Listening and High-Impact Communication for Leaders (Addresses critical gap: Active Listening),"OverTime_No, NumCompaniesWorked, BusinessTravel_Travel_Frequently"
1754,Sales,Sales Executive,30,7140,0.1939,LOW,90,3,3,"Active Listening, Airtable, Critical Thinking",3,Recommended: Active Listening and High-Impact Communication for Leaders (Addresses critical gap: Active Listening),"TotalSatisfactionScore, PercentSalaryHike, DistanceFromHome"
1755,Research & Development,Research Scientist,34,2932,0.0114,LOW,100,3,3,"Active Learning, Active Listening, Advanced numerical software, Amazon DynamoDB",4,Recommended: Advanced Certification in Active Learning (Addresses critical gap: Active Learning),"OverTime_No, HourlyRate, JobLevel"
1756,Sales,Sales Executive,33,5147,0.0445,LOW,100,3,2,"Act!, Active Listening, Adobe Acrobat, Apple Keynote",4,Recommended: Advanced Certification in Act! (Addresses critical gap: Act!),"NumCompaniesWorked, StockOptionLevel, JobRole_Sales Executive"
1757,Sales,Sales Executive,49,4507,0.0791,LOW,100,3,4,"Act!, Adobe Creative Cloud software, Airtable, Speaking",4,Recommended: Advanced Certification in Act! (Addresses critical gap: Act!),"StockOptionLevel, DistanceFromHome, JobRole_Sales Executive"
1758,Sales,Sales Executive,33,8564,0.9503,HIGH,49,4,2,"Act!, Adobe ActionScript, Apple Keynote, Critical Thinking, Reading Comprehension",5,Recommended: Advanced Certification in Act! (Addresses critical gap: Act!),"TotalSatisfactionScore, OverTime_No, EnvironmentSatisfaction"
1760,Research & Development,Laboratory Technician,38,2468,0.1067,LOW,100,3,2,"C++, Database software",2,Recommended: Advanced Certification in C++ (Addresses critical gap: C++),"BusinessTravel_Travel_Frequently, TotalSatisfactionScore, MonthlyIncome"
1761,Sales,Sales Executive,31,8161,0.8573,HIGH,81,3,3,"Act!, Active Listening, Adobe Acrobat",3,Recommended: Advanced Certification in Act! (Addresses critical gap: Act!),"YearsWithCurrManager, TotalSatisfactionScore, EnvironmentSatisfaction"
1762,Research & Development,Research Scientist,29,2109,0.2218,LOW,100,3,3,"Active Learning, Active Listening, Advanced numerical software, Amazon DynamoDB, Amazon Elastic Compute Cloud EC2, Mathematics, Reading Comprehension",7,Recommended: Advanced Certification in Active Learning (Addresses critical gap: Active Learning),"MonthlyIncome, YearsWithCurrManager, EducationField_Technical Degree"
1763,Research & Development,Healthcare Representative,30,5294,0.0569,LOW,100,3,3,3DGrid HIPAA Checkup,1,Recommended: Advanced Certification in 3DGrid HIPAA Checkup (Addresses critical gap: 3DGrid HIPAA Checkup),"DailyRate, DistanceFromHome, ExperienceRatio"
1764,Research & Development,Research Scientist,32,2718,0.0689,LOW,98,3,3,"Amazon DynamoDB, Mathematics, Reading Comprehension",3,Recommended: Advanced Certification in Amazon DynamoDB (Addresses critical gap: Amazon DynamoDB),"StockOptionLevel, TotalSatisfactionScore, EducationField_Technical Degree"
1766,Research & Development,Healthcare Representative,38,5811,0.1151,LOW,100,3,3,"Active Listening, Allscripts healthcare automation software, Alteer Office, American Medical Association CodeManager, Reading Comprehension, Speaking",6,Recommended: Active Listening and High-Impact Communication for Leaders (Addresses critical gap: Active Listening),"OverTime_No, YearsWithCurrManager, JobInvolvement"
1767,Research & Development,Research Scientist,43,2437,0.9346,HIGH,100,3,3,"3D graphics software, Active Learning, Advanced numerical software, Algorithmic software, Amazon Elastic Compute Cloud EC2, Critical Thinking, Reading Comprehension",7,Recommended: Advanced Certification in 3D graphics software (Addresses critical gap: 3D graphics software),"MonthlyIncome, OverTime_No, YearsWithCurrManager"
1768,Research & Development,Laboratory Technician,42,2766,0.2791,LOW,80,4,2,"Database software, Email software, Monitoring, Reading Comprehension, Science",5,Recommended: Advanced Certification in Database software (Addresses critical gap: Database software),"TotalSatisfactionScore, NumCompaniesWorked, DistanceFromHome"
1770,Research & Development,Research Director,55,19038,0.0224,LOW,92,3,3,"Clinical trial management software, Critical Thinking, Graphics software",3,Recommended: Advanced Certification in Clinical trial management software (Addresses critical gap: Clinical trial management software),"NumCompaniesWorked, YearsWithCurrManager, TotalSatisfactionScore"
1771,Research & Development,Research Scientist,33,3055,0.0389,LOW,100,3,2,3D graphics software,1,Recommended: Advanced Certification in 3D graphics software (Addresses critical gap: 3D graphics software),"NumCompaniesWorked, EducationField_Technical Degree, DailyRate"
1772,Research & Development,Laboratory Technician,41,2289,0.0713,LOW,90,4,3,"C++, Microsoft Access, Science",3,Recommended: Advanced Certification in C++ (Addresses critical gap: C++),"MonthlyIncome, TotalSatisfactionScore, JobRole_Laboratory Technician"
1774,Sales,Sales Executive,34,4001,0.0167,LOW,100,3,3,"Adobe ActionScript, Critical Thinking, Reading Comprehension",3,Recommended: Advanced Certification in Adobe ActionScript (Addresses critical gap: Adobe ActionScript),"OverTime_No, JobRole_Sales Executive, JobRole_Research Scientist"
1775,Research & Development,Manufacturing Director,53,12965,0.1023,LOW,95,4,2,"Active Listening, Monitoring",2,Recommended: Active Listening and High-Impact Communication for Leaders (Addresses critical gap: Active Listening),"OverTime_No, IncomePerYearAtCompany, EnvironmentSatisfaction"
1778,Human Resources,Human Resources,43,3539,0.029,LOW,100,3,3,"Adobe Dreamweaver, Reading Comprehension, Speaking",3,Recommended: Advanced Certification in Adobe Dreamweaver (Addresses critical gap: Adobe Dreamweaver),"DailyRate, StockOptionLevel, Department_Research & Development"
1779,Sales,Sales Executive,34,6029,0.1455,LOW,100,3,3,"Airtable, Apple Keynote, Speaking",3,Recommended: Advanced Certification in Airtable (Addresses critical gap: Airtable),"JobInvolvement, NumCompaniesWorked, StockOptionLevel"
1780,Sales,Sales Representative,21,2679,0.8437,HIGH,83,3,3,"ACT! Premium, Adobe Creative Cloud software, Adobe Dreamweaver, Adobe Illustrator, Critical Thinking, Reading Comprehension, Writing",7,Recommended: Advanced Certification in ACT! Premium (Addresses critical gap: ACT! Premium),"YearsWithCurrManager, TotalWorkingYears, Age"
1782,Research & Development,Laboratory Technician,38,3702,0.022,LOW,100,3,3,"C++, Critical Thinking, Email software, Linux, Monitoring, Science",6,Recommended: Advanced Certification in C++ (Addresses critical gap: C++),"PercentSalaryHike, JobRole_Laboratory Technician, IncomePerYearAtCompany"
1783,Research & Development,Laboratory Technician,22,2398,0.9512,HIGH,79,3,3,"C++, Critical Thinking, Laboratory information management system LIMS, Linux, Monitoring, Reading Comprehension, Writing",7,Recommended: Advanced Certification in C++ (Addresses critical gap: C++),"OverTime_No, MonthlyIncome, YearsWithCurrManager"
1784,Sales,Sales Executive,31,5468,0.0695,LOW,100,3,3,Airtable,1,Recommended: Advanced Certification in Airtable (Addresses critical gap: Airtable),"DistanceFromHome, EnvironmentSatisfaction, TotalSatisfactionScore"
1786,Research & Development,Manager,51,13116,0.0118,LOW,100,3,3,"Act!, Adobe Photoshop, Critical Thinking, Reading Comprehension, Speaking",5,Recommended: Advanced Certification in Act! (Addresses critical gap: Act!),"EnvironmentSatisfaction, StockOptionLevel, PercentSalaryHike"
1787,Sales,Sales Executive,37,4189,0.1196,LOW,100,3,3,"Act!, Adobe ActionScript, Reading Comprehension",3,Recommended: Advanced Certification in Act! (Addresses critical gap: Act!),"TotalSatisfactionScore, DistanceFromHome, RelationshipSatisfaction"
1789,Research & Development,Research Director,46,19328,0.0364,LOW,100,3,3,"Adobe Photoshop, Critical Thinking, ESRI ArcGIS software",3,Recommended: Advanced Certification in Adobe Photoshop (Addresses critical gap: Adobe Photoshop),"OverTime_No, NumCompaniesWorked, DailyRate"
1790,Research & Development,Healthcare Representative,36,8321,0.0884,LOW,100,3,3,Speaking,1,Recommended: Advanced Executive Presentation and Persuasive Speaking (Addresses critical gap: Speaking),"NumCompaniesWorked, OverTime_No, JobRole_Research Scientist"
1792,Research & Development,Research Scientist,44,2342,0.8944,HIGH,81,3,2,"Ada, Algorithmic software, Critical Thinking",3,Recommended: Advanced Certification in Ada (Addresses critical gap: Ada),"OverTime_No, MonthlyIncome, BusinessTravel_Travel_Frequently"
1794,Human Resources,Human Resources,37,4071,0.0548,LOW,99,3,2,"Active Listening, Speaking",2,Recommended: Active Listening and High-Impact Communication for Leaders (Addresses critical gap: Active Listening),"StockOptionLevel, PromotionLagRatio, Department_Research & Development"
1797,Sales,Sales Executive,35,5813,0.8132,HIGH,100,3,3,"Apple Keynote, Critical Thinking, Monitoring, Reading Comprehension",4,Recommended: Advanced Certification in Apple Keynote (Addresses critical gap: Apple Keynote),"OverTime_No, DistanceFromHome, YearsSinceLastPromotion"
1798,Research & Development,Research Scientist,33,3143,0.1134,LOW,100,3,3,"Active Listening, Algorithmic software",2,Recommended: Active Listening and High-Impact Communication for Leaders (Addresses critical gap: Active Listening),"NumCompaniesWorked, YearsSinceLastPromotion, JobSatisfaction"
1799,Research & Development,Research Scientist,28,2044,0.0114,LOW,100,3,4,"3D graphics software, Active Listening, Algorithmic software, Critical Thinking",4,Recommended: Advanced Certification in 3D graphics software (Addresses critical gap: 3D graphics software),"MonthlyIncome, PercentSalaryHike, Age"
1800,Research & Development,Research Director,39,13464,0.0188,LOW,100,4,3,"Active Listening, Clinical trial management software, ESRI ArcGIS software, Reading Comprehension",4,Recommended: Active Listening and High-Impact Communication for Leaders (Addresses critical gap: Active Listening),"NumCompaniesWorked, StockOptionLevel, DistanceFromHome"
1801,Sales,Sales Executive,46,7991,0.1754,LOW,93,3,3,"Active Listening, Adobe Acrobat, Airtable, Reading Comprehension, Speaking",5,Recommended: Active Listening and High-Impact Communication for Leaders (Addresses critical gap: Active Listening),"NumCompaniesWorked, StockOptionLevel, DistanceFromHome"
1802,Research & Development,Laboratory Technician,40,3377,0.0815,LOW,82,3,2,"Database software, Email software, Linux, Microsoft Access, Monitoring",5,Recommended: Advanced Certification in Database software (Addresses critical gap: Database software),"JobRole_Laboratory Technician, NumCompaniesWorked, JobSatisfaction"
1803,Research & Development,Healthcare Representative,42,5538,0.0739,LOW,81,3,2,"3DGrid HIPAA Checkup, AcuStaf, Adobe Acrobat, Alteer Office, Reading Comprehension, Speaking",6,Recommended: Advanced Certification in 3DGrid HIPAA Checkup (Addresses critical gap: 3DGrid HIPAA Checkup),"YearsWithCurrManager, TotalSatisfactionScore, NumCompaniesWorked"
1804,Research & Development,Manufacturing Director,35,5762,0.0048,LOW,100,3,3,"Adobe InDesign, Monitoring",2,Recommended: Advanced Certification in Adobe InDesign (Addresses critical gap: Adobe InDesign),"JobRole_Research Scientist, Gender_Female, ExperienceRatio"
1805,Human Resources,Human Resources,38,2592,0.0104,LOW,86,3,3,"Adobe Creative Cloud software, Adobe Human Capital Application Solution Accelerator, Speaking",3,Recommended: Advanced Certification in Adobe Creative Cloud software (Addresses critical gap: Adobe Creative Cloud software),"NumCompaniesWorked, EnvironmentSatisfaction, MonthlyIncome"
1807,Research & Development,Laboratory Technician,34,5346,0.72,HIGH,81,3,2,"Laboratory information management system LIMS, Microsoft Access, Monitoring, Science",4,Recommended: Advanced Certification in Laboratory information management system LIMS (Addresses critical gap: Laboratory information management system LIMS),"BusinessTravel_Travel_Frequently, DailyRate, JobRole_Laboratory Technician"
1809,Research & Development,Manufacturing Director,37,4213,0.7922,HIGH,76,3,1,Reading Comprehension,1,Recommended: Information Synthesis and Rapid Document Analysis (Addresses critical gap: Reading Comprehension),"TotalSatisfactionScore, WorkLifeBalance, DailyRate"
1812,Sales,Sales Executive,39,4127,0.0702,LOW,100,3,3,"Act!, Adobe Creative Cloud software, Monitoring",3,Recommended: Advanced Certification in Act! (Addresses critical gap: Act!),"BusinessTravel_Travel_Frequently, DistanceFromHome, JobRole_Research Scientist"
1813,Research & Development,Research Scientist,43,2438,0.1103,LOW,98,3,2,"3D graphics software, Active Learning, Advanced numerical software, Amazon DynamoDB, Critical Thinking, Reading Comprehension",6,Recommended: Advanced Certification in 3D graphics software (Addresses critical gap: 3D graphics software),"StockOptionLevel, TotalSatisfactionScore, MonthlyIncome"
1814,Research & Development,Healthcare Representative,41,6870,0.0991,LOW,70,3,1,"3DGrid HIPAA Checkup, Active Listening, Adobe Acrobat, Alteer Office, Critical Thinking",5,Recommended: Advanced Certification in 3DGrid HIPAA Checkup (Addresses critical gap: 3DGrid HIPAA Checkup),"TotalSatisfactionScore, StockOptionLevel, WorkLifeBalance"
1815,Sales,Sales Executive,41,10447,0.0459,LOW,100,3,4,Adobe ActionScript,1,Recommended: Advanced Certification in Adobe ActionScript (Addresses critical gap: Adobe ActionScript),"OverTime_No, YearsSinceLastPromotion, JobRole_Sales Executive"
1816,Research & Development,Manufacturing Director,30,9667,0.4762,MEDIUM,100,3,3,Active Listening,1,Recommended: Active Listening and High-Impact Communication for Leaders (Addresses critical gap: Active Listening),"TotalSatisfactionScore, StockOptionLevel, NumCompaniesWorked"
1818,Human Resources,Human Resources,26,2148,0.3106,MEDIUM,100,3,3,"Adobe Dreamweaver, Adobe Human Capital Application Solution Accelerator, Adobe Illustrator, Writing",4,Recommended: Advanced Certification in Adobe Dreamweaver (Addresses critical gap: Adobe Dreamweaver),"OverTime_No, MonthlyIncome, DistanceFromHome"
1821,Research & Development,Healthcare Representative,46,8926,0.7403,HIGH,100,4,4,"AcuStaf, Adobe Acrobat, Monitoring",3,Recommended: Advanced Certification in AcuStaf (Addresses critical gap: AcuStaf),"YearsSinceLastPromotion, DailyRate, DistanceFromHome"
1822,Research & Development,Healthcare Representative,40,6513,0.0052,LOW,100,3,3,"Active Listening, American Medical Association CodeManager, Critical Thinking, Reading Comprehension",4,Recommended: Active Listening and High-Impact Communication for Leaders (Addresses critical gap: Active Listening),"NumCompaniesWorked, JobRole_Research Scientist, BusinessTravel_Non-Travel"
1823,Sales,Sales Executive,34,6799,0.049,LOW,100,4,3,"Active Listening, Monitoring",2,Recommended: Active Listening and High-Impact Communication for Leaders (Addresses critical gap: Active Listening),"JobRole_Sales Executive, ExperienceRatio, EducationField_Technical Degree"
1824,Sales,Manager,58,16291,0.0743,LOW,100,4,2,"ADP Workforce Now, ActionWare, Adobe Creative Cloud software",3,Recommended: Advanced Certification in ADP Workforce Now (Addresses critical gap: ADP Workforce Now),"DailyRate, YearsSinceLastPromotion, TrainingTimesLastYear"
1826,Research & Development,Laboratory Technician,35,2705,0.0944,LOW,100,3,4,"Database software, Email software, Laboratory information management system LIMS, Microsoft Access, Monitoring, Writing",6,Recommended: Advanced Certification in Database software (Addresses critical gap: Database software),"JobInvolvement, DistanceFromHome, JobRole_Laboratory Technician"
1827,Research & Development,Manufacturing Director,47,10333,0.0335,LOW,100,3,3,"Adobe Photoshop, Speaking",2,Recommended: Advanced Certification in Adobe Photoshop (Addresses critical gap: Adobe Photoshop),"OverTime_No, NumCompaniesWorked, YearsSinceLastPromotion"
1829,Research & Development,Healthcare Representative,40,4448,0.1314,LOW,86,3,3,Allscripts healthcare automation software,1,Recommended: Advanced Certification in Allscripts healthcare automation software (Addresses critical gap: Allscripts healthcare automation software),"TotalSatisfactionScore, DistanceFromHome, YearsSinceLastPromotion"
1830,Research & Development,Research Scientist,54,6854,0.0545,LOW,100,3,2,"Ada, Amazon DynamoDB, Critical Thinking, Mathematics",4,Recommended: Advanced Certification in Ada (Addresses critical gap: Ada),"DailyRate, NumCompaniesWorked, Age"
1833,Sales,Sales Executive,31,9637,0.1305,LOW,85,3,3,Active Listening,1,Recommended: Active Listening and High-Impact Communication for Leaders (Addresses critical gap: Active Listening),"BusinessTravel_Travel_Frequently, TotalSatisfactionScore, EnvironmentSatisfaction"
1834,Research & Development,Research Scientist,28,3591,0.0103,LOW,96,4,3,"Active Listening, Ada, Advanced numerical software, Algorithmic software, Reading Comprehension",5,Recommended: Active Listening and High-Impact Communication for Leaders (Addresses critical gap: Active Listening),"Age, JobSatisfaction, TotalSatisfactionScore"
1835,Sales,Sales Representative,38,5405,0.0776,LOW,100,4,2,"3M Post-it App, ACT! Premium, Adobe Creative Cloud software, Critical Thinking",4,Recommended: Advanced Certification in 3M Post-it App (Addresses critical gap: 3M Post-it App),"OverTime_No, TotalSatisfactionScore, JobInvolvement"
1836,Sales,Sales Executive,26,4684,0.1697,LOW,100,3,3,"Active Listening, Adobe Creative Cloud software, Apple Keynote, Critical Thinking",4,Recommended: Active Listening and High-Impact Communication for Leaders (Addresses critical gap: Active Listening),"StockOptionLevel, Age, RelationshipSatisfaction"
1837,Research & Development,Research Director,58,15787,0.0701,LOW,99,3,3,"Adobe Acrobat, ESRI ArcGIS software, Reading Comprehension",3,Recommended: Advanced Certification in Adobe Acrobat (Addresses critical gap: Adobe Acrobat),"OverTime_No, StockOptionLevel, TotalSatisfactionScore"
1839,Research & Development,Research Scientist,18,1514,0.3035,MEDIUM,96,3,1,"3D graphics software, Advanced numerical software, Algorithmic software, Amazon Elastic Compute Cloud EC2, Critical Thinking, Mathematics",6,Recommended: Advanced Certification in 3D graphics software (Addresses critical gap: 3D graphics software),"MonthlyIncome, YearsWithCurrManager, StockOptionLevel"
1842,Human Resources,Human Resources,31,2956,0.8098,HIGH,96,3,3,"Active Listening, Adobe Creative Cloud software, Adobe Dreamweaver, Adobe Illustrator, Adobe InDesign, Critical Thinking, Reading Comprehension",7,Recommended: Active Listening and High-Impact Communication for Leaders (Addresses critical gap: Active Listening),"YearsWithCurrManager, TotalWorkingYears, StockOptionLevel"
1844,Human Resources,Human Resources,29,2335,0.9676,HIGH,73,3,3,"Adobe Acrobat, Adobe Human Capital Application Solution Accelerator, Adobe InDesign, Writing",4,Recommended: Advanced Certification in Adobe Acrobat (Addresses critical gap: Adobe Acrobat),"OverTime_No, MonthlyIncome, YearsWithCurrManager"
1845,Sales,Sales Executive,45,5154,0.0348,LOW,100,4,4,"Apple Keynote, Critical Thinking, Monitoring",3,Recommended: Advanced Certification in Apple Keynote (Addresses critical gap: Apple Keynote),"WorkLifeBalance, DailyRate, NumCompaniesWorked"
1847,Research & Development,Research Scientist,36,6962,0.0135,LOW,100,4,3,"Active Listening, Ada, Advanced numerical software, Amazon Elastic Compute Cloud EC2, Reading Comprehension",5,Recommended: Active Listening and High-Impact Communication for Leaders (Addresses critical gap: Active Listening),"OverTime_No, YearsWithCurrManager, DailyRate"
1849,Sales,Sales Executive,43,5675,0.0452,LOW,100,4,3,"Adobe Acrobat, Critical Thinking",2,Recommended: Advanced Certification in Adobe Acrobat (Addresses critical gap: Adobe Acrobat),"BusinessTravel_Travel_Frequently, YearsSinceLastPromotion, EnvironmentSatisfaction"
1850,Research & Development,Laboratory Technician,27,2379,0.1088,LOW,100,3,2,"Monitoring, Reading Comprehension, Science",3,Recommended: Performance Monitoring and KPI Management Masterclass (Addresses critical gap: Monitoring),"OverTime_No, BusinessTravel_Travel_Frequently, Age"
1852,Research & Development,Laboratory Technician,29,3812,0.0606,LOW,100,3,4,"C++, Writing",2,Recommended: Advanced Certification in C++ (Addresses critical gap: C++),"YearsSinceLastPromotion, Age, BusinessTravel_Travel_Frequently"
1853,Sales,Sales Executive,32,4648,0.1352,LOW,100,3,4,"Act!, Active Listening, Adobe Acrobat, Adobe ActionScript, Apple Keynote, Reading Comprehension, Speaking",7,Recommended: Advanced Certification in Act! (Addresses critical gap: Act!),"NumCompaniesWorked, StockOptionLevel, BusinessTravel_Travel_Frequently"
1854,Research & Development,Research Scientist,42,2936,0.0251,LOW,100,4,2,"Active Listening, Algorithmic software, Amazon DynamoDB, Critical Thinking",4,Recommended: Active Listening and High-Impact Communication for Leaders (Addresses critical gap: Active Listening),"EducationField_Technical Degree, DailyRate, DistanceFromHome"
1856,Research & Development,Laboratory Technician,47,2105,0.191,LOW,100,3,3,"Database software, Email software, Laboratory information management system LIMS, Linux, Microsoft Access, Writing",6,Recommended: Advanced Certification in Database software (Addresses critical gap: Database software),"YearsWithCurrManager, MonthlyIncome, StockOptionLevel"
1857,Research & Development,Manufacturing Director,46,8578,0.0863,LOW,100,3,2,"Adobe Photoshop, Apple Final Cut Pro, Monitoring",3,Recommended: Advanced Certification in Adobe Photoshop (Addresses critical gap: Adobe Photoshop),"YearsSinceLastPromotion, IncomePerYearAtCompany, Age"
1858,Human Resources,Human Resources,28,2706,0.0157,LOW,100,3,3,"Adobe Acrobat, Adobe Creative Cloud software, Adobe Human Capital Application Solution Accelerator, Adobe Illustrator, Critical Thinking",5,Recommended: Advanced Certification in Adobe Acrobat (Addresses critical gap: Adobe Acrobat),"DailyRate, Age, MonthlyIncome"
1859,Research & Development,Healthcare Representative,29,6384,0.0472,LOW,100,3,3,"AcuStaf, Critical Thinking, Speaking",3,Recommended: Advanced Certification in AcuStaf (Addresses critical gap: AcuStaf),"NumCompaniesWorked, JobInvolvement, Age"
1860,Research & Development,Laboratory Technician,42,3968,0.033,LOW,100,3,3,"Email software, Microsoft Access, Monitoring, Reading Comprehension, Writing",5,Recommended: Advanced Certification in Email software (Addresses critical gap: Email software),"YearsWithCurrManager, StockOptionLevel, JobRole_Laboratory Technician"
1862,Sales,Sales Executive,32,9907,0.9537,HIGH,78,3,2,"Active Listening, Adobe ActionScript, Apple Keynote",3,Recommended: Active Listening and High-Impact Communication for Leaders (Addresses critical gap: Active Listening),"OverTime_No, NumCompaniesWorked, StockOptionLevel"
1863,Sales,Sales Executive,46,13225,0.0085,LOW,84,3,3,"Apple Keynote, Reading Comprehension",2,Recommended: Advanced Certification in Apple Keynote (Addresses critical gap: Apple Keynote),"TotalSatisfactionScore, EducationField_Technical Degree, JobRole_Sales Executive"
1864,Sales,Sales Representative,27,3540,0.1608,LOW,100,4,3,Reading Comprehension,1,Recommended: Information Synthesis and Rapid Document Analysis (Addresses critical gap: Reading Comprehension),"Age, DistanceFromHome, YearsSinceLastPromotion"
1865,Human Resources,Human Resources,29,2804,0.4082,MEDIUM,100,3,3,"Adobe Dreamweaver, Adobe Human Capital Application Solution Accelerator, Adobe Illustrator, Adobe InDesign, Critical Thinking, Writing",6,Recommended: Advanced Certification in Adobe Dreamweaver (Addresses critical gap: Adobe Dreamweaver),"TotalWorkingYears, YearsWithCurrManager, Age"
1866,Research & Development,Manager,43,19392,0.077,LOW,100,3,3,"ActionWare, Monitoring",2,Recommended: Advanced Certification in ActionWare (Addresses critical gap: ActionWare),"NumCompaniesWorked, StockOptionLevel, YearsSinceLastPromotion"
1867,Research & Development,Research Director,48,19665,0.0264,LOW,100,3,3,"Adobe Acrobat, Clinical trial management software",2,Recommended: Advanced Certification in Adobe Acrobat (Addresses critical gap: Adobe Acrobat),"YearsSinceLastPromotion, StockOptionLevel, NumCompaniesWorked"
1868,Research & Development,Research Scientist,29,2439,0.9753,HIGH,100,4,2,"3D graphics software, Ada, Advanced numerical software, Amazon DynamoDB, Critical Thinking, Mathematics, Reading Comprehension",7,Recommended: Advanced Certification in 3D graphics software (Addresses critical gap: 3D graphics software),"OverTime_No, MonthlyIncome, YearsWithCurrManager"
1869,Sales,Sales Executive,46,7314,0.5582,MEDIUM,100,4,3,"Act!, Adobe Acrobat, Adobe ActionScript",3,Recommended: Advanced Certification in Act! (Addresses critical gap: Act!),"NumCompaniesWorked, DistanceFromHome, JobRole_Sales Executive"
1870,Research & Development,Research Scientist,27,4774,0.0345,LOW,100,3,2,"Active Learning, Active Listening, Critical Thinking, Mathematics",4,Recommended: Advanced Certification in Active Learning (Addresses critical gap: Active Learning),"BusinessTravel_Travel_Frequently, Age, DistanceFromHome"
1871,Research & Development,Research Scientist,39,3902,0.0233,LOW,100,3,3,"Ada, Amazon Elastic Compute Cloud EC2, Reading Comprehension",3,Recommended: Advanced Certification in Ada (Addresses critical gap: Ada),"NumCompaniesWorked, DistanceFromHome, Gender_Female"
1873,Research & Development,Research Scientist,55,2662,0.074,LOW,100,4,4,"Active Listening, Advanced numerical software, Algorithmic software, Reading Comprehension",4,Recommended: Active Listening and High-Impact Communication for Leaders (Addresses critical gap: Active Listening),"NumCompaniesWorked, EducationField_Technical Degree, WorkLifeBalance"
1875,Sales,Sales Representative,28,2856,0.2872,LOW,100,3,3,"3M Post-it App, ACT! Premium, Adobe Acrobat, Adobe Illustrator, Speaking, Writing",6,Recommended: Advanced Certification in 3M Post-it App (Addresses critical gap: 3M Post-it App),"TotalWorkingYears, YearsWithCurrManager, Age"
1876,Sales,Sales Representative,30,1081,0.8938,HIGH,97,3,2,"3M Post-it App, ACT! Premium, Adobe Acrobat, Adobe Dreamweaver, Critical Thinking, Speaking, Writing",7,Recommended: Advanced Certification in 3M Post-it App (Addresses critical gap: 3M Post-it App),"MonthlyIncome, YearsWithCurrManager, TotalWorkingYears"
1878,Research & Development,Research Scientist,22,2472,0.9626,HIGH,92,4,3,"Active Learning, Active Listening, Algorithmic software, Critical Thinking, Mathematics",5,Recommended: Advanced Certification in Active Learning (Addresses critical gap: Active Learning),"OverTime_No, YearsWithCurrManager, Age"
1880,Sales,Sales Executive,36,5673,0.1339,LOW,100,3,3,Speaking,1,Recommended: Advanced Executive Presentation and Persuasive Speaking (Addresses critical gap: Speaking),"OverTime_No, TotalSatisfactionScore, JobRole_Sales Executive"
1881,Research & Development,Laboratory Technician,31,4197,0.1705,LOW,100,3,3,"Reading Comprehension, Writing",2,Recommended: Information Synthesis and Rapid Document Analysis (Addresses critical gap: Reading Comprehension),"PercentSalaryHike, TotalSatisfactionScore, JobRole_Laboratory Technician"
1882,Sales,Sales Executive,34,9713,0.0883,LOW,100,3,3,Active Listening,1,Recommended: Active Listening and High-Impact Communication for Leaders (Addresses critical gap: Active Listening),"OverTime_No, YearsWithCurrManager, JobRole_Sales Executive"
1883,Research & Development,Laboratory Technician,29,2062,0.1956,LOW,100,3,3,"C++, Database software, Laboratory information management system LIMS, Monitoring, Science, Writing",6,Recommended: Advanced Certification in C++ (Addresses critical gap: C++),"MonthlyIncome, JobRole_Laboratory Technician, Age"
1885,Research & Development,Research Scientist,37,4284,0.0611,LOW,100,4,3,"Algorithmic software, Amazon Elastic Compute Cloud EC2, Mathematics, Reading Comprehension",4,Recommended: Advanced Certification in Algorithmic software (Addresses critical gap: Algorithmic software),"NumCompaniesWorked, OverTime_No, DailyRate"
1886,Research & Development,Manufacturing Director,35,4788,0.1278,LOW,100,3,3,"Adobe Photoshop, Monitoring, Reading Comprehension",3,Recommended: Advanced Certification in Adobe Photoshop (Addresses critical gap: Adobe Photoshop),"OverTime_No, MonthlyRate, StockOptionLevel"
1888,Research & Development,Manufacturing Director,45,5906,0.0258,LOW,100,3,2,Adobe InDesign,1,Recommended: Advanced Certification in Adobe InDesign (Addresses critical gap: Adobe InDesign),"DistanceFromHome, JobRole_Research Scientist, YearsSinceLastPromotion"
1890,Human Resources,Human Resources,36,3886,0.0156,LOW,100,4,2,"Active Listening, Adobe Acrobat, Adobe InDesign, Writing",4,Recommended: Active Listening and High-Impact Communication for Leaders (Addresses critical gap: Active Listening),"BusinessTravel_Travel_Frequently, StockOptionLevel, HourlyRate"
1892,Research & Development,Manager,40,16823,0.0312,LOW,63,3,3,ADP Workforce Now,1,Recommended: Advanced Certification in ADP Workforce Now (Addresses critical gap: ADP Workforce Now),"PercentSalaryHike, TotalSatisfactionScore, EnvironmentSatisfaction"
1893,Research & Development,Research Scientist,26,2933,0.5848,MEDIUM,100,3,2,"Active Learning, Algorithmic software, Amazon DynamoDB, Critical Thinking",4,Recommended: Advanced Certification in Active Learning (Addresses critical gap: Active Learning),"OverTime_No, YearsWithCurrManager, Age"
1898,Sales,Sales Executive,27,6500,0.0512,LOW,83,3,2,"Critical Thinking, Monitoring",2,Recommended: Executive Decision Making & Critical Thinking Workshop (Addresses critical gap: Critical Thinking),"StockOptionLevel, TotalSatisfactionScore, EnvironmentSatisfaction"
1900,Research & Development,Manager,48,17174,0.0148,LOW,100,3,3,"ActionWare, Active Listening, Adobe Acrobat, Adobe Photoshop",4,Recommended: Advanced Certification in ActionWare (Addresses critical gap: ActionWare),"BusinessTravel_Travel_Frequently, YearsSinceLastPromotion, PercentSalaryHike"
1903,Research & Development,Healthcare Representative,44,5033,0.0085,LOW,96,3,3,"Active Listening, AcuStaf, Adobe Acrobat, Speaking",4,Recommended: Active Listening and High-Impact Communication for Leaders (Addresses critical gap: Active Listening),"TotalSatisfactionScore, JobSatisfaction, PromotionLagRatio"
1905,Research & Development,Research Scientist,34,2307,0.9176,HIGH,88,4,3,"3D graphics software, Algorithmic software, Amazon DynamoDB, Amazon Elastic Compute Cloud EC2",4,Recommended: Advanced Certification in 3D graphics software (Addresses critical gap: 3D graphics software),"OverTime_No, MonthlyIncome, JobInvolvement"
1907,Research & Development,Laboratory Technician,56,2587,0.8075,HIGH,100,3,3,"Critical Thinking, Email software, Linux",3,Recommended: Executive Decision Making & Critical Thinking Workshop (Addresses critical gap: Critical Thinking),"YearsWithCurrManager, DistanceFromHome, EnvironmentSatisfaction"
1908,Sales,Sales Executive,36,5507,0.2873,LOW,75,3,1,"Adobe Creative Cloud software, Critical Thinking, Speaking",3,Recommended: Advanced Certification in Adobe Creative Cloud software (Addresses critical gap: Adobe Creative Cloud software),"WorkLifeBalance, JobRole_Sales Executive, TotalSatisfactionScore"
1909,Sales,Sales Executive,41,4393,0.1632,LOW,100,4,3,Adobe Acrobat,1,Recommended: Advanced Certification in Adobe Acrobat (Addresses critical gap: Adobe Acrobat),"NumCompaniesWorked, DailyRate, JobRole_Sales Executive"
1911,Research & Development,Research Director,42,13348,0.0191,LOW,100,3,4,"Critical Thinking, Reading Comprehension",2,Recommended: Executive Decision Making & Critical Thinking Workshop (Addresses critical gap: Critical Thinking),"NumCompaniesWorked, Gender_Female, JobSatisfaction"
1912,Sales,Sales Executive,31,6583,0.0503,LOW,100,3,3,"Airtable, Apple Keynote, Reading Comprehension, Speaking",4,Recommended: Advanced Certification in Airtable (Addresses critical gap: Airtable),"OverTime_No, PercentSalaryHike, Age"
1915,Sales,Sales Executive,34,8103,0.0777,LOW,100,3,2,"Adobe ActionScript, Apple Keynote, Critical Thinking, Speaking",4,Recommended: Advanced Certification in Adobe ActionScript (Addresses critical gap: Adobe ActionScript),"OverTime_No, StockOptionLevel, JobRole_Sales Executive"
1916,Research & Development,Laboratory Technician,31,3978,0.1563,LOW,89,3,2,"Critical Thinking, Email software, Microsoft Access, Monitoring, Writing",5,Recommended: Executive Decision Making & Critical Thinking Workshop (Addresses critical gap: Critical Thinking),"NumCompaniesWorked, TotalSatisfactionScore, Age"
1918,Research & Development,Laboratory Technician,26,2544,0.1678,LOW,100,3,3,"Email software, Linux, Microsoft Access",3,Recommended: Advanced Certification in Email software (Addresses critical gap: Email software),"BusinessTravel_Travel_Frequently, Age, DailyRate"
1922,Research & Development,Healthcare Representative,45,5399,0.0358,LOW,100,3,3,"Active Listening, AcuStaf, American Medical Association CodeManager",3,Recommended: Active Listening and High-Impact Communication for Leaders (Addresses critical gap: Active Listening),"BusinessTravel_Travel_Frequently, StockOptionLevel, NumCompaniesWorked"
1924,Sales,Sales Executive,33,5487,0.1048,LOW,92,3,2,Reading Comprehension,1,Recommended: Information Synthesis and Rapid Document Analysis (Addresses critical gap: Reading Comprehension),"TotalSatisfactionScore, StockOptionLevel, JobRole_Sales Executive"
1927,Sales,Sales Executive,28,6834,0.1071,LOW,100,3,3,"Act!, Apple Keynote",2,Recommended: Advanced Certification in Act! (Addresses critical gap: Act!),"OverTime_No, BusinessTravel_Travel_Frequently, Age"
1928,Sales,Sales Representative,29,1091,0.9791,HIGH,85,3,3,"3M Post-it App, ACT! Premium, Reading Comprehension, Speaking",4,Recommended: Advanced Certification in 3M Post-it App (Addresses critical gap: 3M Post-it App),"MonthlyIncome, YearsWithCurrManager, TotalWorkingYears"
1929,Sales,Sales Executive,39,5736,0.2654,LOW,100,3,3,"Active Listening, Apple Keynote",2,Recommended: Active Listening and High-Impact Communication for Leaders (Addresses critical gap: Active Listening),"JobInvolvement, EnvironmentSatisfaction, NumCompaniesWorked"
1931,Research & Development,Research Scientist,27,2226,0.0947,LOW,85,3,2,"3D graphics software, Amazon Elastic Compute Cloud EC2, Critical Thinking",3,Recommended: Advanced Certification in 3D graphics software (Addresses critical gap: 3D graphics software),"MonthlyIncome, Age, PercentSalaryHike"
1932,Research & Development,Research Scientist,34,5747,0.0489,LOW,100,3,3,"3D graphics software, Ada, Critical Thinking, Reading Comprehension",4,Recommended: Advanced Certification in 3D graphics software (Addresses critical gap: 3D graphics software),"OverTime_No, StockOptionLevel, DistanceFromHome"
1933,Sales,Sales Executive,28,9854,0.932,HIGH,100,3,3,"Act!, Adobe Creative Cloud software, Apple Keynote, Critical Thinking, Monitoring",5,Recommended: Advanced Certification in Act! (Addresses critical gap: Act!),"OverTime_No, StockOptionLevel, MonthlyRate"
1934,Research & Development,Research Scientist,47,5467,0.0105,LOW,100,3,4,"3D graphics software, Ada, Advanced numerical software, Reading Comprehension",4,Recommended: Advanced Certification in 3D graphics software (Addresses critical gap: 3D graphics software),"NumCompaniesWorked, DistanceFromHome, WorkLifeBalance"
1935,Sales,Sales Executive,56,5380,0.0654,LOW,100,3,3,"Act!, Adobe ActionScript, Adobe Creative Cloud software, Airtable, Speaking",5,Recommended: Advanced Certification in Act! (Addresses critical gap: Act!),"YearsWithCurrManager, DistanceFromHome, JobRole_Sales Executive"
1936,Research & Development,Manufacturing Director,39,5151,0.149,LOW,78,4,3,"Active Listening, Adobe InDesign, Apple Final Cut Pro, Speaking",4,Recommended: Active Listening and High-Impact Communication for Leaders (Addresses critical gap: Active Listening),"EnvironmentSatisfaction, YearsSinceLastPromotion, TotalSatisfactionScore"
1937,Research & Development,Research Scientist,38,2133,0.0149,LOW,100,3,3,"Advanced numerical software, Amazon DynamoDB, Amazon Elastic Compute Cloud EC2, Critical Thinking",4,Recommended: Advanced Certification in Advanced numerical software (Addresses critical gap: Advanced numerical software),"MonthlyIncome, OverTime_No, BusinessTravel_Travel_Frequently"
1938,Sales,Manager,58,17875,0.0518,LOW,100,3,2,"Act!, Active Listening, Critical Thinking, Reading Comprehension, Speaking",5,Recommended: Advanced Certification in Act! (Addresses critical gap: Act!),"OverTime_No, YearsWithCurrManager, DistanceFromHome"
1939,Research & Development,Research Scientist,32,2432,0.9312,HIGH,78,3,3,"Active Learning, Active Listening, Ada, Reading Comprehension",4,Recommended: Advanced Certification in Active Learning (Addresses critical gap: Active Learning),"OverTime_No, MonthlyIncome, TotalSatisfactionScore"
1940,Research & Development,Research Scientist,38,4771,0.0051,LOW,100,3,4,"Ada, Algorithmic software, Mathematics",3,Recommended: Advanced Certification in Ada (Addresses critical gap: Ada),"WorkLifeBalance, DistanceFromHome, BusinessTravel_Non-Travel"
1941,Research & Development,Research Director,49,19161,0.0101,LOW,100,3,3,"Adobe Photoshop, Reading Comprehension",2,Recommended: Advanced Certification in Adobe Photoshop (Addresses critical gap: Adobe Photoshop),"YearsSinceLastPromotion, BusinessTravel_Travel_Frequently, StockOptionLevel"
1943,Sales,Sales Executive,42,5087,0.0909,LOW,100,3,3,"Act!, Apple Keynote, Critical Thinking, Reading Comprehension, Speaking",5,Recommended: Advanced Certification in Act! (Addresses critical gap: Act!),"OverTime_No, YearsWithCurrManager, DailyRate"
1944,Human Resources,Human Resources,27,2863,0.9656,HIGH,76,3,3,"Active Listening, Adobe Acrobat, Adobe Human Capital Application Solution Accelerator, Adobe Illustrator, Adobe InDesign, Critical Thinking, Writing",7,Recommended: Active Listening and High-Impact Communication for Leaders (Addresses critical gap: Active Listening),"YearsWithCurrManager, TotalWorkingYears, BusinessTravel_Travel_Frequently"
1945,Sales,Sales Executive,35,5561,0.1268,LOW,76,3,1,"Critical Thinking, Monitoring",2,Recommended: Executive Decision Making & Critical Thinking Workshop (Addresses critical gap: Critical Thinking),"TotalSatisfactionScore, WorkLifeBalance, JobRole_Sales Executive"
1947,Research & Development,Research Scientist,28,2144,0.0107,LOW,100,3,2,"Active Learning, Active Listening, Amazon Elastic Compute Cloud EC2",3,Recommended: Advanced Certification in Active Learning (Addresses critical gap: Active Learning),"MonthlyIncome, StockOptionLevel, DistanceFromHome"
1948,Research & Development,Research Scientist,31,3065,0.0349,LOW,100,3,4,"3D graphics software, Ada, Reading Comprehension",3,Recommended: Advanced Certification in 3D graphics software (Addresses critical gap: 3D graphics software),"OverTime_No, JobLevel, Age"
1949,Research & Development,Laboratory Technician,36,2810,0.1422,LOW,84,4,3,"Critical Thinking, Database software, Writing",3,Recommended: Executive Decision Making & Critical Thinking Workshop (Addresses critical gap: Critical Thinking),"TotalSatisfactionScore, StockOptionLevel, JobRole_Laboratory Technician"
1950,Sales,Sales Executive,34,9888,0.358,MEDIUM,100,4,2,"Act!, Adobe Creative Cloud software, Apple Keynote",3,Recommended: Advanced Certification in Act! (Addresses critical gap: Act!),"TotalSatisfactionScore, StockOptionLevel, RelationshipSatisfaction"
1951,Sales,Sales Executive,34,8628,0.0909,LOW,100,3,2,"Act!, Active Listening, Airtable",3,Recommended: Advanced Certification in Act! (Addresses critical gap: Act!),"DistanceFromHome, JobRole_Sales Executive, Department_Research & Development"
1952,Research & Development,Laboratory Technician,26,2867,0.0441,LOW,98,3,2,"Database software, Email software, Science, Writing",4,Recommended: Advanced Certification in Database software (Addresses critical gap: Database software),"StockOptionLevel, Age, YearsSinceLastPromotion"
1954,Research & Development,Healthcare Representative,29,5373,0.0533,LOW,68,3,2,"3DGrid HIPAA Checkup, Critical Thinking, Reading Comprehension, Speaking",4,Recommended: Advanced Certification in 3DGrid HIPAA Checkup (Addresses critical gap: 3DGrid HIPAA Checkup),"TotalSatisfactionScore, EnvironmentSatisfaction, Age"
1955,Research & Development,Healthcare Representative,32,6667,0.0574,LOW,100,3,3,"3DGrid HIPAA Checkup, Allscripts healthcare automation software",2,Recommended: Advanced Certification in 3DGrid HIPAA Checkup (Addresses critical gap: 3DGrid HIPAA Checkup),"NumCompaniesWorked, DistanceFromHome, Age"
1956,Research & Development,Research Scientist,31,5003,0.2093,LOW,95,4,3,"Amazon DynamoDB, Critical Thinking",2,Recommended: Advanced Certification in Amazon DynamoDB (Addresses critical gap: Amazon DynamoDB),"JobInvolvement, StockOptionLevel, BusinessTravel_Travel_Frequently"
1960,Research & Development,Laboratory Technician,28,2367,0.7673,HIGH,99,3,2,"C++, Database software, Laboratory information management system LIMS, Reading Comprehension",4,Recommended: Advanced Certification in C++ (Addresses critical gap: C++),"NumCompaniesWorked, MonthlyIncome, Age"
1961,Sales,Sales Representative,38,2858,0.6069,HIGH,57,3,2,"3M Post-it App, Adobe Creative Cloud software, Adobe Dreamweaver, Adobe Illustrator, Critical Thinking, Reading Comprehension, Speaking",7,Recommended: Advanced Certification in 3M Post-it App (Addresses critical gap: 3M Post-it App),"TotalSatisfactionScore, YearsWithCurrManager, StockOptionLevel"
1962,Sales,Sales Executive,35,5204,0.0324,LOW,100,3,3,"Act!, Apple Keynote",2,Recommended: Advanced Certification in Act! (Addresses critical gap: Act!),"OverTime_No, StockOptionLevel, PercentSalaryHike"
1965,Sales,Sales Executive,27,4105,0.102,LOW,100,3,3,"Act!, Adobe Creative Cloud software, Apple Keynote",3,Recommended: Advanced Certification in Act! (Addresses critical gap: Act!),"StockOptionLevel, RelationshipSatisfaction, Age"
1966,Research & Development,Manufacturing Director,32,9679,0.0411,LOW,100,4,3,"Adobe After Effects, Adobe InDesign, Adobe Photoshop, Critical Thinking, Monitoring",5,Recommended: Advanced Certification in Adobe After Effects (Addresses critical gap: Adobe After Effects),"NumCompaniesWorked, StockOptionLevel, YearsWithCurrManager"
1967,Sales,Sales Executive,31,5617,0.9136,HIGH,100,3,3,Active Listening,1,Recommended: Active Listening and High-Impact Communication for Leaders (Addresses critical gap: Active Listening),"OverTime_No, DistanceFromHome, Age"
1968,Sales,Sales Executive,53,10448,0.9702,HIGH,43,3,2,"Airtable, Reading Comprehension",2,Recommended: Advanced Certification in Airtable (Addresses critical gap: Airtable),"OverTime_No, TotalSatisfactionScore, StockOptionLevel"
1969,Research & Development,Research Scientist,54,2897,0.0634,LOW,89,3,2,"Algorithmic software, Critical Thinking",2,Recommended: Advanced Certification in Algorithmic software (Addresses critical gap: Algorithmic software),"TotalSatisfactionScore, PercentSalaryHike, EnvironmentSatisfaction"
1970,Research & Development,Healthcare Representative,33,5968,0.0055,LOW,100,4,3,American Medical Association CodeManager,1,Recommended: Advanced Certification in American Medical Association CodeManager (Addresses critical gap: American Medical Association CodeManager),"BusinessTravel_Travel_Frequently, JobRole_Research Scientist, BusinessTravel_Non-Travel"
1971,Research & Development,Healthcare Representative,43,7510,0.1284,LOW,96,3,3,"AcuStaf, Adobe Acrobat",2,Recommended: Advanced Certification in AcuStaf (Addresses critical gap: AcuStaf),"TotalSatisfactionScore, EnvironmentSatisfaction, DistanceFromHome"
1972,Human Resources,Human Resources,38,2991,0.0478,LOW,100,3,3,"Active Listening, Adobe Acrobat, Adobe Dreamweaver, Speaking",4,Recommended: Active Listening and High-Impact Communication for Leaders (Addresses critical gap: Active Listening),"OverTime_No, BusinessTravel_Travel_Frequently, PercentSalaryHike"
1973,Human Resources,Manager,55,19636,0.0938,LOW,100,3,3,ActionWare,1,Recommended: Advanced Certification in ActionWare (Addresses critical gap: ActionWare),"OverTime_No, DistanceFromHome, TotalSatisfactionScore"
1974,Research & Development,Laboratory Technician,31,1129,0.7781,HIGH,100,3,3,"C++, Critical Thinking, Database software, Laboratory information management system LIMS, Monitoring, Reading Comprehension, Science",7,Recommended: Advanced Certification in C++ (Addresses critical gap: C++),"MonthlyIncome, JobInvolvement, OverTime_No"
1975,Sales,Sales Executive,39,13341,0.1314,LOW,82,3,3,"Adobe ActionScript, Monitoring",2,Recommended: Advanced Certification in Adobe ActionScript (Addresses critical gap: Adobe ActionScript),"StockOptionLevel, TotalSatisfactionScore, IncomePerYearAtCompany"
1976,Research & Development,Research Scientist,42,4332,0.0117,LOW,100,3,3,Advanced numerical software,1,Recommended: Advanced Certification in Advanced numerical software (Addresses critical gap: Advanced numerical software),"StockOptionLevel, DistanceFromHome, DailyRate"
1979,Research & Development,Research Director,31,11031,0.0147,LOW,100,4,4,Graphics software,1,Recommended: Advanced Certification in Graphics software (Addresses critical gap: Graphics software),"WorkLifeBalance, YearsSinceLastPromotion, JobRole_Research Scientist"
1980,Research & Development,Manufacturing Director,54,4440,0.1274,LOW,94,3,3,"Adobe Acrobat, Critical Thinking, Reading Comprehension",3,Recommended: Advanced Certification in Adobe Acrobat (Addresses critical gap: Adobe Acrobat),"OverTime_No, StockOptionLevel, MonthlyRate"
1981,Research & Development,Healthcare Representative,24,4617,0.0634,LOW,100,3,2,"Monitoring, Speaking",2,Recommended: Performance Monitoring and KPI Management Masterclass (Addresses critical gap: Monitoring),"StockOptionLevel, TotalSatisfactionScore, Age"
1982,Research & Development,Laboratory Technician,23,2647,0.0122,LOW,100,3,4,"Email software, Microsoft Access, Reading Comprehension",3,Recommended: Advanced Certification in Email software (Addresses critical gap: Email software),"Age, DistanceFromHome, JobRole_Laboratory Technician"
1985,Research & Development,Laboratory Technician,40,6323,0.0772,LOW,100,3,4,"Linux, Microsoft Access",2,Recommended: Advanced Certification in Linux (Addresses critical gap: Linux),"WorkLifeBalance, PercentSalaryHike, BusinessTravel_Travel_Frequently"
1986,Sales,Sales Executive,40,5677,0.0382,LOW,100,3,3,"Critical Thinking, Monitoring",2,Recommended: Executive Decision Making & Critical Thinking Workshop (Addresses critical gap: Critical Thinking),"TotalSatisfactionScore, JobRole_Sales Executive, YearsSinceLastPromotion"
1987,Human Resources,Human Resources,25,2187,0.1799,LOW,100,3,3,"Active Listening, Adobe Acrobat, Adobe Human Capital Application Solution Accelerator, Speaking, Writing",5,Recommended: Active Listening and High-Impact Communication for Leaders (Addresses critical gap: Active Listening),"Age, MonthlyIncome, StockOptionLevel"
1989,Research & Development,Laboratory Technician,30,3748,0.0239,LOW,100,3,2,Monitoring,1,Recommended: Performance Monitoring and KPI Management Masterclass (Addresses critical gap: Monitoring),"JobRole_Laboratory Technician, Age, ExperienceRatio"
1992,Research & Development,Laboratory Technician,25,3977,0.2083,LOW,100,3,2,"Laboratory information management system LIMS, Linux, Reading Comprehension",3,Recommended: Advanced Certification in Laboratory information management system LIMS (Addresses critical gap: Laboratory information management system LIMS),"OverTime_No, Age, NumCompaniesWorked"
1993,Research & Development,Healthcare Representative,47,8633,0.1801,LOW,96,4,3,Allscripts healthcare automation software,1,Recommended: Advanced Certification in Allscripts healthcare automation software (Addresses critical gap: Allscripts healthcare automation software),"StockOptionLevel, TotalSatisfactionScore, DistanceFromHome"
1994,Research & Development,Laboratory Technician,33,2008,0.0613,LOW,100,3,2,"C++, Critical Thinking, Laboratory information management system LIMS, Microsoft Access, Monitoring, Science",6,Recommended: Advanced Certification in C++ (Addresses critical gap: C++),"TotalWorkingYears, YearsWithCurrManager, MonthlyIncome"
1995,Sales,Sales Executive,38,4440,0.0222,LOW,100,3,3,"Act!, Speaking",2,Recommended: Advanced Certification in Act! (Addresses critical gap: Act!),"RelationshipSatisfaction, TotalSatisfactionScore, YearsSinceLastPromotion"
1996,Sales,Sales Representative,31,3067,0.067,LOW,100,3,3,"3M Post-it App, ACT! Premium, Adobe Acrobat, Adobe Illustrator, Critical Thinking, Writing",6,Recommended: Advanced Certification in 3M Post-it App (Addresses critical gap: 3M Post-it App),"JobRole_Sales Representative, TotalSatisfactionScore, EnvironmentSatisfaction"
1997,Research & Development,Manufacturing Director,38,5321,0.1345,LOW,100,3,3,"Active Listening, Adobe Photoshop, Speaking",3,Recommended: Active Listening and High-Impact Communication for Leaders (Addresses critical gap: Active Listening),"BusinessTravel_Travel_Frequently, PercentSalaryHike, YearsSinceLastPromotion"
1998,Research & Development,Research Scientist,42,5410,0.0899,LOW,97,3,2,"3D graphics software, Ada, Amazon Elastic Compute Cloud EC2, Mathematics, Reading Comprehension",5,Recommended: Advanced Certification in 3D graphics software (Addresses critical gap: 3D graphics software),"OverTime_No, NumCompaniesWorked, TotalSatisfactionScore"
1999,Research & Development,Research Scientist,41,2782,0.0316,LOW,100,4,3,"3D graphics software, Ada, Algorithmic software, Mathematics",4,Recommended: Advanced Certification in 3D graphics software (Addresses critical gap: 3D graphics software),"YearsWithCurrManager, RelationshipSatisfaction, DailyRate"
2000,Research & Development,Research Director,47,11957,0.0038,LOW,83,3,1,Writing,1,Recommended: Business and Technical Writing Excellence (Addresses critical gap: Writing),"TotalSatisfactionScore, RelationshipSatisfaction, WorkLifeBalance"
2003,Research & Development,Laboratory Technician,35,2660,0.1477,LOW,100,3,3,"Email software, Laboratory information management system LIMS, Linux, Monitoring",4,Recommended: Advanced Certification in Email software (Addresses critical gap: Email software),"OverTime_No, NumCompaniesWorked, JobLevel"
2007,Research & Development,Research Scientist,22,3375,0.0166,LOW,100,3,4,"3D graphics software, Active Learning, Advanced numerical software, Critical Thinking, Reading Comprehension",5,Recommended: Advanced Certification in 3D graphics software (Addresses critical gap: 3D graphics software),"StockOptionLevel, Age, WorkLifeBalance"
2008,Research & Development,Research Scientist,35,5098,0.0571,LOW,100,3,3,"Algorithmic software, Amazon DynamoDB, Critical Thinking, Reading Comprehension",4,Recommended: Advanced Certification in Algorithmic software (Addresses critical gap: Algorithmic software),"StockOptionLevel, DistanceFromHome, TotalSatisfactionScore"
2009,Research & Development,Healthcare Representative,33,4878,0.1409,LOW,100,3,3,AcuStaf,1,Recommended: Advanced Certification in AcuStaf (Addresses critical gap: AcuStaf),"OverTime_No, RelationshipSatisfaction, TotalSatisfactionScore"
2010,Research & Development,Laboratory Technician,32,2837,0.2826,LOW,100,3,3,"Critical Thinking, Reading Comprehension",2,Recommended: Executive Decision Making & Critical Thinking Workshop (Addresses critical gap: Critical Thinking),"DistanceFromHome, DailyRate, StockOptionLevel"
2012,Research & Development,Laboratory Technician,40,2406,0.1128,LOW,100,3,2,"C++, Critical Thinking, Linux, Reading Comprehension, Science",5,Recommended: Advanced Certification in C++ (Addresses critical gap: C++),"YearsWithCurrManager, MonthlyIncome, NumCompaniesWorked"
2013,Sales,Sales Representative,32,2269,0.1389,LOW,94,3,3,"ACT! Premium, Active Listening, Adobe Dreamweaver, Critical Thinking, Speaking",5,Recommended: Advanced Certification in ACT! Premium (Addresses critical gap: ACT! Premium),"TotalSatisfactionScore, MonthlyIncome, DailyRate"
2014,Research & Development,Research Scientist,39,4108,0.2254,LOW,100,3,3,"Ada, Advanced numerical software, Mathematics",3,Recommended: Advanced Certification in Ada (Addresses critical gap: Ada),"TotalSatisfactionScore, StockOptionLevel, NumCompaniesWorked"
2015,Research & Development,Research Director,38,13206,0.0074,LOW,100,3,3,"IBM Lotus 1-2-3, Science, Writing",3,Recommended: Advanced Certification in IBM Lotus 1-2-3 (Addresses critical gap: IBM Lotus 1-2-3),"JobInvolvement, TotalSatisfactionScore, DistanceFromHome"
2016,Sales,Sales Executive,32,10422,0.0803,LOW,100,3,3,Active Listening,1,Recommended: Active Listening and High-Impact Communication for Leaders (Addresses critical gap: Active Listening),"YearsSinceLastPromotion, ExperienceRatio, JobRole_Sales Executive"
2017,Research & Development,Research Director,37,13744,0.0105,LOW,100,4,3,"Active Listening, Adobe Photoshop, Writing",3,Recommended: Active Listening and High-Impact Communication for Leaders (Addresses critical gap: Active Listening),"OverTime_No, YearsSinceLastPromotion, ExperienceRatio"
2018,Sales,Sales Executive,25,4907,0.1664,LOW,86,4,2,Reading Comprehension,1,Recommended: Information Synthesis and Rapid Document Analysis (Addresses critical gap: Reading Comprehension),"OverTime_No, TotalSatisfactionScore, Age"
2019,Sales,Sales Representative,52,3482,0.2054,LOW,100,3,2,"Critical Thinking, Speaking",2,Recommended: Executive Decision Making & Critical Thinking Workshop (Addresses critical gap: Critical Thinking),"YearsWithCurrManager, DistanceFromHome, TotalSatisfactionScore"
2020,Research & Development,Research Scientist,44,2436,0.2428,LOW,100,3,3,"Active Listening, Advanced numerical software, Amazon DynamoDB, Amazon Elastic Compute Cloud EC2, Critical Thinking",5,Recommended: Active Listening and High-Impact Communication for Leaders (Addresses critical gap: Active Listening),"OverTime_No, MonthlyIncome, NumCompaniesWorked"
2021,Sales,Sales Representative,21,2380,0.5883,MEDIUM,100,3,3,"3M Post-it App, Adobe Dreamweaver, Speaking",3,Recommended: Advanced Certification in 3M Post-it App (Addresses critical gap: 3M Post-it App),"OverTime_No, MonthlyIncome, Age"
2022,Research & Development,Manager,39,19431,0.0107,LOW,100,3,2,"Adobe Acrobat, Adobe Photoshop, Reading Comprehension",3,Recommended: Advanced Certification in Adobe Acrobat (Addresses critical gap: Adobe Acrobat),"StockOptionLevel, IncomePerYearAtCompany, DistanceFromHome"
2023,Sales,Sales Representative,23,1790,0.9489,HIGH,71,3,2,"Adobe Acrobat, Adobe Creative Cloud software, Adobe Illustrator, Critical Thinking, Reading Comprehension, Writing",6,Recommended: Advanced Certification in Adobe Acrobat (Addresses critical gap: Adobe Acrobat),"MonthlyIncome, YearsWithCurrManager, TotalWorkingYears"
2024,Sales,Sales Executive,36,7644,0.0712,LOW,100,3,3,Speaking,1,Recommended: Advanced Executive Presentation and Persuasive Speaking (Addresses critical gap: Speaking),"EnvironmentSatisfaction, DailyRate, JobRole_Sales Executive"
2025,Research & Development,Manufacturing Director,36,5131,0.1836,LOW,100,3,3,"ABB Optimize IT Predict & Control, Adobe Acrobat, Speaking",3,Recommended: Advanced Certification in ABB Optimize IT Predict & Control (Addresses critical gap: ABB Optimize IT Predict & Control),"BusinessTravel_Travel_Frequently, NumCompaniesWorked, HourlyRate"
2026,Research & Development,Healthcare Representative,56,6306,0.0121,LOW,100,4,2,"AcuStaf, Alteer Office, American Medical Association CodeManager",3,Recommended: Advanced Certification in AcuStaf (Addresses critical gap: AcuStaf),"TotalSatisfactionScore, RelationshipSatisfaction, Age"
2027,Research & Development,Research Scientist,29,4787,0.1339,LOW,100,3,4,"3D graphics software, Ada, Advanced numerical software, Algorithmic software, Amazon DynamoDB, Critical Thinking",6,Recommended: Advanced Certification in 3D graphics software (Addresses critical gap: 3D graphics software),"OverTime_No, NumCompaniesWorked, Age"
2031,Research & Development,Manager,42,18880,0.091,LOW,78,3,2,"ActionWare, Adobe Photoshop, Monitoring",3,Recommended: Advanced Certification in ActionWare (Addresses critical gap: ActionWare),"NumCompaniesWorked, TotalSatisfactionScore, StockOptionLevel"
2032,Research & Development,Laboratory Technician,56,2339,0.8764,HIGH,100,3,1,"Laboratory information management system LIMS, Linux, Science, Writing",4,Recommended: Advanced Certification in Laboratory information management system LIMS (Addresses critical gap: Laboratory information management system LIMS),"MonthlyIncome, WorkLifeBalance, DailyRate"
2034,Research & Development,Manufacturing Director,41,13570,0.0536,LOW,89,4,3,"ABB Optimize IT Predict & Control, Adobe InDesign, Adobe Photoshop, Apple Final Cut Pro",4,Recommended: Advanced Certification in ABB Optimize IT Predict & Control (Addresses critical gap: ABB Optimize IT Predict & Control),"DistanceFromHome, TotalSatisfactionScore, EnvironmentSatisfaction"
2035,Sales,Sales Executive,34,6712,0.0348,LOW,100,4,3,Adobe ActionScript,1,Recommended: Advanced Certification in Adobe ActionScript (Addresses critical gap: Adobe ActionScript),"DistanceFromHome, EducationField_Marketing, JobRole_Sales Executive"
2036,Sales,Sales Executive,36,5406,0.0863,LOW,100,4,2,"Adobe ActionScript, Monitoring",2,Recommended: Advanced Certification in Adobe ActionScript (Addresses critical gap: Adobe ActionScript),"JobInvolvement, YearsSinceLastPromotion, DistanceFromHome"
2037,Sales,Sales Executive,41,8938,0.0881,LOW,100,3,3,"Adobe Acrobat, Monitoring, Reading Comprehension",3,Recommended: Advanced Certification in Adobe Acrobat (Addresses critical gap: Adobe Acrobat),"PercentSalaryHike, Department_Research & Development, JobRole_Sales Executive"
2038,Research & Development,Research Scientist,32,2439,0.0485,LOW,100,3,3,"3D graphics software, Active Learning, Algorithmic software, Critical Thinking, Mathematics",5,Recommended: Advanced Certification in 3D graphics software (Addresses critical gap: 3D graphics software),"MonthlyIncome, StockOptionLevel, EducationField_Technical Degree"
2040,Human Resources,Human Resources,35,8837,0.1726,LOW,100,3,3,"Critical Thinking, Writing",2,Recommended: Executive Decision Making & Critical Thinking Workshop (Addresses critical gap: Critical Thinking),"OverTime_No, DistanceFromHome, StockOptionLevel"
2041,Sales,Sales Executive,38,5343,0.1951,LOW,100,3,3,Apple Keynote,1,Recommended: Advanced Certification in Apple Keynote (Addresses critical gap: Apple Keynote),"DailyRate, PercentSalaryHike, ExperienceRatio"
2044,Sales,Sales Executive,50,6728,0.7546,HIGH,100,3,3,"Adobe Acrobat, Adobe ActionScript, Critical Thinking, Monitoring",4,Recommended: Advanced Certification in Adobe Acrobat (Addresses critical gap: Adobe Acrobat),"BusinessTravel_Travel_Frequently, NumCompaniesWorked, HourlyRate"
2045,Sales,Sales Executive,36,6652,0.1866,LOW,100,3,2,"Act!, Adobe ActionScript, Reading Comprehension, Speaking",4,Recommended: Advanced Certification in Act! (Addresses critical gap: Act!),"YearsWithCurrManager, TotalSatisfactionScore, ExperienceRatio"
2046,Sales,Sales Executive,45,4850,0.1708,LOW,100,3,3,Act!,1,Recommended: Advanced Certification in Act! (Addresses critical gap: Act!),"DailyRate, StockOptionLevel, NumCompaniesWorked"
2048,Research & Development,Research Scientist,40,2809,0.0098,LOW,100,3,3,"Active Learning, Active Listening, Advanced numerical software, Amazon DynamoDB, Critical Thinking, Mathematics, Reading Comprehension",7,Recommended: Advanced Certification in Active Learning (Addresses critical gap: Active Learning),"StockOptionLevel, YearsAtCompany, Gender_Female"
2049,Research & Development,Healthcare Representative,35,5689,0.0372,LOW,100,3,4,Reading Comprehension,1,Recommended: Information Synthesis and Rapid Document Analysis (Addresses critical gap: Reading Comprehension),"OverTime_No, DistanceFromHome, BusinessTravel_Travel_Frequently"
2051,Research & Development,Research Scientist,40,2001,0.027,LOW,100,3,3,"3D graphics software, Mathematics",2,Recommended: Advanced Certification in 3D graphics software (Addresses critical gap: 3D graphics software),"MonthlyIncome, HourlyRate, BusinessTravel_Non-Travel"
2052,Research & Development,Research Scientist,35,2977,0.0184,LOW,100,3,3,"3D graphics software, Amazon DynamoDB, Amazon Elastic Compute Cloud EC2",3,Recommended: Advanced Certification in 3D graphics software (Addresses critical gap: 3D graphics software),"JobInvolvement, DailyRate, MonthlyIncome"
2053,Research & Development,Laboratory Technician,29,4025,0.2008,LOW,100,3,3,"C++, Database software, Linux",3,Recommended: Advanced Certification in C++ (Addresses critical gap: C++),"OverTime_No, JobRole_Laboratory Technician, DistanceFromHome"
2054,Research & Development,Research Scientist,29,3785,0.2061,LOW,78,3,1,"3D graphics software, Active Learning, Ada, Mathematics, Reading Comprehension",5,Recommended: Advanced Certification in 3D graphics software (Addresses critical gap: 3D graphics software),"StockOptionLevel, TotalSatisfactionScore, WorkLifeBalance"
2055,Sales,Sales Executive,50,10854,0.9239,HIGH,78,3,3,"Active Listening, Critical Thinking, Monitoring, Reading Comprehension",4,Recommended: Active Listening and High-Impact Communication for Leaders (Addresses critical gap: Active Listening),"OverTime_No, YearsWithCurrManager, DistanceFromHome"
2056,Sales,Sales Executive,39,12031,0.153,LOW,100,3,2,"Critical Thinking, Monitoring, Speaking",3,Recommended: Executive Decision Making & Critical Thinking Workshop (Addresses critical gap: Critical Thinking),"TotalSatisfactionScore, PercentSalaryHike, YearsSinceLastPromotion"
2057,Research & Development,Manufacturing Director,31,9936,0.0708,LOW,79,3,3,"Active Listening, Adobe Photoshop, Apple Final Cut Pro",3,Recommended: Active Listening and High-Impact Communication for Leaders (Addresses critical gap: Active Listening),"TotalSatisfactionScore, StockOptionLevel, DailyRate"
2060,Sales,Sales Representative,26,2966,0.0812,LOW,100,3,3,"Adobe Creative Cloud software, Reading Comprehension, Writing",3,Recommended: Advanced Certification in Adobe Creative Cloud software (Addresses critical gap: Adobe Creative Cloud software),"YearsWithCurrManager, Age, StockOptionLevel"
2061,Research & Development,Laboratory Technician,36,2571,0.0276,LOW,100,3,3,"Laboratory information management system LIMS, Linux, Monitoring, Writing",4,Recommended: Advanced Certification in Laboratory information management system LIMS (Addresses critical gap: Laboratory information management system LIMS),"DistanceFromHome, DailyRate, BusinessTravel_Travel_Frequently"
2062,Research & Development,Healthcare Representative,39,9991,0.0995,LOW,100,3,3,"Active Listening, Monitoring",2,Recommended: Active Listening and High-Impact Communication for Leaders (Addresses critical gap: Active Listening),"TotalSatisfactionScore, NumCompaniesWorked, JobSatisfaction"
2064,Research & Development,Manufacturing Director,27,6142,0.0546,LOW,97,4,3,"ABB Optimize IT Predict & Control, Adobe After Effects, Adobe InDesign",3,Recommended: Advanced Certification in ABB Optimize IT Predict & Control (Addresses critical gap: ABB Optimize IT Predict & Control),"OverTime_No, TotalSatisfactionScore, Age"
2065,Sales,Sales Executive,49,5390,0.0652,LOW,100,3,2,Apple Keynote,1,Recommended: Advanced Certification in Apple Keynote (Addresses critical gap: Apple Keynote),"BusinessTravel_Travel_Frequently, StockOptionLevel, JobRole_Sales Executive"
2068,Research & Development,Laboratory Technician,34,4404,0.2092,LOW,100,3,4,"C++, Database software, Email software, Linux, Microsoft Access",5,Recommended: Advanced Certification in C++ (Addresses critical gap: C++),"StockOptionLevel, JobRole_Laboratory Technician, RelationshipSatisfaction"
