EmployeeID,JobRole,CurrentSkill
1,Sales Executive,Reading Comprehension
1,Sales Executive,Airtable
1,Sales Executive,Monitoring
1,Sales Executive,Adobe Creative Cloud software
1,Sales Executive,Act!
1,Sales Executive,Speaking
1,Sales Executive,Active Listening
1,Sales Executive,Adobe Acrobat
2,Research Scientist,Algorithmic software
2,Research Scientist,Amazon Elastic Compute Cloud EC2
2,Research Scientist,Active Learning
2,Research Scientist,Ada
2,Research Scientist,Advanced numerical software
2,Research Scientist,Amazon DynamoDB
2,Research Scientist,Active Listening
2,Research Scientist,Critical Thinking
4,Laboratory Technician,Linux
4,Laboratory Technician,Microsoft Access
4,Laboratory Technician,Database software
4,Laboratory Technician,Monitoring
5,Research Scientist,Critical Thinking
5,Research Scientist,Amazon DynamoDB
5,Research Scientist,Algorithmic software
5,Research Scientist,3D graphics software
5,Research Scientist,Mathematics
5,Research Scientist,Amazon Elastic Compute Cloud EC2
5,Research Scientist,Active Learning
7,Laboratory Technician,Reading Comprehension
7,Laboratory Technician,Email software
7,Laboratory Technician,Monitoring
7,Laboratory Technician,Science
7,Laboratory Technician,Database software
7,Laboratory Technician,Microsoft Access
8,Laboratory Technician,Microsoft Access
8,Laboratory Technician,Laboratory information management system LIMS
8,Laboratory Technician,Monitoring
8,Laboratory Technician,Linux
8,Laboratory Technician,Critical Thinking
8,Laboratory Technician,Writing
8,Laboratory Technician,Science
10,Laboratory Technician,Science
10,Laboratory Technician,Reading Comprehension
10,Laboratory Technician,Email software
10,Laboratory Technician,Microsoft Access
10,Laboratory Technician,Laboratory information management system LIMS
10,Laboratory Technician,Critical Thinking
11,Laboratory Technician,Writing
11,Laboratory Technician,Microsoft Access
11,Laboratory Technician,Science
11,Laboratory Technician,Reading Comprehension
11,Laboratory Technician,Critical Thinking
11,Laboratory Technician,Linux
11,Laboratory Technician,Monitoring
12,Manufacturing Director,Critical Thinking
12,Manufacturing Director,ABB Optimize IT Predict & Control
12,Manufacturing Director,Speaking
12,Manufacturing Director,Reading Comprehension
12,Manufacturing Director,Active Listening
12,Manufacturing Director,Adobe After Effects
12,Manufacturing Director,Adobe Photoshop
12,Manufacturing Director,Adobe Acrobat
13,Healthcare Representative,Monitoring
13,Healthcare Representative,American Medical Association CodeManager
13,Healthcare Representative,3DGrid HIPAA Checkup
13,Healthcare Representative,AcuStaf
13,Healthcare Representative,Active Listening
13,Healthcare Representative,Reading Comprehension
13,Healthcare Representative,Allscripts healthcare automation software
13,Healthcare Representative,Critical Thinking
14,Laboratory Technician,Writing
14,Laboratory Technician,Linux
14,Laboratory Technician,Microsoft Access
14,Laboratory Technician,Reading Comprehension
14,Laboratory Technician,Monitoring
14,Laboratory Technician,C++
14,Laboratory Technician,Database software
14,Laboratory Technician,Science
14,Laboratory Technician,Critical Thinking
15,Laboratory Technician,C++
15,Laboratory Technician,Writing
15,Laboratory Technician,Database software
15,Laboratory Technician,Email software
15,Laboratory Technician,Laboratory information management system LIMS
15,Laboratory Technician,Critical Thinking
15,Laboratory Technician,Linux
15,Laboratory Technician,Science
15,Laboratory Technician,Microsoft Access
16,Research Scientist,Critical Thinking
16,Research Scientist,Algorithmic software
16,Research Scientist,3D graphics software
16,Research Scientist,Amazon Elastic Compute Cloud EC2
16,Research Scientist,Amazon DynamoDB
16,Research Scientist,Advanced numerical software
18,Laboratory Technician,Laboratory information management system LIMS
18,Laboratory Technician,Linux
18,Laboratory Technician,Monitoring
18,Laboratory Technician,Science
18,Laboratory Technician,Email software
18,Laboratory Technician,Critical Thinking
19,Laboratory Technician,Critical Thinking
19,Laboratory Technician,Reading Comprehension
19,Laboratory Technician,Email software
19,Laboratory Technician,Monitoring
19,Laboratory Technician,Laboratory information management system LIMS
20,Manufacturing Director,Apple Final Cut Pro
20,Manufacturing Director,Adobe After Effects
20,Manufacturing Director,Reading Comprehension
20,Manufacturing Director,Critical Thinking
20,Manufacturing Director,Monitoring
20,Manufacturing Director,Adobe Photoshop
20,Manufacturing Director,ABB Optimize IT Predict & Control
20,Manufacturing Director,Adobe Acrobat
20,Manufacturing Director,Speaking
21,Research Scientist,Reading Comprehension
21,Research Scientist,Mathematics
21,Research Scientist,Ada
21,Research Scientist,Critical Thinking
21,Research Scientist,Amazon DynamoDB
21,Research Scientist,Algorithmic software
22,Laboratory Technician,Linux
22,Laboratory Technician,C++
22,Laboratory Technician,Writing
22,Laboratory Technician,Critical Thinking
22,Laboratory Technician,Database software
23,Manager,Adobe Creative Cloud software
23,Manager,Adobe Acrobat
23,Manager,ActionWare
23,Manager,Reading Comprehension
23,Manager,ADP Workforce Now
23,Manager,Monitoring
23,Manager,Act!
24,Research Scientist,3D graphics software
24,Research Scientist,Algorithmic software
24,Research Scientist,Critical Thinking
24,Research Scientist,Amazon DynamoDB
24,Research Scientist,Mathematics
24,Research Scientist,Active Learning
24,Research Scientist,Advanced numerical software
26,Manufacturing Director,Apple Final Cut Pro
26,Manufacturing Director,Critical Thinking
26,Manufacturing Director,Adobe Photoshop
26,Manufacturing Director,Adobe Acrobat
26,Manufacturing Director,Active Listening
26,Manufacturing Director,Speaking
26,Manufacturing Director,Reading Comprehension
27,Sales Representative,3M Post-it App
27,Sales Representative,Speaking
27,Sales Representative,Adobe Dreamweaver
27,Sales Representative,Writing
27,Sales Representative,Active Listening
28,Research Director,Reading Comprehension
28,Research Director,Critical Thinking
28,Research Director,Active Listening
28,Research Director,Writing
28,Research Director,Clinical trial management software
28,Research Director,Adobe Acrobat
28,Research Director,Adobe Photoshop
28,Research Director,Science
28,Research Director,Graphics software
28,Research Director,ESRI ArcGIS software
30,Research Scientist,Reading Comprehension
30,Research Scientist,Advanced numerical software
30,Research Scientist,Mathematics
30,Research Scientist,Ada
31,Research Scientist,Critical Thinking
31,Research Scientist,Mathematics
31,Research Scientist,Ada
31,Research Scientist,3D graphics software
31,Research Scientist,Active Learning
31,Research Scientist,Active Listening
31,Research Scientist,Advanced numerical software
32,Manager,Monitoring
32,Manager,Adobe Creative Cloud software
32,Manager,Critical Thinking
32,Manager,ActionWare
32,Manager,Active Listening
32,Manager,Adobe Photoshop
32,Manager,Speaking
32,Manager,ADP Workforce Now
33,Research Scientist,Advanced numerical software
33,Research Scientist,Amazon DynamoDB
33,Research Scientist,Ada
33,Research Scientist,Algorithmic software
33,Research Scientist,Active Listening
33,Research Scientist,Active Learning
33,Research Scientist,Mathematics
33,Research Scientist,Reading Comprehension
35,Sales Executive,Active Listening
35,Sales Executive,Critical Thinking
35,Sales Executive,Adobe Creative Cloud software
35,Sales Executive,Apple Keynote
35,Sales Executive,Act!
35,Sales Executive,Monitoring
35,Sales Executive,Speaking
35,Sales Executive,Adobe Acrobat
36,Healthcare Representative,Monitoring
36,Healthcare Representative,Critical Thinking
36,Healthcare Representative,Active Listening
36,Healthcare Representative,Adobe Acrobat
36,Healthcare Representative,AcuStaf
36,Healthcare Representative,Allscripts healthcare automation software
36,Healthcare Representative,Speaking
36,Healthcare Representative,Reading Comprehension
36,Healthcare Representative,Alteer Office
38,Manager,ActionWare
38,Manager,Adobe Photoshop
38,Manager,Monitoring
38,Manager,Adobe Acrobat
38,Manager,Act!
38,Manager,ADP Workforce Now
38,Manager,Adobe Creative Cloud software
38,Manager,Reading Comprehension
38,Manager,Speaking
39,Laboratory Technician,Microsoft Access
39,Laboratory Technician,Critical Thinking
39,Laboratory Technician,Writing
39,Laboratory Technician,Linux
39,Laboratory Technician,Database software
40,Healthcare Representative,American Medical Association CodeManager
40,Healthcare Representative,Monitoring
40,Healthcare Representative,Alteer Office
40,Healthcare Representative,3DGrid HIPAA Checkup
40,Healthcare Representative,Allscripts healthcare automation software
40,Healthcare Representative,Active Listening
40,Healthcare Representative,Speaking
40,Healthcare Representative,Adobe Acrobat
40,Healthcare Representative,Critical Thinking
41,Laboratory Technician,Science
41,Laboratory Technician,Monitoring
41,Laboratory Technician,Writing
41,Laboratory Technician,Reading Comprehension
41,Laboratory Technician,Laboratory information management system LIMS
41,Laboratory Technician,C++
41,Laboratory Technician,Database software
41,Laboratory Technician,Linux
41,Laboratory Technician,Critical Thinking
42,Sales Representative,Adobe Dreamweaver
42,Sales Representative,Reading Comprehension
42,Sales Representative,ACT! Premium
42,Sales Representative,Speaking
42,Sales Representative,Writing
42,Sales Representative,3M Post-it App
42,Sales Representative,Critical Thinking
42,Sales Representative,Adobe Creative Cloud software
45,Research Scientist,3D graphics software
45,Research Scientist,Reading Comprehension
45,Research Scientist,Critical Thinking
45,Research Scientist,Amazon DynamoDB
45,Research Scientist,Amazon Elastic Compute Cloud EC2
45,Research Scientist,Mathematics
45,Research Scientist,Active Listening
46,Research Scientist,Mathematics
46,Research Scientist,Active Listening
46,Research Scientist,Advanced numerical software
46,Research Scientist,Active Learning
46,Research Scientist,Amazon Elastic Compute Cloud EC2
46,Research Scientist,3D graphics software
47,Sales Representative,Adobe Creative Cloud software
47,Sales Representative,Writing
47,Sales Representative,Adobe Acrobat
47,Sales Representative,ACT! Premium
47,Sales Representative,Critical Thinking
47,Sales Representative,Speaking
47,Sales Representative,Reading Comprehension
47,Sales Representative,Active Listening
49,Sales Representative,Adobe Acrobat
49,Sales Representative,Speaking
49,Sales Representative,Active Listening
49,Sales Representative,Adobe Dreamweaver
49,Sales Representative,Critical Thinking
49,Sales Representative,Adobe Creative Cloud software
49,Sales Representative,Adobe Illustrator
51,Research Scientist,3D graphics software
51,Research Scientist,Amazon DynamoDB
51,Research Scientist,Mathematics
51,Research Scientist,Algorithmic software
51,Research Scientist,Critical Thinking
51,Research Scientist,Active Listening
52,Sales Executive,Airtable
52,Sales Executive,Reading Comprehension
52,Sales Executive,Act!
52,Sales Executive,Speaking
52,Sales Executive,Adobe ActionScript
52,Sales Executive,Apple Keynote
52,Sales Executive,Active Listening
53,Laboratory Technician,Linux
53,Laboratory Technician,Critical Thinking
53,Laboratory Technician,Writing
53,Laboratory Technician,Reading Comprehension
53,Laboratory Technician,C++
53,Laboratory Technician,Database software
54,Laboratory Technician,Critical Thinking
54,Laboratory Technician,Database software
54,Laboratory Technician,Microsoft Access
54,Laboratory Technician,Email software
54,Laboratory Technician,Writing
54,Laboratory Technician,Laboratory information management system LIMS
55,Laboratory Technician,C++
55,Laboratory Technician,Email software
55,Laboratory Technician,Critical Thinking
55,Laboratory Technician,Reading Comprehension
55,Laboratory Technician,Laboratory information management system LIMS
56,Sales Executive,Critical Thinking
56,Sales Executive,Adobe Creative Cloud software
56,Sales Executive,Monitoring
56,Sales Executive,Act!
56,Sales Executive,Speaking
56,Sales Executive,Adobe ActionScript
56,Sales Executive,Airtable
56,Sales Executive,Adobe Acrobat
56,Sales Executive,Apple Keynote
56,Sales Executive,Active Listening
57,Laboratory Technician,Monitoring
57,Laboratory Technician,Laboratory information management system LIMS
57,Laboratory Technician,Linux
57,Laboratory Technician,C++
57,Laboratory Technician,Reading Comprehension
57,Laboratory Technician,Microsoft Access
57,Laboratory Technician,Science
57,Laboratory Technician,Critical Thinking
57,Laboratory Technician,Database software
58,Research Director,Adobe Photoshop
58,Research Director,ESRI ArcGIS software
58,Research Director,Science
58,Research Director,Clinical trial management software
58,Research Director,Adobe Acrobat
58,Research Director,IBM Lotus 1-2-3
58,Research Director,Graphics software
58,Research Director,Active Listening
58,Research Director,Critical Thinking
60,Sales Executive,Adobe ActionScript
60,Sales Executive,Critical Thinking
60,Sales Executive,Act!
60,Sales Executive,Reading Comprehension
60,Sales Executive,Adobe Creative Cloud software
60,Sales Executive,Monitoring
60,Sales Executive,Adobe Acrobat
60,Sales Executive,Airtable
61,Research Scientist,Advanced numerical software
61,Research Scientist,Amazon DynamoDB
61,Research Scientist,Active Learning
61,Research Scientist,3D graphics software
61,Research Scientist,Mathematics
61,Research Scientist,Amazon Elastic Compute Cloud EC2
62,Sales Executive,Speaking
62,Sales Executive,Adobe ActionScript
62,Sales Executive,Act!
62,Sales Executive,Adobe Acrobat
62,Sales Executive,Active Listening
62,Sales Executive,Apple Keynote
62,Sales Executive,Monitoring
62,Sales Executive,Airtable
62,Sales Executive,Critical Thinking
62,Sales Executive,Adobe Creative Cloud software
63,Laboratory Technician,Email software
63,Laboratory Technician,Linux
63,Laboratory Technician,Database software
63,Laboratory Technician,Laboratory information management system LIMS
63,Laboratory Technician,Monitoring
63,Laboratory Technician,C++
63,Laboratory Technician,Microsoft Access
64,Laboratory Technician,Linux
64,Laboratory Technician,Critical Thinking
64,Laboratory Technician,Email software
64,Laboratory Technician,Monitoring
64,Laboratory Technician,Writing
64,Laboratory Technician,Database software
64,Laboratory Technician,Science
64,Laboratory Technician,C++
65,Laboratory Technician,Critical Thinking
65,Laboratory Technician,Database software
65,Laboratory Technician,C++
65,Laboratory Technician,Email software
65,Laboratory Technician,Microsoft Access
68,Sales Executive,Active Listening
68,Sales Executive,Adobe ActionScript
68,Sales Executive,Adobe Acrobat
68,Sales Executive,Act!
68,Sales Executive,Monitoring
68,Sales Executive,Apple Keynote
68,Sales Executive,Airtable
68,Sales Executive,Adobe Creative Cloud software
68,Sales Executive,Critical Thinking
70,Healthcare Representative,Monitoring
70,Healthcare Representative,Critical Thinking
70,Healthcare Representative,Alteer Office
70,Healthcare Representative,Speaking
70,Healthcare Representative,3DGrid HIPAA Checkup
70,Healthcare Representative,Active Listening
70,Healthcare Representative,Adobe Acrobat
70,Healthcare Representative,Reading Comprehension
70,Healthcare Representative,American Medical Association CodeManager
70,Healthcare Representative,Allscripts healthcare automation software
72,Sales Executive,Adobe ActionScript
72,Sales Executive,Apple Keynote
72,Sales Executive,Act!
72,Sales Executive,Critical Thinking
72,Sales Executive,Adobe Creative Cloud software
73,Research Director,Critical Thinking
73,Research Director,Adobe Photoshop
73,Research Director,Active Listening
73,Research Director,Reading Comprehension
73,Research Director,Adobe Acrobat
73,Research Director,IBM Lotus 1-2-3
73,Research Director,Writing
73,Research Director,Science
73,Research Director,ESRI ArcGIS software
73,Research Director,Graphics software
74,Sales Executive,Adobe Creative Cloud software
74,Sales Executive,Speaking
74,Sales Executive,Active Listening
74,Sales Executive,Apple Keynote
74,Sales Executive,Critical Thinking
74,Sales Executive,Adobe Acrobat
74,Sales Executive,Airtable
74,Sales Executive,Reading Comprehension
75,Laboratory Technician,Writing
75,Laboratory Technician,Email software
75,Laboratory Technician,Critical Thinking
75,Laboratory Technician,Science
76,Laboratory Technician,C++
76,Laboratory Technician,Linux
76,Laboratory Technician,Critical Thinking
76,Laboratory Technician,Microsoft Access
76,Laboratory Technician,Monitoring
76,Laboratory Technician,Reading Comprehension
76,Laboratory Technician,Science
76,Laboratory Technician,Database software
76,Laboratory Technician,Laboratory information management system LIMS
77,Manufacturing Director,Speaking
77,Manufacturing Director,Adobe Acrobat
77,Manufacturing Director,Adobe Photoshop
77,Manufacturing Director,Active Listening
77,Manufacturing Director,Critical Thinking
77,Manufacturing Director,Reading Comprehension
77,Manufacturing Director,ABB Optimize IT Predict & Control
77,Manufacturing Director,Apple Final Cut Pro
78,Manufacturing Director,Monitoring
78,Manufacturing Director,Critical Thinking
78,Manufacturing Director,Adobe Photoshop
78,Manufacturing Director,Adobe After Effects
78,Manufacturing Director,Adobe Acrobat
78,Manufacturing Director,Adobe InDesign
78,Manufacturing Director,Active Listening
78,Manufacturing Director,Speaking
78,Manufacturing Director,Apple Final Cut Pro
79,Laboratory Technician,Critical Thinking
79,Laboratory Technician,Microsoft Access
79,Laboratory Technician,Email software
79,Laboratory Technician,Writing
79,Laboratory Technician,Reading Comprehension
79,Laboratory Technician,Database software
79,Laboratory Technician,C++
80,Research Director,Reading Comprehension
80,Research Director,Writing
80,Research Director,ESRI ArcGIS software
80,Research Director,Adobe Photoshop
80,Research Director,Science
80,Research Director,Critical Thinking
80,Research Director,IBM Lotus 1-2-3
80,Research Director,Active Listening
80,Research Director,Adobe Acrobat
80,Research Director,Clinical trial management software
81,Sales Executive,Apple Keynote
81,Sales Executive,Adobe Acrobat
81,Sales Executive,Adobe ActionScript
81,Sales Executive,Airtable
81,Sales Executive,Monitoring
81,Sales Executive,Act!
81,Sales Executive,Speaking
81,Sales Executive,Reading Comprehension
83,Healthcare Representative,Alteer Office
83,Healthcare Representative,Adobe Acrobat
83,Healthcare Representative,Monitoring
83,Healthcare Representative,AcuStaf
83,Healthcare Representative,Allscripts healthcare automation software
83,Healthcare Representative,Critical Thinking
83,Healthcare Representative,Reading Comprehension
83,Healthcare Representative,American Medical Association CodeManager
83,Healthcare Representative,Active Listening
83,Healthcare Representative,3DGrid HIPAA Checkup
84,Manager,ADP Workforce Now
84,Manager,Adobe Photoshop
84,Manager,Speaking
84,Manager,Reading Comprehension
84,Manager,Monitoring
84,Manager,Adobe Creative Cloud software
84,Manager,Act!
84,Manager,Active Listening
84,Manager,Adobe Acrobat
85,Manufacturing Director,Adobe Acrobat
85,Manufacturing Director,Active Listening
85,Manufacturing Director,Critical Thinking
85,Manufacturing Director,Apple Final Cut Pro
85,Manufacturing Director,Reading Comprehension
85,Manufacturing Director,Monitoring
85,Manufacturing Director,Adobe After Effects
85,Manufacturing Director,Speaking
86,Research Scientist,Algorithmic software
86,Research Scientist,Critical Thinking
86,Research Scientist,Advanced numerical software
86,Research Scientist,Reading Comprehension
86,Research Scientist,Amazon DynamoDB
86,Research Scientist,Amazon Elastic Compute Cloud EC2
86,Research Scientist,Active Listening
88,Research Scientist,Advanced numerical software
88,Research Scientist,3D graphics software
88,Research Scientist,Active Listening
88,Research Scientist,Active Learning
88,Research Scientist,Reading Comprehension
88,Research Scientist,Amazon Elastic Compute Cloud EC2
88,Research Scientist,Critical Thinking
88,Research Scientist,Algorithmic software
90,Research Scientist,Advanced numerical software
90,Research Scientist,Mathematics
90,Research Scientist,Amazon DynamoDB
90,Research Scientist,Algorithmic software
91,Sales Executive,Adobe ActionScript
91,Sales Executive,Critical Thinking
91,Sales Executive,Monitoring
91,Sales Executive,Reading Comprehension
91,Sales Executive,Apple Keynote
91,Sales Executive,Adobe Acrobat
94,Research Scientist,Reading Comprehension
94,Research Scientist,Amazon DynamoDB
94,Research Scientist,Active Listening
94,Research Scientist,Critical Thinking
94,Research Scientist,3D graphics software
94,Research Scientist,Mathematics
94,Research Scientist,Ada
94,Research Scientist,Advanced numerical software
94,Research Scientist,Active Learning
95,Research Scientist,Active Learning
95,Research Scientist,Algorithmic software
95,Research Scientist,Active Listening
95,Research Scientist,Mathematics
96,Research Scientist,Mathematics
96,Research Scientist,Algorithmic software
96,Research Scientist,Amazon DynamoDB
96,Research Scientist,Reading Comprehension
96,Research Scientist,Critical Thinking
96,Research Scientist,Amazon Elastic Compute Cloud EC2
96,Research Scientist,Active Listening
96,Research Scientist,Ada
97,Laboratory Technician,Reading Comprehension
97,Laboratory Technician,Microsoft Access
97,Laboratory Technician,Database software
97,Laboratory Technician,Monitoring
97,Laboratory Technician,C++
97,Laboratory Technician,Writing
97,Laboratory Technician,Laboratory information management system LIMS
98,Manufacturing Director,Apple Final Cut Pro
98,Manufacturing Director,ABB Optimize IT Predict & Control
98,Manufacturing Director,Monitoring
98,Manufacturing Director,Reading Comprehension
98,Manufacturing Director,Active Listening
98,Manufacturing Director,Adobe Photoshop
98,Manufacturing Director,Adobe After Effects
98,Manufacturing Director,Adobe Acrobat
98,Manufacturing Director,Adobe InDesign
100,Sales Executive,Adobe ActionScript
100,Sales Executive,Monitoring
100,Sales Executive,Act!
100,Sales Executive,Reading Comprehension
100,Sales Executive,Airtable
100,Sales Executive,Adobe Acrobat
100,Sales Executive,Critical Thinking
100,Sales Executive,Adobe Creative Cloud software
100,Sales Executive,Speaking
100,Sales Executive,Active Listening
101,Research Director,Adobe Photoshop
101,Research Director,Writing
101,Research Director,ESRI ArcGIS software
101,Research Director,Clinical trial management software
101,Research Director,IBM Lotus 1-2-3
102,Research Director,Science
102,Research Director,Active Listening
102,Research Director,Clinical trial management software
102,Research Director,Critical Thinking
102,Research Director,Writing
102,Research Director,Adobe Acrobat
102,Research Director,Reading Comprehension
102,Research Director,Adobe Photoshop
102,Research Director,IBM Lotus 1-2-3
103,Human Resources,Adobe Human Capital Application Solution Accelerator
103,Human Resources,Adobe Creative Cloud software
103,Human Resources,Adobe Illustrator
103,Human Resources,Adobe Acrobat
103,Human Resources,Active Listening
103,Human Resources,Critical Thinking
103,Human Resources,Writing
104,Laboratory Technician,Writing
104,Laboratory Technician,Critical Thinking
104,Laboratory Technician,Science
104,Laboratory Technician,Monitoring
104,Laboratory Technician,Microsoft Access
104,Laboratory Technician,C++
104,Laboratory Technician,Laboratory information management system LIMS
104,Laboratory Technician,Database software
104,Laboratory Technician,Reading Comprehension
105,Research Scientist,Advanced numerical software
105,Research Scientist,3D graphics software
105,Research Scientist,Active Learning
105,Research Scientist,Amazon DynamoDB
105,Research Scientist,Critical Thinking
105,Research Scientist,Active Listening
105,Research Scientist,Mathematics
106,Sales Executive,Adobe ActionScript
106,Sales Executive,Act!
106,Sales Executive,Speaking
106,Sales Executive,Active Listening
106,Sales Executive,Adobe Acrobat
106,Sales Executive,Apple Keynote
107,Research Scientist,Amazon DynamoDB
107,Research Scientist,Mathematics
107,Research Scientist,Advanced numerical software
107,Research Scientist,Algorithmic software
107,Research Scientist,Reading Comprehension
107,Research Scientist,Amazon Elastic Compute Cloud EC2
107,Research Scientist,Active Learning
107,Research Scientist,Ada
107,Research Scientist,Critical Thinking
110,Manufacturing Director,Apple Final Cut Pro
110,Manufacturing Director,Adobe InDesign
110,Manufacturing Director,Active Listening
110,Manufacturing Director,Monitoring
110,Manufacturing Director,Adobe Acrobat
110,Manufacturing Director,ABB Optimize IT Predict & Control
110,Manufacturing Director,Reading Comprehension
110,Manufacturing Director,Speaking
112,Manufacturing Director,Monitoring
112,Manufacturing Director,Reading Comprehension
112,Manufacturing Director,Adobe InDesign
112,Manufacturing Director,Critical Thinking
112,Manufacturing Director,Speaking
112,Manufacturing Director,Adobe Photoshop
112,Manufacturing Director,Active Listening
112,Manufacturing Director,Adobe After Effects
113,Sales Representative,Active Listening
113,Sales Representative,Speaking
113,Sales Representative,Adobe Dreamweaver
113,Sales Representative,3M Post-it App
116,Laboratory Technician,Monitoring
116,Laboratory Technician,Linux
116,Laboratory Technician,Database software
116,Laboratory Technician,Critical Thinking
116,Laboratory Technician,Reading Comprehension
116,Laboratory Technician,Email software
117,Healthcare Representative,Critical Thinking
117,Healthcare Representative,AcuStaf
117,Healthcare Representative,Allscripts healthcare automation software
117,Healthcare Representative,3DGrid HIPAA Checkup
117,Healthcare Representative,Active Listening
117,Healthcare Representative,American Medical Association CodeManager
117,Healthcare Representative,Monitoring
117,Healthcare Representative,Reading Comprehension
117,Healthcare Representative,Speaking
118,Sales Executive,Active Listening
118,Sales Executive,Adobe ActionScript
118,Sales Executive,Adobe Acrobat
118,Sales Executive,Airtable
118,Sales Executive,Reading Comprehension
118,Sales Executive,Speaking
118,Sales Executive,Adobe Creative Cloud software
118,Sales Executive,Critical Thinking
118,Sales Executive,Act!
119,Healthcare Representative,3DGrid HIPAA Checkup
119,Healthcare Representative,Speaking
119,Healthcare Representative,Allscripts healthcare automation software
119,Healthcare Representative,Critical Thinking
119,Healthcare Representative,Alteer Office
119,Healthcare Representative,Monitoring
119,Healthcare Representative,American Medical Association CodeManager
120,Sales Executive,Reading Comprehension
120,Sales Executive,Adobe ActionScript
120,Sales Executive,Apple Keynote
120,Sales Executive,Active Listening
120,Sales Executive,Adobe Acrobat
120,Sales Executive,Act!
120,Sales Executive,Speaking
120,Sales Executive,Airtable
121,Sales Executive,Act!
121,Sales Executive,Adobe Acrobat
121,Sales Executive,Airtable
121,Sales Executive,Adobe Creative Cloud software
121,Sales Executive,Reading Comprehension
121,Sales Executive,Apple Keynote
121,Sales Executive,Monitoring
121,Sales Executive,Speaking
121,Sales Executive,Adobe ActionScript
121,Sales Executive,Critical Thinking
124,Healthcare Representative,Active Listening
124,Healthcare Representative,Alteer Office
124,Healthcare Representative,AcuStaf
124,Healthcare Representative,Critical Thinking
124,Healthcare Representative,Speaking
124,Healthcare Representative,Monitoring
124,Healthcare Representative,American Medical Association CodeManager
124,Healthcare Representative,Reading Comprehension
124,Healthcare Representative,Allscripts healthcare automation software
124,Healthcare Representative,Adobe Acrobat
125,Sales Executive,Act!
125,Sales Executive,Adobe ActionScript
125,Sales Executive,Speaking
125,Sales Executive,Apple Keynote
125,Sales Executive,Adobe Acrobat
125,Sales Executive,Monitoring
125,Sales Executive,Active Listening
125,Sales Executive,Critical Thinking
126,Research Director,Science
126,Research Director,IBM Lotus 1-2-3
126,Research Director,Active Listening
126,Research Director,Critical Thinking
126,Research Director,Graphics software
126,Research Director,ESRI ArcGIS software
126,Research Director,Clinical trial management software
126,Research Director,Adobe Photoshop
128,Sales Executive,Monitoring
128,Sales Executive,Active Listening
128,Sales Executive,Reading Comprehension
128,Sales Executive,Apple Keynote
128,Sales Executive,Act!
128,Sales Executive,Adobe Creative Cloud software
128,Sales Executive,Adobe Acrobat
129,Sales Executive,Adobe ActionScript
129,Sales Executive,Critical Thinking
129,Sales Executive,Active Listening
129,Sales Executive,Airtable
129,Sales Executive,Adobe Creative Cloud software
129,Sales Executive,Speaking
129,Sales Executive,Adobe Acrobat
129,Sales Executive,Act!
129,Sales Executive,Apple Keynote
131,Sales Executive,Airtable
131,Sales Executive,Speaking
131,Sales Executive,Adobe Creative Cloud software
131,Sales Executive,Apple Keynote
131,Sales Executive,Active Listening
131,Sales Executive,Adobe ActionScript
131,Sales Executive,Reading Comprehension
131,Sales Executive,Act!
132,Laboratory Technician,Database software
132,Laboratory Technician,Critical Thinking
132,Laboratory Technician,Reading Comprehension
132,Laboratory Technician,Science
132,Laboratory Technician,Linux
132,Laboratory Technician,Email software
132,Laboratory Technician,Laboratory information management system LIMS
132,Laboratory Technician,Monitoring
133,Human Resources,Adobe Creative Cloud software
133,Human Resources,Adobe Acrobat
133,Human Resources,Speaking
133,Human Resources,Writing
133,Human Resources,Adobe Human Capital Application Solution Accelerator
133,Human Resources,Adobe InDesign
133,Human Resources,Adobe Dreamweaver
134,Research Scientist,Mathematics
134,Research Scientist,Active Learning
134,Research Scientist,Amazon Elastic Compute Cloud EC2
134,Research Scientist,Active Listening
137,Laboratory Technician,C++
137,Laboratory Technician,Microsoft Access
137,Laboratory Technician,Linux
137,Laboratory Technician,Monitoring
138,Research Scientist,Active Listening
138,Research Scientist,Advanced numerical software
138,Research Scientist,Ada
138,Research Scientist,Critical Thinking
138,Research Scientist,Amazon Elastic Compute Cloud EC2
138,Research Scientist,Mathematics
138,Research Scientist,Reading Comprehension
139,Healthcare Representative,Allscripts healthcare automation software
139,Healthcare Representative,Alteer Office
139,Healthcare Representative,Active Listening
139,Healthcare Representative,Speaking
139,Healthcare Representative,Adobe Acrobat
140,Manager,Speaking
140,Manager,Act!
140,Manager,ActionWare
140,Manager,Adobe Photoshop
140,Manager,Adobe Acrobat
140,Manager,Reading Comprehension
140,Manager,Monitoring
140,Manager,Active Listening
141,Research Director,IBM Lotus 1-2-3
141,Research Director,Reading Comprehension
141,Research Director,Critical Thinking
141,Research Director,Graphics software
141,Research Director,Writing
141,Research Director,Clinical trial management software
141,Research Director,Adobe Photoshop
141,Research Director,Science
142,Sales Executive,Active Listening
142,Sales Executive,Airtable
142,Sales Executive,Adobe Acrobat
142,Sales Executive,Adobe Creative Cloud software
142,Sales Executive,Critical Thinking
142,Sales Executive,Reading Comprehension
142,Sales Executive,Monitoring
142,Sales Executive,Adobe ActionScript
142,Sales Executive,Act!
143,Research Scientist,Reading Comprehension
143,Research Scientist,Algorithmic software
143,Research Scientist,Advanced numerical software
143,Research Scientist,Amazon DynamoDB
143,Research Scientist,Active Listening
143,Research Scientist,Ada
143,Research Scientist,Active Learning
144,Laboratory Technician,Microsoft Access
144,Laboratory Technician,Critical Thinking
144,Laboratory Technician,Writing
144,Laboratory Technician,Laboratory information management system LIMS
144,Laboratory Technician,Reading Comprehension
145,Healthcare Representative,AcuStaf
145,Healthcare Representative,Monitoring
145,Healthcare Representative,Alteer Office
145,Healthcare Representative,Reading Comprehension
145,Healthcare Representative,Allscripts healthcare automation software
145,Healthcare Representative,3DGrid HIPAA Checkup
145,Healthcare Representative,American Medical Association CodeManager
145,Healthcare Representative,Active Listening
147,Laboratory Technician,Linux
147,Laboratory Technician,Email software
147,Laboratory Technician,Monitoring
147,Laboratory Technician,Laboratory information management system LIMS
147,Laboratory Technician,Microsoft Access
147,Laboratory Technician,Writing
147,Laboratory Technician,Database software
147,Laboratory Technician,Reading Comprehension
147,Laboratory Technician,C++
148,Manager,Critical Thinking
148,Manager,ActionWare
148,Manager,Adobe Acrobat
148,Manager,Adobe Creative Cloud software
148,Manager,Active Listening
148,Manager,Reading Comprehension
148,Manager,Monitoring
148,Manager,Act!
148,Manager,Speaking
148,Manager,ADP Workforce Now
150,Laboratory Technician,Writing
150,Laboratory Technician,Critical Thinking
150,Laboratory Technician,Linux
150,Laboratory Technician,Monitoring
150,Laboratory Technician,C++
150,Laboratory Technician,Reading Comprehension
150,Laboratory Technician,Microsoft Access
150,Laboratory Technician,Laboratory information management system LIMS
150,Laboratory Technician,Science
151,Research Scientist,Advanced numerical software
151,Research Scientist,Amazon Elastic Compute Cloud EC2
151,Research Scientist,3D graphics software
151,Research Scientist,Ada
151,Research Scientist,Algorithmic software
152,Sales Executive,Adobe Creative Cloud software
152,Sales Executive,Monitoring
152,Sales Executive,Adobe Acrobat
152,Sales Executive,Speaking
152,Sales Executive,Active Listening
152,Sales Executive,Adobe ActionScript
152,Sales Executive,Act!
152,Sales Executive,Critical Thinking
152,Sales Executive,Airtable
152,Sales Executive,Reading Comprehension
153,Manager,Act!
153,Manager,Adobe Creative Cloud software
153,Manager,Active Listening
153,Manager,ActionWare
153,Manager,Monitoring
153,Manager,Adobe Acrobat
153,Manager,ADP Workforce Now
153,Manager,Reading Comprehension
153,Manager,Adobe Photoshop
153,Manager,Speaking
154,Sales Executive,Adobe ActionScript
154,Sales Executive,Adobe Creative Cloud software
154,Sales Executive,Critical Thinking
154,Sales Executive,Monitoring
154,Sales Executive,Act!
154,Sales Executive,Reading Comprehension
154,Sales Executive,Adobe Acrobat
154,Sales Executive,Speaking
154,Sales Executive,Active Listening
155,Laboratory Technician,Database software
155,Laboratory Technician,C++
155,Laboratory Technician,Science
155,Laboratory Technician,Microsoft Access
155,Laboratory Technician,Linux
155,Laboratory Technician,Email software
155,Laboratory Technician,Reading Comprehension
158,Manager,Adobe Photoshop
158,Manager,Critical Thinking
158,Manager,Adobe Acrobat
158,Manager,Reading Comprehension
158,Manager,Act!
158,Manager,Adobe Creative Cloud software
158,Manager,Speaking
158,Manager,Monitoring
158,Manager,Active Listening
159,Research Scientist,Ada
159,Research Scientist,Advanced numerical software
159,Research Scientist,Active Learning
159,Research Scientist,Mathematics
159,Research Scientist,Critical Thinking
159,Research Scientist,Active Listening
159,Research Scientist,Amazon Elastic Compute Cloud EC2
159,Research Scientist,Reading Comprehension
159,Research Scientist,Amazon DynamoDB
160,Sales Executive,Adobe Acrobat
160,Sales Executive,Speaking
160,Sales Executive,Airtable
160,Sales Executive,Monitoring
160,Sales Executive,Reading Comprehension
160,Sales Executive,Adobe Creative Cloud software
160,Sales Executive,Apple Keynote
160,Sales Executive,Adobe ActionScript
160,Sales Executive,Active Listening
161,Research Scientist,Amazon Elastic Compute Cloud EC2
161,Research Scientist,Active Listening
161,Research Scientist,Active Learning
161,Research Scientist,Reading Comprehension
161,Research Scientist,Advanced numerical software
161,Research Scientist,Amazon DynamoDB
161,Research Scientist,Critical Thinking
162,Research Director,Writing
162,Research Director,Active Listening
162,Research Director,Adobe Acrobat
162,Research Director,Reading Comprehension
162,Research Director,IBM Lotus 1-2-3
162,Research Director,Graphics software
162,Research Director,Adobe Photoshop
162,Research Director,Critical Thinking
162,Research Director,ESRI ArcGIS software
162,Research Director,Science
163,Sales Executive,Adobe Acrobat
163,Sales Executive,Apple Keynote
163,Sales Executive,Adobe Creative Cloud software
163,Sales Executive,Reading Comprehension
163,Sales Executive,Critical Thinking
163,Sales Executive,Adobe ActionScript
163,Sales Executive,Monitoring
163,Sales Executive,Speaking
164,Research Scientist,Amazon DynamoDB
164,Research Scientist,Mathematics
164,Research Scientist,Algorithmic software
164,Research Scientist,3D graphics software
164,Research Scientist,Critical Thinking
164,Research Scientist,Ada
165,Healthcare Representative,Alteer Office
165,Healthcare Representative,Allscripts healthcare automation software
165,Healthcare Representative,3DGrid HIPAA Checkup
165,Healthcare Representative,American Medical Association CodeManager
165,Healthcare Representative,Speaking
165,Healthcare Representative,AcuStaf
165,Healthcare Representative,Monitoring
165,Healthcare Representative,Active Listening
165,Healthcare Representative,Critical Thinking
165,Healthcare Representative,Adobe Acrobat
167,Sales Representative,ACT! Premium
167,Sales Representative,Critical Thinking
167,Sales Representative,Reading Comprehension
167,Sales Representative,3M Post-it App
167,Sales Representative,Active Listening
169,Laboratory Technician,Writing
169,Laboratory Technician,Monitoring
169,Laboratory Technician,C++
169,Laboratory Technician,Science
169,Laboratory Technician,Critical Thinking
169,Laboratory Technician,Linux
170,Manufacturing Director,ABB Optimize IT Predict & Control
170,Manufacturing Director,Active Listening
170,Manufacturing Director,Adobe After Effects
170,Manufacturing Director,Apple Final Cut Pro
170,Manufacturing Director,Adobe Acrobat
170,Manufacturing Director,Critical Thinking
170,Manufacturing Director,Adobe InDesign
171,Research Scientist,3D graphics software
171,Research Scientist,Amazon DynamoDB
171,Research Scientist,Active Listening
171,Research Scientist,Critical Thinking
171,Research Scientist,Algorithmic software
174,Sales Executive,Reading Comprehension
174,Sales Executive,Adobe ActionScript
174,Sales Executive,Act!
174,Sales Executive,Speaking
174,Sales Executive,Monitoring
174,Sales Executive,Adobe Acrobat
174,Sales Executive,Active Listening
175,Sales Executive,Reading Comprehension
175,Sales Executive,Act!
175,Sales Executive,Adobe ActionScript
175,Sales Executive,Airtable
175,Sales Executive,Adobe Creative Cloud software
175,Sales Executive,Active Listening
175,Sales Executive,Speaking
176,Sales Executive,Critical Thinking
176,Sales Executive,Apple Keynote
176,Sales Executive,Airtable
176,Sales Executive,Act!
176,Sales Executive,Monitoring
176,Sales Executive,Adobe ActionScript
176,Sales Executive,Adobe Creative Cloud software
176,Sales Executive,Active Listening
176,Sales Executive,Speaking
176,Sales Executive,Adobe Acrobat
177,Human Resources,Adobe Dreamweaver
177,Human Resources,Adobe Creative Cloud software
177,Human Resources,Adobe Human Capital Application Solution Accelerator
177,Human Resources,Adobe Acrobat
177,Human Resources,Speaking
177,Human Resources,Critical Thinking
177,Human Resources,Adobe InDesign
177,Human Resources,Adobe Illustrator
178,Manufacturing Director,Active Listening
178,Manufacturing Director,Adobe Photoshop
178,Manufacturing Director,Adobe After Effects
178,Manufacturing Director,Reading Comprehension
178,Manufacturing Director,ABB Optimize IT Predict & Control
178,Manufacturing Director,Adobe InDesign
178,Manufacturing Director,Speaking
179,Manufacturing Director,Adobe Photoshop
179,Manufacturing Director,Adobe InDesign
179,Manufacturing Director,Apple Final Cut Pro
179,Manufacturing Director,Adobe After Effects
179,Manufacturing Director,Monitoring
179,Manufacturing Director,Reading Comprehension
179,Manufacturing Director,Active Listening
182,Sales Executive,Speaking
182,Sales Executive,Act!
182,Sales Executive,Active Listening
182,Sales Executive,Monitoring
182,Sales Executive,Critical Thinking
182,Sales Executive,Reading Comprehension
182,Sales Executive,Apple Keynote
182,Sales Executive,Adobe Acrobat
182,Sales Executive,Airtable
183,Sales Executive,Apple Keynote
183,Sales Executive,Speaking
183,Sales Executive,Adobe Acrobat
183,Sales Executive,Adobe Creative Cloud software
183,Sales Executive,Monitoring
184,Human Resources,Adobe Acrobat
184,Human Resources,Writing
184,Human Resources,Adobe Illustrator
184,Human Resources,Active Listening
184,Human Resources,Reading Comprehension
184,Human Resources,Adobe Creative Cloud software
184,Human Resources,Critical Thinking
184,Human Resources,Adobe Dreamweaver
184,Human Resources,Adobe InDesign
184,Human Resources,Speaking
190,Laboratory Technician,Writing
190,Laboratory Technician,Laboratory information management system LIMS
190,Laboratory Technician,Science
190,Laboratory Technician,Critical Thinking
190,Laboratory Technician,Monitoring
190,Laboratory Technician,Reading Comprehension
192,Research Scientist,Algorithmic software
192,Research Scientist,Critical Thinking
192,Research Scientist,Active Learning
192,Research Scientist,Reading Comprehension
192,Research Scientist,Amazon DynamoDB
192,Research Scientist,3D graphics software
192,Research Scientist,Ada
192,Research Scientist,Mathematics
192,Research Scientist,Active Listening
192,Research Scientist,Advanced numerical software
193,Research Scientist,3D graphics software
193,Research Scientist,Active Listening
193,Research Scientist,Ada
193,Research Scientist,Advanced numerical software
193,Research Scientist,Mathematics
193,Research Scientist,Reading Comprehension
194,Research Scientist,Ada
194,Research Scientist,Amazon Elastic Compute Cloud EC2
194,Research Scientist,3D graphics software
194,Research Scientist,Advanced numerical software
194,Research Scientist,Amazon DynamoDB
194,Research Scientist,Mathematics
195,Sales Executive,Active Listening
195,Sales Executive,Adobe Acrobat
195,Sales Executive,Apple Keynote
195,Sales Executive,Reading Comprehension
195,Sales Executive,Critical Thinking
195,Sales Executive,Act!
195,Sales Executive,Adobe Creative Cloud software
195,Sales Executive,Airtable
195,Sales Executive,Speaking
197,Research Scientist,Algorithmic software
197,Research Scientist,Amazon DynamoDB
197,Research Scientist,Ada
197,Research Scientist,Amazon Elastic Compute Cloud EC2
197,Research Scientist,3D graphics software
198,Laboratory Technician,Email software
198,Laboratory Technician,Writing
198,Laboratory Technician,Microsoft Access
198,Laboratory Technician,C++
198,Laboratory Technician,Reading Comprehension
198,Laboratory Technician,Monitoring
199,Manager,Speaking
199,Manager,ADP Workforce Now
199,Manager,Active Listening
199,Manager,Reading Comprehension
199,Manager,Adobe Creative Cloud software
199,Manager,ActionWare
199,Manager,Monitoring
199,Manager,Adobe Photoshop
200,Laboratory Technician,Microsoft Access
200,Laboratory Technician,Writing
200,Laboratory Technician,Database software
200,Laboratory Technician,Linux
200,Laboratory Technician,Reading Comprehension
200,Laboratory Technician,Laboratory information management system LIMS
201,Laboratory Technician,Monitoring
201,Laboratory Technician,Critical Thinking
201,Laboratory Technician,Laboratory information management system LIMS
201,Laboratory Technician,Database software
201,Laboratory Technician,Linux
201,Laboratory Technician,Writing
202,Research Scientist,Advanced numerical software
202,Research Scientist,Amazon DynamoDB
202,Research Scientist,Active Learning
202,Research Scientist,3D graphics software
202,Research Scientist,Ada
202,Research Scientist,Reading Comprehension
202,Research Scientist,Active Listening
202,Research Scientist,Critical Thinking
202,Research Scientist,Mathematics
202,Research Scientist,Algorithmic software
204,Sales Executive,Reading Comprehension
204,Sales Executive,Monitoring
204,Sales Executive,Act!
204,Sales Executive,Apple Keynote
204,Sales Executive,Critical Thinking
204,Sales Executive,Airtable
204,Sales Executive,Adobe ActionScript
204,Sales Executive,Active Listening
204,Sales Executive,Adobe Acrobat
204,Sales Executive,Speaking
205,Sales Representative,Adobe Creative Cloud software
205,Sales Representative,Adobe Dreamweaver
205,Sales Representative,Reading Comprehension
205,Sales Representative,Active Listening
205,Sales Representative,Critical Thinking
205,Sales Representative,3M Post-it App
205,Sales Representative,Writing
206,Laboratory Technician,Database software
206,Laboratory Technician,Writing
206,Laboratory Technician,Monitoring
206,Laboratory Technician,Science
206,Laboratory Technician,Microsoft Access
206,Laboratory Technician,Laboratory information management system LIMS
206,Laboratory Technician,C++
206,Laboratory Technician,Linux
207,Sales Executive,Apple Keynote
207,Sales Executive,Airtable
207,Sales Executive,Monitoring
207,Sales Executive,Speaking
207,Sales Executive,Adobe Acrobat
207,Sales Executive,Active Listening
207,Sales Executive,Adobe ActionScript
207,Sales Executive,Adobe Creative Cloud software
208,Manufacturing Director,Adobe InDesign
208,Manufacturing Director,Adobe After Effects
208,Manufacturing Director,Active Listening
208,Manufacturing Director,Reading Comprehension
208,Manufacturing Director,Adobe Acrobat
208,Manufacturing Director,Speaking
208,Manufacturing Director,Critical Thinking
211,Manufacturing Director,ABB Optimize IT Predict & Control
211,Manufacturing Director,Adobe Acrobat
211,Manufacturing Director,Critical Thinking
211,Manufacturing Director,Monitoring
211,Manufacturing Director,Adobe Photoshop
211,Manufacturing Director,Adobe After Effects
211,Manufacturing Director,Adobe InDesign
214,Research Scientist,Mathematics
214,Research Scientist,Amazon Elastic Compute Cloud EC2
214,Research Scientist,Active Listening
214,Research Scientist,Active Learning
214,Research Scientist,Algorithmic software
215,Sales Executive,Critical Thinking
215,Sales Executive,Monitoring
215,Sales Executive,Speaking
215,Sales Executive,Airtable
215,Sales Executive,Adobe Creative Cloud software
215,Sales Executive,Act!
215,Sales Executive,Active Listening
215,Sales Executive,Adobe ActionScript
215,Sales Executive,Reading Comprehension
216,Sales Representative,Speaking
216,Sales Representative,Adobe Creative Cloud software
216,Sales Representative,ACT! Premium
216,Sales Representative,Active Listening
216,Sales Representative,Adobe Illustrator
216,Sales Representative,3M Post-it App
216,Sales Representative,Reading Comprehension
216,Sales Representative,Critical Thinking
217,Research Scientist,Ada
217,Research Scientist,Advanced numerical software
217,Research Scientist,Algorithmic software
217,Research Scientist,Active Listening
217,Research Scientist,Amazon Elastic Compute Cloud EC2
218,Research Scientist,Amazon DynamoDB
218,Research Scientist,3D graphics software
218,Research Scientist,Active Listening
218,Research Scientist,Critical Thinking
218,Research Scientist,Reading Comprehension
218,Research Scientist,Ada
221,Research Scientist,Algorithmic software
221,Research Scientist,Amazon DynamoDB
221,Research Scientist,Amazon Elastic Compute Cloud EC2
221,Research Scientist,Critical Thinking
221,Research Scientist,Ada
223,Healthcare Representative,Alteer Office
223,Healthcare Representative,AcuStaf
223,Healthcare Representative,Monitoring
223,Healthcare Representative,Critical Thinking
223,Healthcare Representative,Adobe Acrobat
223,Healthcare Representative,Speaking
223,Healthcare Representative,Active Listening
223,Healthcare Representative,Allscripts healthcare automation software
224,Research Scientist,Mathematics
224,Research Scientist,Amazon Elastic Compute Cloud EC2
224,Research Scientist,Reading Comprehension
224,Research Scientist,Ada
224,Research Scientist,Advanced numerical software
224,Research Scientist,Amazon DynamoDB
226,Manager,Speaking
226,Manager,Monitoring
226,Manager,Adobe Photoshop
226,Manager,Critical Thinking
226,Manager,Reading Comprehension
226,Manager,Adobe Acrobat
226,Manager,ActionWare
226,Manager,Act!
226,Manager,ADP Workforce Now
226,Manager,Active Listening
227,Research Scientist,Active Listening
227,Research Scientist,Reading Comprehension
227,Research Scientist,3D graphics software
227,Research Scientist,Algorithmic software
227,Research Scientist,Mathematics
227,Research Scientist,Ada
227,Research Scientist,Advanced numerical software
227,Research Scientist,Amazon DynamoDB
227,Research Scientist,Amazon Elastic Compute Cloud EC2
227,Research Scientist,Active Learning
228,Sales Executive,Monitoring
228,Sales Executive,Reading Comprehension
228,Sales Executive,Speaking
228,Sales Executive,Critical Thinking
228,Sales Executive,Adobe ActionScript
228,Sales Executive,Adobe Creative Cloud software
228,Sales Executive,Airtable
230,Sales Executive,Critical Thinking
230,Sales Executive,Active Listening
230,Sales Executive,Reading Comprehension
230,Sales Executive,Airtable
230,Sales Executive,Adobe Acrobat
230,Sales Executive,Apple Keynote
230,Sales Executive,Act!
231,Research Scientist,Algorithmic software
231,Research Scientist,Active Learning
231,Research Scientist,Ada
231,Research Scientist,Mathematics
231,Research Scientist,Reading Comprehension
231,Research Scientist,Amazon DynamoDB
233,Research Scientist,Mathematics
233,Research Scientist,Algorithmic software
233,Research Scientist,Advanced numerical software
233,Research Scientist,Amazon Elastic Compute Cloud EC2
233,Research Scientist,Active Learning
233,Research Scientist,Reading Comprehension
233,Research Scientist,Ada
233,Research Scientist,Critical Thinking
233,Research Scientist,Amazon DynamoDB
235,Sales Representative,Active Listening
235,Sales Representative,Reading Comprehension
235,Sales Representative,Adobe Illustrator
238,Laboratory Technician,Laboratory information management system LIMS
238,Laboratory Technician,Science
238,Laboratory Technician,C++
238,Laboratory Technician,Linux
238,Laboratory Technician,Critical Thinking
238,Laboratory Technician,Writing
238,Laboratory Technician,Reading Comprehension
238,Laboratory Technician,Email software
238,Laboratory Technician,Microsoft Access
238,Laboratory Technician,Monitoring
239,Laboratory Technician,Monitoring
239,Laboratory Technician,Database software
239,Laboratory Technician,Microsoft Access
239,Laboratory Technician,Science
239,Laboratory Technician,C++
239,Laboratory Technician,Linux
239,Laboratory Technician,Critical Thinking
239,Laboratory Technician,Writing
240,Sales Executive,Speaking
240,Sales Executive,Adobe ActionScript
240,Sales Executive,Adobe Creative Cloud software
240,Sales Executive,Reading Comprehension
240,Sales Executive,Airtable
240,Sales Executive,Active Listening
241,Research Scientist,Ada
241,Research Scientist,Mathematics
241,Research Scientist,3D graphics software
241,Research Scientist,Algorithmic software
241,Research Scientist,Amazon Elastic Compute Cloud EC2
241,Research Scientist,Amazon DynamoDB
241,Research Scientist,Reading Comprehension
242,Research Scientist,Active Learning
242,Research Scientist,Algorithmic software
242,Research Scientist,Advanced numerical software
242,Research Scientist,Mathematics
242,Research Scientist,Reading Comprehension
242,Research Scientist,Amazon DynamoDB
243,Laboratory Technician,Laboratory information management system LIMS
243,Laboratory Technician,C++
243,Laboratory Technician,Writing
243,Laboratory Technician,Linux
243,Laboratory Technician,Microsoft Access
244,Sales Executive,Airtable
244,Sales Executive,Speaking
244,Sales Executive,Reading Comprehension
244,Sales Executive,Apple Keynote
244,Sales Executive,Monitoring
244,Sales Executive,Adobe ActionScript
244,Sales Executive,Act!
244,Sales Executive,Adobe Creative Cloud software
244,Sales Executive,Critical Thinking
245,Laboratory Technician,Linux
245,Laboratory Technician,Microsoft Access
245,Laboratory Technician,Monitoring
245,Laboratory Technician,Reading Comprehension
245,Laboratory Technician,Science
245,Laboratory Technician,C++
246,Research Scientist,Critical Thinking
246,Research Scientist,Algorithmic software
246,Research Scientist,Amazon Elastic Compute Cloud EC2
246,Research Scientist,Advanced numerical software
246,Research Scientist,3D graphics software
246,Research Scientist,Active Listening
247,Research Scientist,Amazon Elastic Compute Cloud EC2
247,Research Scientist,Active Learning
247,Research Scientist,Advanced numerical software
247,Research Scientist,Active Listening
247,Research Scientist,Ada
248,Sales Representative,Speaking
248,Sales Representative,Writing
248,Sales Representative,Critical Thinking
248,Sales Representative,Adobe Dreamweaver
248,Sales Representative,ACT! Premium
248,Sales Representative,Adobe Illustrator
248,Sales Representative,3M Post-it App
249,Laboratory Technician,Microsoft Access
249,Laboratory Technician,Critical Thinking
249,Laboratory Technician,Laboratory information management system LIMS
249,Laboratory Technician,Reading Comprehension
249,Laboratory Technician,C++
249,Laboratory Technician,Database software
250,Manufacturing Director,ABB Optimize IT Predict & Control
250,Manufacturing Director,Adobe Acrobat
250,Manufacturing Director,Adobe After Effects
250,Manufacturing Director,Speaking
250,Manufacturing Director,Monitoring
250,Manufacturing Director,Adobe Photoshop
250,Manufacturing Director,Apple Final Cut Pro
252,Research Scientist,Ada
252,Research Scientist,Amazon DynamoDB
252,Research Scientist,Advanced numerical software
252,Research Scientist,Critical Thinking
252,Research Scientist,Active Listening
252,Research Scientist,3D graphics software
252,Research Scientist,Reading Comprehension
253,Manager,Act!
253,Manager,Reading Comprehension
253,Manager,ActionWare
253,Manager,Adobe Acrobat
253,Manager,Speaking
253,Manager,Active Listening
253,Manager,Critical Thinking
253,Manager,Adobe Photoshop
253,Manager,Adobe Creative Cloud software
253,Manager,Monitoring
254,Research Director,IBM Lotus 1-2-3
254,Research Director,Adobe Acrobat
254,Research Director,Writing
254,Research Director,Reading Comprehension
254,Research Director,Critical Thinking
254,Research Director,Clinical trial management software
254,Research Director,Graphics software
254,Research Director,ESRI ArcGIS software
254,Research Director,Science
256,Manufacturing Director,Adobe InDesign
256,Manufacturing Director,Active Listening
256,Manufacturing Director,Adobe Photoshop
256,Manufacturing Director,Speaking
256,Manufacturing Director,Adobe After Effects
256,Manufacturing Director,Monitoring
256,Manufacturing Director,Critical Thinking
256,Manufacturing Director,Adobe Acrobat
258,Healthcare Representative,Reading Comprehension
258,Healthcare Representative,Active Listening
258,Healthcare Representative,Allscripts healthcare automation software
258,Healthcare Representative,3DGrid HIPAA Checkup
258,Healthcare Representative,Speaking
258,Healthcare Representative,Monitoring
258,Healthcare Representative,American Medical Association CodeManager
258,Healthcare Representative,AcuStaf
258,Healthcare Representative,Adobe Acrobat
259,Manager,Act!
259,Manager,Adobe Photoshop
259,Manager,Reading Comprehension
259,Manager,ActionWare
259,Manager,Monitoring
259,Manager,ADP Workforce Now
259,Manager,Adobe Creative Cloud software
259,Manager,Adobe Acrobat
259,Manager,Critical Thinking
259,Manager,Speaking
260,Research Scientist,Critical Thinking
260,Research Scientist,Active Listening
260,Research Scientist,Reading Comprehension
260,Research Scientist,3D graphics software
260,Research Scientist,Ada
260,Research Scientist,Advanced numerical software
260,Research Scientist,Mathematics
260,Research Scientist,Amazon DynamoDB
260,Research Scientist,Amazon Elastic Compute Cloud EC2
261,Manufacturing Director,Adobe InDesign
261,Manufacturing Director,Adobe Acrobat
261,Manufacturing Director,Monitoring
261,Manufacturing Director,Reading Comprehension
261,Manufacturing Director,Apple Final Cut Pro
262,Research Scientist,Active Listening
262,Research Scientist,Critical Thinking
262,Research Scientist,Ada
262,Research Scientist,Reading Comprehension
262,Research Scientist,Mathematics
262,Research Scientist,Amazon DynamoDB
262,Research Scientist,Algorithmic software
264,Manager,Act!
264,Manager,ADP Workforce Now
264,Manager,Monitoring
264,Manager,Reading Comprehension
264,Manager,Adobe Photoshop
264,Manager,ActionWare
264,Manager,Adobe Acrobat
264,Manager,Active Listening
264,Manager,Adobe Creative Cloud software
267,Research Scientist,Ada
267,Research Scientist,Amazon Elastic Compute Cloud EC2
267,Research Scientist,Active Listening
267,Research Scientist,Algorithmic software
267,Research Scientist,Mathematics
267,Research Scientist,Reading Comprehension
267,Research Scientist,Active Learning
267,Research Scientist,3D graphics software
267,Research Scientist,Critical Thinking
269,Laboratory Technician,Science
269,Laboratory Technician,Email software
269,Laboratory Technician,Database software
269,Laboratory Technician,Reading Comprehension
269,Laboratory Technician,C++
269,Laboratory Technician,Writing
269,Laboratory Technician,Microsoft Access
269,Laboratory Technician,Critical Thinking
269,Laboratory Technician,Monitoring
269,Laboratory Technician,Laboratory information management system LIMS
270,Manufacturing Director,ABB Optimize IT Predict & Control
270,Manufacturing Director,Apple Final Cut Pro
270,Manufacturing Director,Monitoring
270,Manufacturing Director,Adobe After Effects
270,Manufacturing Director,Active Listening
270,Manufacturing Director,Adobe Photoshop
270,Manufacturing Director,Adobe InDesign
270,Manufacturing Director,Speaking
271,Manufacturing Director,Adobe After Effects
271,Manufacturing Director,Adobe Acrobat
271,Manufacturing Director,Monitoring
271,Manufacturing Director,Apple Final Cut Pro
271,Manufacturing Director,Adobe Photoshop
271,Manufacturing Director,Adobe InDesign
271,Manufacturing Director,Critical Thinking
271,Manufacturing Director,Speaking
273,Manufacturing Director,Apple Final Cut Pro
273,Manufacturing Director,Adobe InDesign
273,Manufacturing Director,Adobe Photoshop
273,Manufacturing Director,Reading Comprehension
273,Manufacturing Director,Monitoring
273,Manufacturing Director,Adobe Acrobat
273,Manufacturing Director,Critical Thinking
273,Manufacturing Director,ABB Optimize IT Predict & Control
273,Manufacturing Director,Active Listening
274,Manufacturing Director,Active Listening
274,Manufacturing Director,Speaking
274,Manufacturing Director,Adobe After Effects
274,Manufacturing Director,ABB Optimize IT Predict & Control
274,Manufacturing Director,Critical Thinking
274,Manufacturing Director,Monitoring
274,Manufacturing Director,Adobe InDesign
275,Manufacturing Director,Adobe After Effects
275,Manufacturing Director,Adobe InDesign
275,Manufacturing Director,Speaking
275,Manufacturing Director,Critical Thinking
275,Manufacturing Director,Reading Comprehension
275,Manufacturing Director,Apple Final Cut Pro
275,Manufacturing Director,Monitoring
275,Manufacturing Director,Adobe Photoshop
275,Manufacturing Director,Adobe Acrobat
275,Manufacturing Director,ABB Optimize IT Predict & Control
277,Research Scientist,Ada
277,Research Scientist,Algorithmic software
277,Research Scientist,Reading Comprehension
277,Research Scientist,Advanced numerical software
277,Research Scientist,Critical Thinking
281,Laboratory Technician,Writing
281,Laboratory Technician,Monitoring
281,Laboratory Technician,C++
281,Laboratory Technician,Database software
281,Laboratory Technician,Reading Comprehension
281,Laboratory Technician,Critical Thinking
281,Laboratory Technician,Science
281,Laboratory Technician,Microsoft Access
282,Healthcare Representative,3DGrid HIPAA Checkup
282,Healthcare Representative,Reading Comprehension
282,Healthcare Representative,American Medical Association CodeManager
282,Healthcare Representative,Critical Thinking
282,Healthcare Representative,Adobe Acrobat
282,Healthcare Representative,Monitoring
282,Healthcare Representative,Speaking
282,Healthcare Representative,Active Listening
283,Sales Executive,Reading Comprehension
283,Sales Executive,Airtable
283,Sales Executive,Act!
283,Sales Executive,Adobe Creative Cloud software
283,Sales Executive,Adobe ActionScript
283,Sales Executive,Critical Thinking
283,Sales Executive,Adobe Acrobat
283,Sales Executive,Apple Keynote
284,Research Scientist,Reading Comprehension
284,Research Scientist,Active Listening
284,Research Scientist,Advanced numerical software
284,Research Scientist,Critical Thinking
284,Research Scientist,Active Learning
284,Research Scientist,Amazon Elastic Compute Cloud EC2
286,Laboratory Technician,Microsoft Access
286,Laboratory Technician,Writing
286,Laboratory Technician,Science
286,Laboratory Technician,Email software
286,Laboratory Technician,Linux
286,Laboratory Technician,C++
286,Laboratory Technician,Laboratory information management system LIMS
286,Laboratory Technician,Reading Comprehension
287,Healthcare Representative,Allscripts healthcare automation software
287,Healthcare Representative,Alteer Office
287,Healthcare Representative,Critical Thinking
287,Healthcare Representative,AcuStaf
287,Healthcare Representative,Reading Comprehension
288,Healthcare Representative,Alteer Office
288,Healthcare Representative,Active Listening
288,Healthcare Representative,Reading Comprehension
288,Healthcare Representative,AcuStaf
288,Healthcare Representative,Monitoring
288,Healthcare Representative,American Medical Association CodeManager
288,Healthcare Representative,3DGrid HIPAA Checkup
288,Healthcare Representative,Speaking
288,Healthcare Representative,Critical Thinking
291,Sales Executive,Adobe Creative Cloud software
291,Sales Executive,Airtable
291,Sales Executive,Adobe Acrobat
291,Sales Executive,Monitoring
291,Sales Executive,Reading Comprehension
291,Sales Executive,Speaking
291,Sales Executive,Active Listening
292,Manufacturing Director,Adobe Photoshop
292,Manufacturing Director,Active Listening
292,Manufacturing Director,Reading Comprehension
292,Manufacturing Director,Adobe After Effects
292,Manufacturing Director,Adobe InDesign
292,Manufacturing Director,Speaking
292,Manufacturing Director,Monitoring
292,Manufacturing Director,ABB Optimize IT Predict & Control
293,Sales Executive,Speaking
293,Sales Executive,Act!
293,Sales Executive,Apple Keynote
293,Sales Executive,Adobe Acrobat
293,Sales Executive,Active Listening
293,Sales Executive,Monitoring
293,Sales Executive,Adobe ActionScript
296,Research Director,Adobe Photoshop
296,Research Director,IBM Lotus 1-2-3
296,Research Director,Science
296,Research Director,Graphics software
296,Research Director,ESRI ArcGIS software
296,Research Director,Critical Thinking
296,Research Director,Adobe Acrobat
296,Research Director,Writing
296,Research Director,Active Listening
296,Research Director,Clinical trial management software
297,Research Scientist,Amazon DynamoDB
297,Research Scientist,Ada
297,Research Scientist,Reading Comprehension
297,Research Scientist,Amazon Elastic Compute Cloud EC2
297,Research Scientist,Critical Thinking
297,Research Scientist,Active Listening
297,Research Scientist,Mathematics
297,Research Scientist,3D graphics software
298,Manager,ActionWare
298,Manager,Adobe Acrobat
298,Manager,Adobe Creative Cloud software
298,Manager,Speaking
298,Manager,Active Listening
298,Manager,Adobe Photoshop
299,Sales Executive,Apple Keynote
299,Sales Executive,Adobe Acrobat
299,Sales Executive,Airtable
299,Sales Executive,Reading Comprehension
299,Sales Executive,Act!
299,Sales Executive,Speaking
299,Sales Executive,Adobe ActionScript
299,Sales Executive,Monitoring
300,Research Scientist,Mathematics
300,Research Scientist,Amazon DynamoDB
300,Research Scientist,Amazon Elastic Compute Cloud EC2
300,Research Scientist,Active Learning
300,Research Scientist,Active Listening
300,Research Scientist,Advanced numerical software
300,Research Scientist,Algorithmic software
300,Research Scientist,Reading Comprehension
300,Research Scientist,3D graphics software
302,Sales Executive,Monitoring
302,Sales Executive,Adobe Acrobat
302,Sales Executive,Reading Comprehension
302,Sales Executive,Adobe ActionScript
302,Sales Executive,Adobe Creative Cloud software
302,Sales Executive,Apple Keynote
302,Sales Executive,Speaking
302,Sales Executive,Critical Thinking
302,Sales Executive,Active Listening
302,Sales Executive,Act!
303,Sales Executive,Airtable
303,Sales Executive,Monitoring
303,Sales Executive,Adobe ActionScript
303,Sales Executive,Act!
303,Sales Executive,Active Listening
303,Sales Executive,Speaking
303,Sales Executive,Critical Thinking
304,Laboratory Technician,C++
304,Laboratory Technician,Email software
304,Laboratory Technician,Reading Comprehension
304,Laboratory Technician,Microsoft Access
304,Laboratory Technician,Database software
304,Laboratory Technician,Monitoring
304,Laboratory Technician,Science
304,Laboratory Technician,Linux
305,Research Scientist,Advanced numerical software
305,Research Scientist,Critical Thinking
305,Research Scientist,Amazon DynamoDB
305,Research Scientist,Mathematics
305,Research Scientist,Ada
306,Research Director,IBM Lotus 1-2-3
306,Research Director,Writing
306,Research Director,Reading Comprehension
306,Research Director,Adobe Acrobat
306,Research Director,Clinical trial management software
306,Research Director,Critical Thinking
306,Research Director,Graphics software
307,Sales Executive,Adobe ActionScript
307,Sales Executive,Adobe Creative Cloud software
307,Sales Executive,Critical Thinking
307,Sales Executive,Monitoring
307,Sales Executive,Airtable
307,Sales Executive,Speaking
307,Sales Executive,Adobe Acrobat
307,Sales Executive,Reading Comprehension
307,Sales Executive,Apple Keynote
308,Manufacturing Director,Adobe Photoshop
308,Manufacturing Director,Active Listening
308,Manufacturing Director,Reading Comprehension
308,Manufacturing Director,ABB Optimize IT Predict & Control
308,Manufacturing Director,Adobe InDesign
308,Manufacturing Director,Speaking
308,Manufacturing Director,Monitoring
308,Manufacturing Director,Adobe Acrobat
309,Research Scientist,Amazon DynamoDB
309,Research Scientist,Critical Thinking
309,Research Scientist,3D graphics software
309,Research Scientist,Amazon Elastic Compute Cloud EC2
309,Research Scientist,Mathematics
309,Research Scientist,Algorithmic software
309,Research Scientist,Advanced numerical software
311,Sales Representative,Adobe Creative Cloud software
311,Sales Representative,Active Listening
311,Sales Representative,Adobe Illustrator
311,Sales Representative,Critical Thinking
311,Sales Representative,Adobe Acrobat
311,Sales Representative,Reading Comprehension
311,Sales Representative,Writing
311,Sales Representative,Adobe Dreamweaver
311,Sales Representative,Speaking
312,Sales Executive,Reading Comprehension
312,Sales Executive,Adobe ActionScript
312,Sales Executive,Apple Keynote
312,Sales Executive,Monitoring
312,Sales Executive,Speaking
312,Sales Executive,Active Listening
312,Sales Executive,Adobe Creative Cloud software
312,Sales Executive,Airtable
312,Sales Executive,Act!
314,Sales Executive,Reading Comprehension
314,Sales Executive,Speaking
314,Sales Executive,Active Listening
314,Sales Executive,Act!
314,Sales Executive,Adobe Creative Cloud software
314,Sales Executive,Monitoring
314,Sales Executive,Critical Thinking
314,Sales Executive,Apple Keynote
315,Research Scientist,Amazon DynamoDB
315,Research Scientist,Ada
315,Research Scientist,Advanced numerical software
315,Research Scientist,3D graphics software
315,Research Scientist,Reading Comprehension
315,Research Scientist,Active Learning
315,Research Scientist,Active Listening
316,Laboratory Technician,Linux
316,Laboratory Technician,Science
316,Laboratory Technician,Reading Comprehension
316,Laboratory Technician,C++
316,Laboratory Technician,Email software
316,Laboratory Technician,Microsoft Access
319,Manager,Speaking
319,Manager,Adobe Acrobat
319,Manager,ActionWare
319,Manager,Reading Comprehension
319,Manager,ADP Workforce Now
319,Manager,Active Listening
319,Manager,Adobe Creative Cloud software
319,Manager,Monitoring
319,Manager,Critical Thinking
321,Human Resources,Reading Comprehension
321,Human Resources,Adobe Acrobat
321,Human Resources,Adobe Human Capital Application Solution Accelerator
321,Human Resources,Writing
321,Human Resources,Critical Thinking
323,Manager,ADP Workforce Now
323,Manager,Critical Thinking
323,Manager,Adobe Creative Cloud software
323,Manager,Speaking
323,Manager,Reading Comprehension
323,Manager,ActionWare
323,Manager,Active Listening
323,Manager,Adobe Photoshop
323,Manager,Act!
325,Laboratory Technician,Critical Thinking
325,Laboratory Technician,Linux
325,Laboratory Technician,Writing
325,Laboratory Technician,C++
325,Laboratory Technician,Reading Comprehension
325,Laboratory Technician,Microsoft Access
327,Manager,Act!
327,Manager,Adobe Photoshop
327,Manager,ActionWare
327,Manager,Speaking
327,Manager,ADP Workforce Now
327,Manager,Monitoring
327,Manager,Adobe Creative Cloud software
328,Laboratory Technician,Science
328,Laboratory Technician,Writing
328,Laboratory Technician,Microsoft Access
328,Laboratory Technician,Email software
328,Laboratory Technician,Critical Thinking
328,Laboratory Technician,Database software
328,Laboratory Technician,C++
328,Laboratory Technician,Laboratory information management system LIMS
328,Laboratory Technician,Monitoring
329,Manager,Reading Comprehension
329,Manager,Critical Thinking
329,Manager,ActionWare
329,Manager,Speaking
329,Manager,Act!
329,Manager,Monitoring
329,Manager,Adobe Creative Cloud software
329,Manager,ADP Workforce Now
329,Manager,Adobe Photoshop
330,Sales Representative,Critical Thinking
330,Sales Representative,Reading Comprehension
330,Sales Representative,Active Listening
330,Sales Representative,Writing
330,Sales Representative,Adobe Acrobat
330,Sales Representative,3M Post-it App
330,Sales Representative,ACT! Premium
331,Laboratory Technician,Laboratory information management system LIMS
331,Laboratory Technician,Science
331,Laboratory Technician,Database software
331,Laboratory Technician,Reading Comprehension
331,Laboratory Technician,Linux
331,Laboratory Technician,Writing
332,Laboratory Technician,Linux
332,Laboratory Technician,Monitoring
332,Laboratory Technician,Email software
332,Laboratory Technician,Microsoft Access
332,Laboratory Technician,Writing
333,Sales Executive,Adobe ActionScript
333,Sales Executive,Adobe Acrobat
333,Sales Executive,Apple Keynote
333,Sales Executive,Active Listening
333,Sales Executive,Adobe Creative Cloud software
333,Sales Executive,Airtable
333,Sales Executive,Monitoring
333,Sales Executive,Act!
333,Sales Executive,Speaking
334,Research Scientist,Active Learning
334,Research Scientist,Amazon DynamoDB
334,Research Scientist,Reading Comprehension
334,Research Scientist,Ada
334,Research Scientist,Active Listening
334,Research Scientist,Advanced numerical software
334,Research Scientist,3D graphics software
334,Research Scientist,Amazon Elastic Compute Cloud EC2
335,Research Scientist,Advanced numerical software
335,Research Scientist,Reading Comprehension
335,Research Scientist,Active Learning
335,Research Scientist,Amazon DynamoDB
335,Research Scientist,Critical Thinking
335,Research Scientist,Ada
335,Research Scientist,Mathematics
335,Research Scientist,Active Listening
335,Research Scientist,3D graphics software
336,Manager,Adobe Photoshop
336,Manager,Act!
336,Manager,Adobe Acrobat
336,Manager,Active Listening
336,Manager,Adobe Creative Cloud software
336,Manager,Critical Thinking
336,Manager,Reading Comprehension
336,Manager,ActionWare
336,Manager,Speaking
336,Manager,Monitoring
337,Research Director,Science
337,Research Director,Graphics software
337,Research Director,Clinical trial management software
337,Research Director,ESRI ArcGIS software
337,Research Director,Reading Comprehension
337,Research Director,Active Listening
337,Research Director,IBM Lotus 1-2-3
337,Research Director,Critical Thinking
338,Research Scientist,Ada
338,Research Scientist,Critical Thinking
338,Research Scientist,3D graphics software
338,Research Scientist,Amazon Elastic Compute Cloud EC2
338,Research Scientist,Algorithmic software
339,Manufacturing Director,Adobe Photoshop
339,Manufacturing Director,Active Listening
339,Manufacturing Director,Monitoring
339,Manufacturing Director,Apple Final Cut Pro
339,Manufacturing Director,Adobe Acrobat
339,Manufacturing Director,Speaking
339,Manufacturing Director,ABB Optimize IT Predict & Control
339,Manufacturing Director,Adobe After Effects
339,Manufacturing Director,Reading Comprehension
339,Manufacturing Director,Adobe InDesign
340,Research Scientist,Mathematics
340,Research Scientist,Reading Comprehension
340,Research Scientist,Algorithmic software
340,Research Scientist,Active Learning
340,Research Scientist,Amazon DynamoDB
340,Research Scientist,Ada
340,Research Scientist,Advanced numerical software
341,Manufacturing Director,Adobe Photoshop
341,Manufacturing Director,Apple Final Cut Pro
341,Manufacturing Director,Critical Thinking
341,Manufacturing Director,Monitoring
341,Manufacturing Director,Adobe Acrobat
341,Manufacturing Director,ABB Optimize IT Predict & Control
341,Manufacturing Director,Adobe After Effects
341,Manufacturing Director,Speaking
342,Manufacturing Director,Adobe Acrobat
342,Manufacturing Director,Adobe Photoshop
342,Manufacturing Director,Monitoring
342,Manufacturing Director,Adobe InDesign
342,Manufacturing Director,Reading Comprehension
342,Manufacturing Director,Critical Thinking
342,Manufacturing Director,Speaking
343,Healthcare Representative,Active Listening
343,Healthcare Representative,Speaking
343,Healthcare Representative,Adobe Acrobat
343,Healthcare Representative,American Medical Association CodeManager
343,Healthcare Representative,Critical Thinking
343,Healthcare Representative,AcuStaf
343,Healthcare Representative,Monitoring
343,Healthcare Representative,Allscripts healthcare automation software
343,Healthcare Representative,3DGrid HIPAA Checkup
346,Research Scientist,Active Learning
346,Research Scientist,Amazon Elastic Compute Cloud EC2
346,Research Scientist,Ada
346,Research Scientist,Algorithmic software
346,Research Scientist,3D graphics software
346,Research Scientist,Active Listening
346,Research Scientist,Critical Thinking
346,Research Scientist,Amazon DynamoDB
346,Research Scientist,Mathematics
347,Research Scientist,Mathematics
347,Research Scientist,Active Listening
347,Research Scientist,Advanced numerical software
347,Research Scientist,Amazon Elastic Compute Cloud EC2
347,Research Scientist,Algorithmic software
347,Research Scientist,3D graphics software
347,Research Scientist,Ada
347,Research Scientist,Active Learning
349,Sales Executive,Apple Keynote
349,Sales Executive,Monitoring
349,Sales Executive,Adobe Acrobat
349,Sales Executive,Active Listening
349,Sales Executive,Adobe Creative Cloud software
349,Sales Executive,Airtable
349,Sales Executive,Speaking
349,Sales Executive,Adobe ActionScript
350,Manufacturing Director,Reading Comprehension
350,Manufacturing Director,Adobe Acrobat
350,Manufacturing Director,Apple Final Cut Pro
350,Manufacturing Director,Adobe InDesign
350,Manufacturing Director,ABB Optimize IT Predict & Control
350,Manufacturing Director,Adobe After Effects
350,Manufacturing Director,Adobe Photoshop
351,Laboratory Technician,Critical Thinking
351,Laboratory Technician,Science
351,Laboratory Technician,Monitoring
351,Laboratory Technician,Microsoft Access
351,Laboratory Technician,Laboratory information management system LIMS
351,Laboratory Technician,Reading Comprehension
351,Laboratory Technician,Database software
351,Laboratory Technician,Email software
352,Research Director,Adobe Acrobat
352,Research Director,Graphics software
352,Research Director,Clinical trial management software
352,Research Director,Reading Comprehension
352,Research Director,Writing
352,Research Director,Adobe Photoshop
352,Research Director,Science
352,Research Director,IBM Lotus 1-2-3
352,Research Director,Active Listening
352,Research Director,ESRI ArcGIS software
353,Research Scientist,Active Listening
353,Research Scientist,Algorithmic software
353,Research Scientist,Critical Thinking
353,Research Scientist,Amazon DynamoDB
353,Research Scientist,Ada
353,Research Scientist,Advanced numerical software
355,Laboratory Technician,Microsoft Access
355,Laboratory Technician,C++
355,Laboratory Technician,Database software
355,Laboratory Technician,Email software
355,Laboratory Technician,Critical Thinking
355,Laboratory Technician,Laboratory information management system LIMS
355,Laboratory Technician,Science
359,Laboratory Technician,Laboratory information management system LIMS
359,Laboratory Technician,Monitoring
359,Laboratory Technician,Email software
359,Laboratory Technician,Microsoft Access
359,Laboratory Technician,C++
359,Laboratory Technician,Science
361,Sales Executive,Apple Keynote
361,Sales Executive,Speaking
361,Sales Executive,Act!
361,Sales Executive,Active Listening
361,Sales Executive,Adobe Acrobat
361,Sales Executive,Critical Thinking
361,Sales Executive,Airtable
361,Sales Executive,Monitoring
362,Laboratory Technician,Writing
362,Laboratory Technician,Microsoft Access
362,Laboratory Technician,Linux
362,Laboratory Technician,Monitoring
362,Laboratory Technician,Science
362,Laboratory Technician,Laboratory information management system LIMS
362,Laboratory Technician,C++
362,Laboratory Technician,Critical Thinking
363,Manager,Act!
363,Manager,Adobe Creative Cloud software
363,Manager,ActionWare
363,Manager,Critical Thinking
363,Manager,Active Listening
363,Manager,Speaking
363,Manager,Adobe Photoshop
363,Manager,Monitoring
364,Laboratory Technician,Laboratory information management system LIMS
364,Laboratory Technician,Science
364,Laboratory Technician,Database software
364,Laboratory Technician,Microsoft Access
364,Laboratory Technician,Linux
364,Laboratory Technician,Monitoring
366,Sales Executive,Act!
366,Sales Executive,Adobe ActionScript
366,Sales Executive,Monitoring
366,Sales Executive,Reading Comprehension
366,Sales Executive,Adobe Creative Cloud software
366,Sales Executive,Airtable
367,Healthcare Representative,3DGrid HIPAA Checkup
367,Healthcare Representative,Adobe Acrobat
367,Healthcare Representative,AcuStaf
367,Healthcare Representative,Speaking
367,Healthcare Representative,Monitoring
367,Healthcare Representative,American Medical Association CodeManager
367,Healthcare Representative,Active Listening
367,Healthcare Representative,Critical Thinking
369,Healthcare Representative,Speaking
369,Healthcare Representative,Allscripts healthcare automation software
369,Healthcare Representative,3DGrid HIPAA Checkup
369,Healthcare Representative,Monitoring
369,Healthcare Representative,Active Listening
369,Healthcare Representative,American Medical Association CodeManager
369,Healthcare Representative,Reading Comprehension
369,Healthcare Representative,Adobe Acrobat
369,Healthcare Representative,Alteer Office
369,Healthcare Representative,Critical Thinking
372,Healthcare Representative,Speaking
372,Healthcare Representative,Monitoring
372,Healthcare Representative,Reading Comprehension
372,Healthcare Representative,Allscripts healthcare automation software
372,Healthcare Representative,Adobe Acrobat
372,Healthcare Representative,AcuStaf
372,Healthcare Representative,American Medical Association CodeManager
373,Laboratory Technician,Science
373,Laboratory Technician,Writing
373,Laboratory Technician,Database software
373,Laboratory Technician,Microsoft Access
373,Laboratory Technician,Monitoring
373,Laboratory Technician,Reading Comprehension
373,Laboratory Technician,Email software
373,Laboratory Technician,Linux
374,Manager,ActionWare
374,Manager,Adobe Photoshop
374,Manager,Monitoring
374,Manager,Reading Comprehension
374,Manager,Critical Thinking
374,Manager,Active Listening
374,Manager,Adobe Creative Cloud software
376,Manager,Speaking
376,Manager,Active Listening
376,Manager,Monitoring
376,Manager,ActionWare
376,Manager,ADP Workforce Now
376,Manager,Adobe Photoshop
376,Manager,Critical Thinking
376,Manager,Adobe Creative Cloud software
376,Manager,Adobe Acrobat
376,Manager,Act!
377,Research Scientist,Mathematics
377,Research Scientist,Amazon Elastic Compute Cloud EC2
377,Research Scientist,3D graphics software
377,Research Scientist,Active Listening
377,Research Scientist,Reading Comprehension
377,Research Scientist,Algorithmic software
377,Research Scientist,Critical Thinking
377,Research Scientist,Ada
377,Research Scientist,Active Learning
378,Sales Executive,Critical Thinking
378,Sales Executive,Adobe ActionScript
378,Sales Executive,Adobe Creative Cloud software
378,Sales Executive,Apple Keynote
378,Sales Executive,Active Listening
378,Sales Executive,Speaking
378,Sales Executive,Monitoring
378,Sales Executive,Airtable
379,Research Scientist,Critical Thinking
379,Research Scientist,Reading Comprehension
379,Research Scientist,Mathematics
379,Research Scientist,3D graphics software
379,Research Scientist,Active Learning
379,Research Scientist,Ada
379,Research Scientist,Active Listening
379,Research Scientist,Algorithmic software
380,Research Director,Reading Comprehension
380,Research Director,Critical Thinking
380,Research Director,Writing
380,Research Director,Graphics software
380,Research Director,Adobe Acrobat
380,Research Director,Adobe Photoshop
380,Research Director,Active Listening
380,Research Director,IBM Lotus 1-2-3
381,Manager,Adobe Creative Cloud software
381,Manager,Adobe Photoshop
381,Manager,Critical Thinking
381,Manager,ADP Workforce Now
381,Manager,ActionWare
381,Manager,Reading Comprehension
381,Manager,Active Listening
381,Manager,Act!
381,Manager,Adobe Acrobat
381,Manager,Monitoring
382,Sales Executive,Airtable
382,Sales Executive,Active Listening
382,Sales Executive,Monitoring
382,Sales Executive,Adobe Creative Cloud software
382,Sales Executive,Speaking
382,Sales Executive,Adobe Acrobat
382,Sales Executive,Adobe ActionScript
382,Sales Executive,Act!
382,Sales Executive,Reading Comprehension
384,Manufacturing Director,Adobe Photoshop
384,Manufacturing Director,Speaking
384,Manufacturing Director,Active Listening
384,Manufacturing Director,Critical Thinking
384,Manufacturing Director,Adobe InDesign
384,Manufacturing Director,ABB Optimize IT Predict & Control
384,Manufacturing Director,Adobe After Effects
384,Manufacturing Director,Reading Comprehension
384,Manufacturing Director,Apple Final Cut Pro
385,Research Director,Graphics software
385,Research Director,Clinical trial management software
385,Research Director,Science
385,Research Director,Adobe Acrobat
385,Research Director,IBM Lotus 1-2-3
385,Research Director,Active Listening
385,Research Director,Reading Comprehension
385,Research Director,Writing
385,Research Director,ESRI ArcGIS software
386,Research Director,Adobe Photoshop
386,Research Director,IBM Lotus 1-2-3
386,Research Director,Reading Comprehension
386,Research Director,Clinical trial management software
386,Research Director,Graphics software
386,Research Director,Science
386,Research Director,Adobe Acrobat
387,Sales Executive,Monitoring
387,Sales Executive,Adobe Acrobat
387,Sales Executive,Apple Keynote
387,Sales Executive,Airtable
387,Sales Executive,Reading Comprehension
387,Sales Executive,Speaking
387,Sales Executive,Act!
387,Sales Executive,Active Listening
387,Sales Executive,Adobe ActionScript
387,Sales Executive,Critical Thinking
388,Sales Executive,Apple Keynote
388,Sales Executive,Act!
388,Sales Executive,Adobe Acrobat
388,Sales Executive,Adobe Creative Cloud software
388,Sales Executive,Active Listening
388,Sales Executive,Reading Comprehension
388,Sales Executive,Speaking
388,Sales Executive,Critical Thinking
389,Laboratory Technician,Linux
389,Laboratory Technician,Critical Thinking
389,Laboratory Technician,Reading Comprehension
389,Laboratory Technician,Writing
389,Laboratory Technician,Monitoring
389,Laboratory Technician,Science
389,Laboratory Technician,C++
389,Laboratory Technician,Email software
390,Healthcare Representative,3DGrid HIPAA Checkup
390,Healthcare Representative,Alteer Office
390,Healthcare Representative,Adobe Acrobat
390,Healthcare Representative,Allscripts healthcare automation software
390,Healthcare Representative,American Medical Association CodeManager
390,Healthcare Representative,AcuStaf
390,Healthcare Representative,Active Listening
390,Healthcare Representative,Reading Comprehension
390,Healthcare Representative,Monitoring
390,Healthcare Representative,Critical Thinking
391,Research Scientist,Mathematics
391,Research Scientist,3D graphics software
391,Research Scientist,Amazon DynamoDB
391,Research Scientist,Critical Thinking
391,Research Scientist,Amazon Elastic Compute Cloud EC2
391,Research Scientist,Reading Comprehension
391,Research Scientist,Algorithmic software
391,Research Scientist,Ada
392,Laboratory Technician,Database software
392,Laboratory Technician,Linux
392,Laboratory Technician,Science
392,Laboratory Technician,Critical Thinking
392,Laboratory Technician,Writing
393,Healthcare Representative,Allscripts healthcare automation software
393,Healthcare Representative,Monitoring
393,Healthcare Representative,American Medical Association CodeManager
393,Healthcare Representative,Reading Comprehension
393,Healthcare Representative,Adobe Acrobat
393,Healthcare Representative,AcuStaf
393,Healthcare Representative,Alteer Office
393,Healthcare Representative,3DGrid HIPAA Checkup
394,Laboratory Technician,Critical Thinking
394,Laboratory Technician,Linux
394,Laboratory Technician,Science
394,Laboratory Technician,Microsoft Access
394,Laboratory Technician,Laboratory information management system LIMS
394,Laboratory Technician,Database software
395,Research Scientist,Active Listening
395,Research Scientist,Algorithmic software
395,Research Scientist,Critical Thinking
395,Research Scientist,Mathematics
395,Research Scientist,Advanced numerical software
395,Research Scientist,Reading Comprehension
395,Research Scientist,Active Learning
396,Research Director,Adobe Acrobat
396,Research Director,Science
396,Research Director,Critical Thinking
396,Research Director,Clinical trial management software
396,Research Director,Graphics software
396,Research Director,Reading Comprehension
396,Research Director,IBM Lotus 1-2-3
396,Research Director,Writing
396,Research Director,ESRI ArcGIS software
396,Research Director,Adobe Photoshop
397,Research Scientist,Reading Comprehension
397,Research Scientist,Critical Thinking
397,Research Scientist,Amazon DynamoDB
397,Research Scientist,Algorithmic software
397,Research Scientist,Ada
397,Research Scientist,Amazon Elastic Compute Cloud EC2
397,Research Scientist,Active Learning
397,Research Scientist,Advanced numerical software
399,Sales Representative,Adobe Dreamweaver
399,Sales Representative,Speaking
399,Sales Representative,ACT! Premium
399,Sales Representative,Reading Comprehension
399,Sales Representative,Adobe Acrobat
401,Sales Executive,Airtable
401,Sales Executive,Speaking
401,Sales Executive,Apple Keynote
401,Sales Executive,Reading Comprehension
401,Sales Executive,Adobe ActionScript
401,Sales Executive,Critical Thinking
401,Sales Executive,Adobe Acrobat
401,Sales Executive,Monitoring
401,Sales Executive,Act!
401,Sales Executive,Adobe Creative Cloud software
403,Research Scientist,Amazon Elastic Compute Cloud EC2
403,Research Scientist,3D graphics software
403,Research Scientist,Active Learning
403,Research Scientist,Ada
403,Research Scientist,Reading Comprehension
403,Research Scientist,Advanced numerical software
403,Research Scientist,Active Listening
404,Sales Executive,Act!
404,Sales Executive,Adobe Acrobat
404,Sales Executive,Airtable
404,Sales Executive,Apple Keynote
404,Sales Executive,Critical Thinking
404,Sales Executive,Adobe ActionScript
404,Sales Executive,Active Listening
404,Sales Executive,Monitoring
405,Laboratory Technician,Microsoft Access
405,Laboratory Technician,Database software
405,Laboratory Technician,Science
405,Laboratory Technician,Critical Thinking
406,Sales Executive,Monitoring
406,Sales Executive,Adobe ActionScript
406,Sales Executive,Airtable
406,Sales Executive,Active Listening
406,Sales Executive,Speaking
406,Sales Executive,Critical Thinking
406,Sales Executive,Adobe Creative Cloud software
406,Sales Executive,Act!
406,Sales Executive,Reading Comprehension
407,Laboratory Technician,Writing
407,Laboratory Technician,Reading Comprehension
407,Laboratory Technician,Monitoring
407,Laboratory Technician,Critical Thinking
407,Laboratory Technician,Linux
407,Laboratory Technician,C++
408,Manufacturing Director,Adobe Acrobat
408,Manufacturing Director,Adobe InDesign
408,Manufacturing Director,Apple Final Cut Pro
408,Manufacturing Director,Reading Comprehension
408,Manufacturing Director,ABB Optimize IT Predict & Control
408,Manufacturing Director,Monitoring
408,Manufacturing Director,Critical Thinking
408,Manufacturing Director,Active Listening
410,Manager,ADP Workforce Now
410,Manager,Adobe Photoshop
410,Manager,Act!
410,Manager,Monitoring
410,Manager,Adobe Creative Cloud software
410,Manager,ActionWare
410,Manager,Critical Thinking
410,Manager,Active Listening
410,Manager,Adobe Acrobat
411,Sales Representative,3M Post-it App
411,Sales Representative,Adobe Illustrator
411,Sales Representative,Adobe Creative Cloud software
411,Sales Representative,Critical Thinking
411,Sales Representative,Speaking
411,Sales Representative,Adobe Dreamweaver
412,Healthcare Representative,Active Listening
412,Healthcare Representative,AcuStaf
412,Healthcare Representative,Monitoring
412,Healthcare Representative,3DGrid HIPAA Checkup
412,Healthcare Representative,Speaking
412,Healthcare Representative,Alteer Office
412,Healthcare Representative,American Medical Association CodeManager
412,Healthcare Representative,Allscripts healthcare automation software
416,Sales Executive,Active Listening
416,Sales Executive,Act!
416,Sales Executive,Adobe Creative Cloud software
416,Sales Executive,Critical Thinking
416,Sales Executive,Adobe Acrobat
416,Sales Executive,Airtable
416,Sales Executive,Reading Comprehension
416,Sales Executive,Adobe ActionScript
416,Sales Executive,Monitoring
416,Sales Executive,Speaking
417,Healthcare Representative,Adobe Acrobat
417,Healthcare Representative,3DGrid HIPAA Checkup
417,Healthcare Representative,Allscripts healthcare automation software
417,Healthcare Representative,Speaking
417,Healthcare Representative,American Medical Association CodeManager
417,Healthcare Representative,Reading Comprehension
417,Healthcare Representative,Active Listening
417,Healthcare Representative,Monitoring
419,Laboratory Technician,Monitoring
419,Laboratory Technician,Reading Comprehension
419,Laboratory Technician,Linux
419,Laboratory Technician,C++
419,Laboratory Technician,Laboratory information management system LIMS
419,Laboratory Technician,Microsoft Access
419,Laboratory Technician,Email software
419,Laboratory Technician,Critical Thinking
419,Laboratory Technician,Writing
419,Laboratory Technician,Science
420,Sales Executive,Apple Keynote
420,Sales Executive,Act!
420,Sales Executive,Airtable
420,Sales Executive,Active Listening
420,Sales Executive,Adobe Creative Cloud software
420,Sales Executive,Adobe Acrobat
420,Sales Executive,Monitoring
420,Sales Executive,Reading Comprehension
420,Sales Executive,Adobe ActionScript
421,Research Director,Adobe Photoshop
421,Research Director,Reading Comprehension
421,Research Director,Active Listening
421,Research Director,Adobe Acrobat
421,Research Director,Graphics software
421,Research Director,Critical Thinking
421,Research Director,Clinical trial management software
421,Research Director,Writing
421,Research Director,IBM Lotus 1-2-3
421,Research Director,ESRI ArcGIS software
422,Healthcare Representative,Alteer Office
422,Healthcare Representative,Adobe Acrobat
422,Healthcare Representative,Critical Thinking
422,Healthcare Representative,Active Listening
422,Healthcare Representative,Reading Comprehension
422,Healthcare Representative,American Medical Association CodeManager
422,Healthcare Representative,3DGrid HIPAA Checkup
422,Healthcare Representative,Monitoring
422,Healthcare Representative,Speaking
422,Healthcare Representative,AcuStaf
423,Research Scientist,Amazon DynamoDB
423,Research Scientist,Ada
423,Research Scientist,Amazon Elastic Compute Cloud EC2
423,Research Scientist,Mathematics
423,Research Scientist,Reading Comprehension
423,Research Scientist,Active Listening
423,Research Scientist,3D graphics software
423,Research Scientist,Algorithmic software
423,Research Scientist,Active Learning
424,Human Resources,Reading Comprehension
424,Human Resources,Critical Thinking
424,Human Resources,Adobe Human Capital Application Solution Accelerator
424,Human Resources,Active Listening
424,Human Resources,Adobe Dreamweaver
424,Human Resources,Adobe Creative Cloud software
424,Human Resources,Speaking
425,Laboratory Technician,Email software
425,Laboratory Technician,Linux
425,Laboratory Technician,Microsoft Access
425,Laboratory Technician,Laboratory information management system LIMS
425,Laboratory Technician,Critical Thinking
425,Laboratory Technician,C++
425,Laboratory Technician,Monitoring
425,Laboratory Technician,Science
425,Laboratory Technician,Database software
425,Laboratory Technician,Reading Comprehension
426,Research Scientist,3D graphics software
426,Research Scientist,Active Listening
426,Research Scientist,Mathematics
426,Research Scientist,Amazon DynamoDB
426,Research Scientist,Active Learning
426,Research Scientist,Amazon Elastic Compute Cloud EC2
426,Research Scientist,Critical Thinking
428,Manager,Monitoring
428,Manager,Adobe Creative Cloud software
428,Manager,ADP Workforce Now
428,Manager,Speaking
428,Manager,Act!
428,Manager,Active Listening
428,Manager,Adobe Photoshop
428,Manager,Reading Comprehension
429,Manager,Adobe Photoshop
429,Manager,Adobe Acrobat
429,Manager,ActionWare
429,Manager,Reading Comprehension
429,Manager,ADP Workforce Now
429,Manager,Critical Thinking
429,Manager,Act!
429,Manager,Adobe Creative Cloud software
429,Manager,Active Listening
430,Laboratory Technician,Laboratory information management system LIMS
430,Laboratory Technician,Writing
430,Laboratory Technician,Linux
430,Laboratory Technician,Microsoft Access
430,Laboratory Technician,Email software
430,Laboratory Technician,Database software
430,Laboratory Technician,Reading Comprehension
431,Healthcare Representative,Monitoring
431,Healthcare Representative,Adobe Acrobat
431,Healthcare Representative,Critical Thinking
431,Healthcare Representative,AcuStaf
431,Healthcare Representative,Reading Comprehension
431,Healthcare Representative,Allscripts healthcare automation software
431,Healthcare Representative,3DGrid HIPAA Checkup
431,Healthcare Representative,Active Listening
433,Research Scientist,Algorithmic software
433,Research Scientist,Advanced numerical software
433,Research Scientist,Active Learning
433,Research Scientist,Critical Thinking
433,Research Scientist,Active Listening
433,Research Scientist,3D graphics software
433,Research Scientist,Ada
433,Research Scientist,Reading Comprehension
434,Research Scientist,Critical Thinking
434,Research Scientist,Reading Comprehension
434,Research Scientist,Ada
434,Research Scientist,Algorithmic software
434,Research Scientist,Advanced numerical software
436,Sales Executive,Airtable
436,Sales Executive,Adobe Creative Cloud software
436,Sales Executive,Monitoring
436,Sales Executive,Reading Comprehension
436,Sales Executive,Apple Keynote
436,Sales Executive,Active Listening
436,Sales Executive,Adobe ActionScript
436,Sales Executive,Speaking
436,Sales Executive,Adobe Acrobat
437,Sales Executive,Active Listening
437,Sales Executive,Airtable
437,Sales Executive,Act!
437,Sales Executive,Adobe Creative Cloud software
437,Sales Executive,Adobe ActionScript
437,Sales Executive,Monitoring
437,Sales Executive,Speaking
438,Sales Executive,Act!
438,Sales Executive,Adobe Acrobat
438,Sales Executive,Adobe ActionScript
438,Sales Executive,Apple Keynote
438,Sales Executive,Airtable
438,Sales Executive,Adobe Creative Cloud software
438,Sales Executive,Monitoring
438,Sales Executive,Critical Thinking
439,Research Scientist,Amazon Elastic Compute Cloud EC2
439,Research Scientist,Algorithmic software
439,Research Scientist,Critical Thinking
439,Research Scientist,3D graphics software
439,Research Scientist,Active Learning
439,Research Scientist,Advanced numerical software
439,Research Scientist,Active Listening
439,Research Scientist,Amazon DynamoDB
439,Research Scientist,Ada
439,Research Scientist,Mathematics
440,Research Scientist,Advanced numerical software
440,Research Scientist,Ada
440,Research Scientist,Active Learning
440,Research Scientist,Algorithmic software
440,Research Scientist,Active Listening
441,Research Scientist,Reading Comprehension
441,Research Scientist,Ada
441,Research Scientist,Amazon Elastic Compute Cloud EC2
441,Research Scientist,Algorithmic software
441,Research Scientist,Critical Thinking
441,Research Scientist,3D graphics software
441,Research Scientist,Amazon DynamoDB
441,Research Scientist,Active Listening
441,Research Scientist,Advanced numerical software
441,Research Scientist,Active Learning
442,Manufacturing Director,Reading Comprehension
442,Manufacturing Director,Monitoring
442,Manufacturing Director,Speaking
442,Manufacturing Director,Adobe InDesign
442,Manufacturing Director,Apple Final Cut Pro
442,Manufacturing Director,Critical Thinking
442,Manufacturing Director,Adobe After Effects
442,Manufacturing Director,Adobe Acrobat
442,Manufacturing Director,ABB Optimize IT Predict & Control
442,Manufacturing Director,Active Listening
444,Manager,ADP Workforce Now
444,Manager,Reading Comprehension
444,Manager,Act!
444,Manager,Adobe Acrobat
444,Manager,Critical Thinking
444,Manager,Adobe Photoshop
444,Manager,Active Listening
444,Manager,Monitoring
444,Manager,Speaking
445,Sales Executive,Active Listening
445,Sales Executive,Adobe Creative Cloud software
445,Sales Executive,Critical Thinking
445,Sales Executive,Act!
445,Sales Executive,Apple Keynote
445,Sales Executive,Monitoring
446,Sales Executive,Reading Comprehension
446,Sales Executive,Monitoring
446,Sales Executive,Active Listening
446,Sales Executive,Adobe Acrobat
446,Sales Executive,Adobe Creative Cloud software
446,Sales Executive,Critical Thinking
446,Sales Executive,Apple Keynote
446,Sales Executive,Airtable
446,Sales Executive,Act!
446,Sales Executive,Speaking
447,Research Director,Adobe Photoshop
447,Research Director,Reading Comprehension
447,Research Director,Active Listening
447,Research Director,Critical Thinking
447,Research Director,IBM Lotus 1-2-3
447,Research Director,ESRI ArcGIS software
447,Research Director,Clinical trial management software
447,Research Director,Writing
447,Research Director,Graphics software
447,Research Director,Adobe Acrobat
448,Laboratory Technician,Database software
448,Laboratory Technician,Writing
448,Laboratory Technician,Microsoft Access
448,Laboratory Technician,Monitoring
448,Laboratory Technician,Linux
448,Laboratory Technician,Science
448,Laboratory Technician,C++
448,Laboratory Technician,Reading Comprehension
449,Sales Executive,Active Listening
449,Sales Executive,Apple Keynote
449,Sales Executive,Act!
449,Sales Executive,Critical Thinking
449,Sales Executive,Adobe Creative Cloud software
449,Sales Executive,Reading Comprehension
449,Sales Executive,Monitoring
449,Sales Executive,Speaking
449,Sales Executive,Airtable
449,Sales Executive,Adobe Acrobat
450,Research Scientist,Algorithmic software
450,Research Scientist,3D graphics software
450,Research Scientist,Critical Thinking
450,Research Scientist,Reading Comprehension
450,Research Scientist,Amazon DynamoDB
450,Research Scientist,Ada
451,Healthcare Representative,Critical Thinking
451,Healthcare Representative,Alteer Office
451,Healthcare Representative,American Medical Association CodeManager
451,Healthcare Representative,Reading Comprehension
451,Healthcare Representative,Speaking
451,Healthcare Representative,Adobe Acrobat
452,Research Scientist,Algorithmic software
452,Research Scientist,Amazon DynamoDB
452,Research Scientist,Active Listening
452,Research Scientist,Mathematics
452,Research Scientist,Ada
452,Research Scientist,Active Learning
452,Research Scientist,Amazon Elastic Compute Cloud EC2
452,Research Scientist,Advanced numerical software
452,Research Scientist,3D graphics software
452,Research Scientist,Reading Comprehension
453,Sales Executive,Reading Comprehension
453,Sales Executive,Critical Thinking
453,Sales Executive,Monitoring
453,Sales Executive,Adobe Creative Cloud software
453,Sales Executive,Apple Keynote
453,Sales Executive,Act!
454,Laboratory Technician,Critical Thinking
454,Laboratory Technician,Writing
454,Laboratory Technician,Linux
454,Laboratory Technician,Reading Comprehension
454,Laboratory Technician,Email software
454,Laboratory Technician,Database software
454,Laboratory Technician,Monitoring
454,Laboratory Technician,C++
455,Laboratory Technician,Linux
455,Laboratory Technician,Reading Comprehension
455,Laboratory Technician,Monitoring
455,Laboratory Technician,Writing
455,Laboratory Technician,Email software
455,Laboratory Technician,Critical Thinking
455,Laboratory Technician,Microsoft Access
456,Sales Executive,Airtable
456,Sales Executive,Adobe ActionScript
456,Sales Executive,Speaking
456,Sales Executive,Monitoring
456,Sales Executive,Adobe Creative Cloud software
456,Sales Executive,Act!
456,Sales Executive,Adobe Acrobat
456,Sales Executive,Critical Thinking
456,Sales Executive,Reading Comprehension
458,Sales Executive,Apple Keynote
458,Sales Executive,Act!
458,Sales Executive,Critical Thinking
458,Sales Executive,Reading Comprehension
458,Sales Executive,Monitoring
458,Sales Executive,Speaking
458,Sales Executive,Adobe Creative Cloud software
458,Sales Executive,Adobe ActionScript
458,Sales Executive,Airtable
458,Sales Executive,Active Listening
460,Manufacturing Director,Reading Comprehension
460,Manufacturing Director,Active Listening
460,Manufacturing Director,Adobe InDesign
460,Manufacturing Director,Speaking
460,Manufacturing Director,Apple Final Cut Pro
460,Manufacturing Director,Adobe Acrobat
460,Manufacturing Director,ABB Optimize IT Predict & Control
461,Research Director,IBM Lotus 1-2-3
461,Research Director,Active Listening
461,Research Director,Science
461,Research Director,Adobe Acrobat
461,Research Director,Clinical trial management software
461,Research Director,Adobe Photoshop
461,Research Director,Writing
462,Manufacturing Director,Reading Comprehension
462,Manufacturing Director,Apple Final Cut Pro
462,Manufacturing Director,Adobe Acrobat
462,Manufacturing Director,Adobe After Effects
462,Manufacturing Director,Adobe InDesign
462,Manufacturing Director,Active Listening
462,Manufacturing Director,ABB Optimize IT Predict & Control
462,Manufacturing Director,Monitoring
462,Manufacturing Director,Adobe Photoshop
463,Sales Executive,Airtable
463,Sales Executive,Reading Comprehension
463,Sales Executive,Apple Keynote
463,Sales Executive,Speaking
463,Sales Executive,Act!
463,Sales Executive,Critical Thinking
463,Sales Executive,Active Listening
464,Manufacturing Director,Critical Thinking
464,Manufacturing Director,Adobe InDesign
464,Manufacturing Director,Speaking
464,Manufacturing Director,Reading Comprehension
464,Manufacturing Director,Adobe After Effects
464,Manufacturing Director,ABB Optimize IT Predict & Control
464,Manufacturing Director,Adobe Photoshop
464,Manufacturing Director,Adobe Acrobat
464,Manufacturing Director,Active Listening
464,Manufacturing Director,Monitoring
465,Research Scientist,Algorithmic software
465,Research Scientist,Critical Thinking
465,Research Scientist,Advanced numerical software
465,Research Scientist,Reading Comprehension
465,Research Scientist,Amazon Elastic Compute Cloud EC2
465,Research Scientist,Active Listening
465,Research Scientist,Ada
466,Manufacturing Director,Active Listening
466,Manufacturing Director,ABB Optimize IT Predict & Control
466,Manufacturing Director,Apple Final Cut Pro
466,Manufacturing Director,Adobe After Effects
466,Manufacturing Director,Adobe Photoshop
466,Manufacturing Director,Critical Thinking
466,Manufacturing Director,Reading Comprehension
467,Sales Representative,Speaking
467,Sales Representative,Writing
467,Sales Representative,Critical Thinking
467,Sales Representative,ACT! Premium
467,Sales Representative,Reading Comprehension
468,Research Director,Reading Comprehension
468,Research Director,Critical Thinking
468,Research Director,Adobe Acrobat
468,Research Director,IBM Lotus 1-2-3
468,Research Director,Writing
468,Research Director,Science
469,Sales Executive,Active Listening
469,Sales Executive,Apple Keynote
469,Sales Executive,Adobe Creative Cloud software
469,Sales Executive,Speaking
469,Sales Executive,Adobe Acrobat
469,Sales Executive,Critical Thinking
470,Human Resources,Adobe Dreamweaver
470,Human Resources,Reading Comprehension
470,Human Resources,Speaking
470,Human Resources,Adobe Illustrator
470,Human Resources,Active Listening
471,Laboratory Technician,Database software
471,Laboratory Technician,Email software
471,Laboratory Technician,Monitoring
471,Laboratory Technician,Laboratory information management system LIMS
471,Laboratory Technician,Reading Comprehension
471,Laboratory Technician,Microsoft Access
471,Laboratory Technician,Linux
471,Laboratory Technician,Writing
471,Laboratory Technician,Science
471,Laboratory Technician,C++
473,Manager,ADP Workforce Now
473,Manager,ActionWare
473,Manager,Adobe Creative Cloud software
473,Manager,Monitoring
473,Manager,Adobe Photoshop
473,Manager,Active Listening
474,Research Scientist,Mathematics
474,Research Scientist,3D graphics software
474,Research Scientist,Amazon DynamoDB
474,Research Scientist,Amazon Elastic Compute Cloud EC2
474,Research Scientist,Reading Comprehension
474,Research Scientist,Algorithmic software
474,Research Scientist,Critical Thinking
474,Research Scientist,Active Listening
474,Research Scientist,Advanced numerical software
474,Research Scientist,Active Learning
475,Sales Executive,Reading Comprehension
475,Sales Executive,Airtable
475,Sales Executive,Speaking
475,Sales Executive,Adobe ActionScript
475,Sales Executive,Monitoring
475,Sales Executive,Apple Keynote
475,Sales Executive,Adobe Acrobat
475,Sales Executive,Act!
476,Sales Executive,Act!
476,Sales Executive,Active Listening
476,Sales Executive,Adobe ActionScript
476,Sales Executive,Monitoring
476,Sales Executive,Speaking
476,Sales Executive,Apple Keynote
476,Sales Executive,Adobe Acrobat
476,Sales Executive,Airtable
477,Healthcare Representative,Active Listening
477,Healthcare Representative,Critical Thinking
477,Healthcare Representative,AcuStaf
477,Healthcare Representative,American Medical Association CodeManager
477,Healthcare Representative,Monitoring
477,Healthcare Representative,Speaking
477,Healthcare Representative,3DGrid HIPAA Checkup
478,Sales Representative,Writing
478,Sales Representative,Critical Thinking
478,Sales Representative,Active Listening
478,Sales Representative,3M Post-it App
478,Sales Representative,Adobe Creative Cloud software
479,Sales Executive,Adobe Acrobat
479,Sales Executive,Critical Thinking
479,Sales Executive,Adobe Creative Cloud software
479,Sales Executive,Apple Keynote
479,Sales Executive,Airtable
479,Sales Executive,Speaking
479,Sales Executive,Adobe ActionScript
481,Sales Executive,Monitoring
481,Sales Executive,Active Listening
481,Sales Executive,Act!
481,Sales Executive,Adobe ActionScript
481,Sales Executive,Reading Comprehension
481,Sales Executive,Adobe Acrobat
481,Sales Executive,Critical Thinking
481,Sales Executive,Apple Keynote
481,Sales Executive,Speaking
481,Sales Executive,Airtable
482,Healthcare Representative,Active Listening
482,Healthcare Representative,Reading Comprehension
482,Healthcare Representative,AcuStaf
482,Healthcare Representative,Speaking
482,Healthcare Representative,Alteer Office
482,Healthcare Representative,Allscripts healthcare automation software
482,Healthcare Representative,Adobe Acrobat
482,Healthcare Representative,3DGrid HIPAA Checkup
483,Laboratory Technician,C++
483,Laboratory Technician,Email software
483,Laboratory Technician,Laboratory information management system LIMS
483,Laboratory Technician,Reading Comprehension
483,Laboratory Technician,Microsoft Access
483,Laboratory Technician,Database software
483,Laboratory Technician,Writing
483,Laboratory Technician,Monitoring
483,Laboratory Technician,Critical Thinking
484,Sales Representative,Active Listening
484,Sales Representative,Critical Thinking
484,Sales Representative,Reading Comprehension
484,Sales Representative,ACT! Premium
484,Sales Representative,Adobe Dreamweaver
484,Sales Representative,Adobe Acrobat
484,Sales Representative,Adobe Creative Cloud software
484,Sales Representative,3M Post-it App
485,Sales Representative,Adobe Dreamweaver
485,Sales Representative,Speaking
485,Sales Representative,ACT! Premium
485,Sales Representative,Active Listening
485,Sales Representative,Adobe Creative Cloud software
486,Laboratory Technician,Science
486,Laboratory Technician,Microsoft Access
486,Laboratory Technician,Linux
486,Laboratory Technician,Monitoring
486,Laboratory Technician,Database software
486,Laboratory Technician,Reading Comprehension
486,Laboratory Technician,Writing
486,Laboratory Technician,Email software
486,Laboratory Technician,Laboratory information management system LIMS
487,Manufacturing Director,Monitoring
487,Manufacturing Director,Adobe Acrobat
487,Manufacturing Director,Active Listening
487,Manufacturing Director,Adobe Photoshop
487,Manufacturing Director,Adobe After Effects
487,Manufacturing Director,ABB Optimize IT Predict & Control
488,Sales Executive,Adobe Creative Cloud software
488,Sales Executive,Reading Comprehension
488,Sales Executive,Adobe Acrobat
488,Sales Executive,Act!
488,Sales Executive,Airtable
488,Sales Executive,Critical Thinking
488,Sales Executive,Adobe ActionScript
488,Sales Executive,Speaking
488,Sales Executive,Monitoring
488,Sales Executive,Active Listening
491,Healthcare Representative,3DGrid HIPAA Checkup
491,Healthcare Representative,Reading Comprehension
491,Healthcare Representative,Active Listening
491,Healthcare Representative,Alteer Office
491,Healthcare Representative,American Medical Association CodeManager
491,Healthcare Representative,Allscripts healthcare automation software
491,Healthcare Representative,AcuStaf
492,Sales Executive,Adobe ActionScript
492,Sales Executive,Monitoring
492,Sales Executive,Act!
492,Sales Executive,Speaking
492,Sales Executive,Active Listening
492,Sales Executive,Adobe Acrobat
492,Sales Executive,Apple Keynote
492,Sales Executive,Airtable
492,Sales Executive,Reading Comprehension
492,Sales Executive,Critical Thinking
493,Research Scientist,Amazon DynamoDB
493,Research Scientist,Active Listening
493,Research Scientist,Active Learning
493,Research Scientist,Algorithmic software
493,Research Scientist,Mathematics
494,Sales Representative,Adobe Illustrator
494,Sales Representative,Writing
494,Sales Representative,Active Listening
494,Sales Representative,Adobe Acrobat
494,Sales Representative,Speaking
495,Research Scientist,Critical Thinking
495,Research Scientist,Amazon Elastic Compute Cloud EC2
495,Research Scientist,Amazon DynamoDB
495,Research Scientist,3D graphics software
495,Research Scientist,Algorithmic software
495,Research Scientist,Mathematics
496,Healthcare Representative,3DGrid HIPAA Checkup
496,Healthcare Representative,AcuStaf
496,Healthcare Representative,American Medical Association CodeManager
496,Healthcare Representative,Alteer Office
496,Healthcare Representative,Speaking
496,Healthcare Representative,Adobe Acrobat
496,Healthcare Representative,Allscripts healthcare automation software
497,Laboratory Technician,Email software
497,Laboratory Technician,Monitoring
497,Laboratory Technician,Laboratory information management system LIMS
497,Laboratory Technician,Science
497,Laboratory Technician,C++
497,Laboratory Technician,Reading Comprehension
497,Laboratory Technician,Critical Thinking
497,Laboratory Technician,Database software
497,Laboratory Technician,Microsoft Access
498,Sales Executive,Speaking
498,Sales Executive,Adobe Creative Cloud software
498,Sales Executive,Airtable
498,Sales Executive,Reading Comprehension
498,Sales Executive,Adobe Acrobat
498,Sales Executive,Apple Keynote
498,Sales Executive,Critical Thinking
499,Healthcare Representative,AcuStaf
499,Healthcare Representative,Adobe Acrobat
499,Healthcare Representative,Alteer Office
499,Healthcare Representative,Critical Thinking
499,Healthcare Representative,3DGrid HIPAA Checkup
499,Healthcare Representative,Allscripts healthcare automation software
499,Healthcare Representative,Active Listening
499,Healthcare Representative,Monitoring
499,Healthcare Representative,American Medical Association CodeManager
500,Sales Executive,Monitoring
500,Sales Executive,Apple Keynote
500,Sales Executive,Speaking
500,Sales Executive,Adobe Acrobat
500,Sales Executive,Active Listening
500,Sales Executive,Reading Comprehension
500,Sales Executive,Act!
500,Sales Executive,Adobe Creative Cloud software
500,Sales Executive,Critical Thinking
500,Sales Executive,Adobe ActionScript
501,Research Scientist,Mathematics
501,Research Scientist,Amazon DynamoDB
501,Research Scientist,Active Learning
501,Research Scientist,Critical Thinking
501,Research Scientist,Active Listening
502,Sales Executive,Act!
502,Sales Executive,Adobe Creative Cloud software
502,Sales Executive,Active Listening
502,Sales Executive,Reading Comprehension
502,Sales Executive,Airtable
502,Sales Executive,Adobe ActionScript
505,Manager,Adobe Acrobat
505,Manager,Act!
505,Manager,Adobe Creative Cloud software
505,Manager,ADP Workforce Now
505,Manager,Critical Thinking
505,Manager,ActionWare
505,Manager,Active Listening
505,Manager,Monitoring
505,Manager,Speaking
505,Manager,Reading Comprehension
507,Sales Executive,Act!
507,Sales Executive,Speaking
507,Sales Executive,Active Listening
507,Sales Executive,Adobe Acrobat
507,Sales Executive,Adobe ActionScript
507,Sales Executive,Reading Comprehension
508,Sales Representative,ACT! Premium
508,Sales Representative,Active Listening
508,Sales Representative,Speaking
508,Sales Representative,Adobe Dreamweaver
510,Research Scientist,Amazon Elastic Compute Cloud EC2
510,Research Scientist,Active Listening
510,Research Scientist,Reading Comprehension
510,Research Scientist,Active Learning
510,Research Scientist,Amazon DynamoDB
510,Research Scientist,3D graphics software
510,Research Scientist,Advanced numerical software
510,Research Scientist,Critical Thinking
511,Research Scientist,Reading Comprehension
511,Research Scientist,Critical Thinking
511,Research Scientist,Active Learning
511,Research Scientist,Algorithmic software
511,Research Scientist,Advanced numerical software
513,Sales Executive,Critical Thinking
513,Sales Executive,Reading Comprehension
513,Sales Executive,Adobe Creative Cloud software
513,Sales Executive,Speaking
513,Sales Executive,Adobe ActionScript
513,Sales Executive,Monitoring
513,Sales Executive,Act!
514,Research Scientist,Critical Thinking
514,Research Scientist,Amazon DynamoDB
514,Research Scientist,Advanced numerical software
514,Research Scientist,3D graphics software
514,Research Scientist,Active Learning
515,Laboratory Technician,Monitoring
515,Laboratory Technician,Linux
515,Laboratory Technician,Writing
515,Laboratory Technician,C++
515,Laboratory Technician,Microsoft Access
515,Laboratory Technician,Reading Comprehension
515,Laboratory Technician,Database software
515,Laboratory Technician,Critical Thinking
516,Sales Executive,Reading Comprehension
516,Sales Executive,Adobe ActionScript
516,Sales Executive,Apple Keynote
516,Sales Executive,Act!
516,Sales Executive,Adobe Acrobat
516,Sales Executive,Critical Thinking
516,Sales Executive,Airtable
516,Sales Executive,Speaking
516,Sales Executive,Active Listening
517,Laboratory Technician,Critical Thinking
517,Laboratory Technician,C++
517,Laboratory Technician,Email software
517,Laboratory Technician,Linux
517,Laboratory Technician,Microsoft Access
517,Laboratory Technician,Writing
517,Laboratory Technician,Laboratory information management system LIMS
517,Laboratory Technician,Database software
518,Manufacturing Director,Adobe After Effects
518,Manufacturing Director,Reading Comprehension
518,Manufacturing Director,Adobe InDesign
518,Manufacturing Director,ABB Optimize IT Predict & Control
518,Manufacturing Director,Adobe Photoshop
518,Manufacturing Director,Adobe Acrobat
520,Research Director,ESRI ArcGIS software
520,Research Director,Adobe Acrobat
520,Research Director,Reading Comprehension
520,Research Director,IBM Lotus 1-2-3
520,Research Director,Graphics software
520,Research Director,Critical Thinking
520,Research Director,Writing
520,Research Director,Clinical trial management software
520,Research Director,Active Listening
521,Laboratory Technician,Database software
521,Laboratory Technician,Laboratory information management system LIMS
521,Laboratory Technician,Critical Thinking
521,Laboratory Technician,Writing
521,Laboratory Technician,Email software
521,Laboratory Technician,C++
521,Laboratory Technician,Microsoft Access
521,Laboratory Technician,Linux
522,Research Director,Reading Comprehension
522,Research Director,Critical Thinking
522,Research Director,Science
522,Research Director,Writing
522,Research Director,Adobe Acrobat
522,Research Director,Clinical trial management software
522,Research Director,Adobe Photoshop
522,Research Director,Active Listening
522,Research Director,ESRI ArcGIS software
522,Research Director,Graphics software
523,Sales Executive,Airtable
523,Sales Executive,Monitoring
523,Sales Executive,Apple Keynote
523,Sales Executive,Reading Comprehension
523,Sales Executive,Active Listening
523,Sales Executive,Speaking
523,Sales Executive,Act!
523,Sales Executive,Adobe Acrobat
524,Manufacturing Director,Critical Thinking
524,Manufacturing Director,Adobe Acrobat
524,Manufacturing Director,Adobe Photoshop
524,Manufacturing Director,Speaking
524,Manufacturing Director,Reading Comprehension
524,Manufacturing Director,ABB Optimize IT Predict & Control
524,Manufacturing Director,Apple Final Cut Pro
524,Manufacturing Director,Adobe InDesign
524,Manufacturing Director,Monitoring
525,Laboratory Technician,Database software
525,Laboratory Technician,Email software
525,Laboratory Technician,Reading Comprehension
525,Laboratory Technician,Critical Thinking
525,Laboratory Technician,Laboratory information management system LIMS
525,Laboratory Technician,Microsoft Access
526,Healthcare Representative,AcuStaf
526,Healthcare Representative,American Medical Association CodeManager
526,Healthcare Representative,Adobe Acrobat
526,Healthcare Representative,Critical Thinking
526,Healthcare Representative,Monitoring
526,Healthcare Representative,Active Listening
526,Healthcare Representative,Alteer Office
527,Sales Executive,Adobe Creative Cloud software
527,Sales Executive,Airtable
527,Sales Executive,Active Listening
527,Sales Executive,Monitoring
527,Sales Executive,Reading Comprehension
527,Sales Executive,Critical Thinking
527,Sales Executive,Act!
527,Sales Executive,Adobe ActionScript
527,Sales Executive,Speaking
529,Research Scientist,Reading Comprehension
529,Research Scientist,Amazon Elastic Compute Cloud EC2
529,Research Scientist,Ada
529,Research Scientist,Active Listening
529,Research Scientist,Mathematics
529,Research Scientist,Amazon DynamoDB
529,Research Scientist,3D graphics software
529,Research Scientist,Critical Thinking
529,Research Scientist,Active Learning
530,Laboratory Technician,Critical Thinking
530,Laboratory Technician,C++
530,Laboratory Technician,Monitoring
530,Laboratory Technician,Database software
530,Laboratory Technician,Microsoft Access
530,Laboratory Technician,Email software
530,Laboratory Technician,Reading Comprehension
530,Laboratory Technician,Science
531,Manager,Critical Thinking
531,Manager,Active Listening
531,Manager,Adobe Acrobat
531,Manager,Adobe Photoshop
531,Manager,ActionWare
531,Manager,Act!
531,Manager,ADP Workforce Now
531,Manager,Reading Comprehension
532,Sales Executive,Active Listening
532,Sales Executive,Monitoring
532,Sales Executive,Critical Thinking
532,Sales Executive,Adobe ActionScript
532,Sales Executive,Speaking
532,Sales Executive,Adobe Acrobat
532,Sales Executive,Airtable
532,Sales Executive,Apple Keynote
533,Sales Executive,Adobe Acrobat
533,Sales Executive,Apple Keynote
533,Sales Executive,Reading Comprehension
533,Sales Executive,Monitoring
533,Sales Executive,Airtable
533,Sales Executive,Adobe ActionScript
533,Sales Executive,Adobe Creative Cloud software
533,Sales Executive,Speaking
534,Sales Executive,Adobe ActionScript
534,Sales Executive,Adobe Acrobat
534,Sales Executive,Act!
534,Sales Executive,Apple Keynote
534,Sales Executive,Speaking
534,Sales Executive,Monitoring
534,Sales Executive,Airtable
534,Sales Executive,Critical Thinking
534,Sales Executive,Active Listening
536,Laboratory Technician,Linux
536,Laboratory Technician,Science
536,Laboratory Technician,Database software
536,Laboratory Technician,Critical Thinking
536,Laboratory Technician,Writing
536,Laboratory Technician,Laboratory information management system LIMS
536,Laboratory Technician,Monitoring
536,Laboratory Technician,Email software
536,Laboratory Technician,Reading Comprehension
538,Laboratory Technician,Monitoring
538,Laboratory Technician,Critical Thinking
538,Laboratory Technician,C++
538,Laboratory Technician,Reading Comprehension
543,Manufacturing Director,Reading Comprehension
543,Manufacturing Director,Adobe After Effects
543,Manufacturing Director,Active Listening
543,Manufacturing Director,Adobe InDesign
543,Manufacturing Director,Speaking
543,Manufacturing Director,Adobe Acrobat
543,Manufacturing Director,Critical Thinking
543,Manufacturing Director,Monitoring
544,Research Scientist,3D graphics software
544,Research Scientist,Amazon DynamoDB
544,Research Scientist,Advanced numerical software
544,Research Scientist,Critical Thinking
544,Research Scientist,Ada
544,Research Scientist,Active Learning
544,Research Scientist,Reading Comprehension
546,Manager,ActionWare
546,Manager,Active Listening
546,Manager,Speaking
546,Manager,Act!
546,Manager,Critical Thinking
546,Manager,Reading Comprehension
546,Manager,Adobe Acrobat
546,Manager,Monitoring
547,Research Scientist,Ada
547,Research Scientist,Amazon DynamoDB
547,Research Scientist,Advanced numerical software
547,Research Scientist,Amazon Elastic Compute Cloud EC2
547,Research Scientist,Critical Thinking
547,Research Scientist,Reading Comprehension
547,Research Scientist,Mathematics
547,Research Scientist,3D graphics software
547,Research Scientist,Algorithmic software
548,Manufacturing Director,Active Listening
548,Manufacturing Director,Apple Final Cut Pro
548,Manufacturing Director,Speaking
548,Manufacturing Director,Reading Comprehension
548,Manufacturing Director,Adobe After Effects
548,Manufacturing Director,Adobe InDesign
548,Manufacturing Director,Adobe Acrobat
548,Manufacturing Director,ABB Optimize IT Predict & Control
549,Manager,Critical Thinking
549,Manager,ADP Workforce Now
549,Manager,Reading Comprehension
549,Manager,Monitoring
549,Manager,Adobe Creative Cloud software
549,Manager,Adobe Photoshop
549,Manager,ActionWare
549,Manager,Active Listening
549,Manager,Act!
550,Manufacturing Director,Apple Final Cut Pro
550,Manufacturing Director,Speaking
550,Manufacturing Director,Reading Comprehension
550,Manufacturing Director,Critical Thinking
550,Manufacturing Director,Adobe After Effects
550,Manufacturing Director,Adobe Photoshop
550,Manufacturing Director,Active Listening
550,Manufacturing Director,Monitoring
550,Manufacturing Director,Adobe Acrobat
550,Manufacturing Director,Adobe InDesign
551,Healthcare Representative,Critical Thinking
551,Healthcare Representative,Adobe Acrobat
551,Healthcare Representative,AcuStaf
551,Healthcare Representative,Monitoring
551,Healthcare Representative,3DGrid HIPAA Checkup
551,Healthcare Representative,Speaking
551,Healthcare Representative,Allscripts healthcare automation software
554,Sales Representative,Reading Comprehension
554,Sales Representative,Adobe Dreamweaver
554,Sales Representative,Active Listening
554,Sales Representative,Adobe Acrobat
554,Sales Representative,Critical Thinking
554,Sales Representative,3M Post-it App
554,Sales Representative,ACT! Premium
555,Sales Representative,Adobe Dreamweaver
555,Sales Representative,Writing
555,Sales Representative,Adobe Illustrator
555,Sales Representative,Speaking
555,Sales Representative,Critical Thinking
556,Laboratory Technician,Reading Comprehension
556,Laboratory Technician,Writing
556,Laboratory Technician,Linux
556,Laboratory Technician,Critical Thinking
556,Laboratory Technician,Science
558,Manager,Act!
558,Manager,Monitoring
558,Manager,Adobe Creative Cloud software
558,Manager,ActionWare
558,Manager,Adobe Acrobat
558,Manager,Active Listening
558,Manager,Critical Thinking
558,Manager,ADP Workforce Now
558,Manager,Adobe Photoshop
558,Manager,Speaking
560,Research Scientist,Ada
560,Research Scientist,Reading Comprehension
560,Research Scientist,Critical Thinking
560,Research Scientist,Amazon Elastic Compute Cloud EC2
560,Research Scientist,3D graphics software
560,Research Scientist,Amazon DynamoDB
560,Research Scientist,Active Learning
562,Laboratory Technician,Writing
562,Laboratory Technician,C++
562,Laboratory Technician,Reading Comprehension
562,Laboratory Technician,Critical Thinking
562,Laboratory Technician,Email software
562,Laboratory Technician,Microsoft Access
562,Laboratory Technician,Monitoring
564,Research Director,Graphics software
564,Research Director,Adobe Photoshop
564,Research Director,Clinical trial management software
564,Research Director,Writing
564,Research Director,Active Listening
564,Research Director,Reading Comprehension
564,Research Director,Science
564,Research Director,Critical Thinking
564,Research Director,IBM Lotus 1-2-3
565,Research Scientist,Critical Thinking
565,Research Scientist,Active Learning
565,Research Scientist,Advanced numerical software
565,Research Scientist,Reading Comprehension
565,Research Scientist,Active Listening
565,Research Scientist,Amazon Elastic Compute Cloud EC2
566,Human Resources,Speaking
566,Human Resources,Reading Comprehension
566,Human Resources,Adobe Creative Cloud software
566,Human Resources,Adobe InDesign
567,Sales Executive,Critical Thinking
567,Sales Executive,Apple Keynote
567,Sales Executive,Adobe ActionScript
567,Sales Executive,Adobe Creative Cloud software
567,Sales Executive,Reading Comprehension
567,Sales Executive,Adobe Acrobat
567,Sales Executive,Active Listening
568,Manager,Monitoring
568,Manager,Active Listening
568,Manager,Adobe Acrobat
568,Manager,Critical Thinking
568,Manager,Reading Comprehension
568,Manager,Speaking
568,Manager,Act!
569,Manager,Reading Comprehension
569,Manager,Adobe Acrobat
569,Manager,Act!
569,Manager,Critical Thinking
569,Manager,Adobe Photoshop
569,Manager,ActionWare
569,Manager,Monitoring
569,Manager,Adobe Creative Cloud software
569,Manager,Speaking
571,Laboratory Technician,Laboratory information management system LIMS
571,Laboratory Technician,Reading Comprehension
571,Laboratory Technician,Writing
571,Laboratory Technician,Microsoft Access
571,Laboratory Technician,Linux
571,Laboratory Technician,Email software
571,Laboratory Technician,Database software
571,Laboratory Technician,Monitoring
571,Laboratory Technician,Critical Thinking
573,Sales Executive,Act!
573,Sales Executive,Reading Comprehension
573,Sales Executive,Speaking
573,Sales Executive,Adobe Creative Cloud software
573,Sales Executive,Active Listening
573,Sales Executive,Apple Keynote
573,Sales Executive,Critical Thinking
573,Sales Executive,Adobe Acrobat
573,Sales Executive,Monitoring
574,Manufacturing Director,Critical Thinking
574,Manufacturing Director,Active Listening
574,Manufacturing Director,Adobe Photoshop
574,Manufacturing Director,Apple Final Cut Pro
574,Manufacturing Director,Speaking
574,Manufacturing Director,Adobe After Effects
574,Manufacturing Director,ABB Optimize IT Predict & Control
574,Manufacturing Director,Adobe InDesign
574,Manufacturing Director,Monitoring
575,Research Director,Writing
575,Research Director,Science
575,Research Director,Adobe Photoshop
575,Research Director,IBM Lotus 1-2-3
575,Research Director,Clinical trial management software
575,Research Director,Reading Comprehension
575,Research Director,Active Listening
575,Research Director,Adobe Acrobat
577,Laboratory Technician,Email software
577,Laboratory Technician,Critical Thinking
577,Laboratory Technician,Writing
577,Laboratory Technician,Linux
577,Laboratory Technician,Monitoring
577,Laboratory Technician,Laboratory information management system LIMS
577,Laboratory Technician,Database software
577,Laboratory Technician,Science
577,Laboratory Technician,C++
578,Laboratory Technician,Science
578,Laboratory Technician,C++
578,Laboratory Technician,Linux
578,Laboratory Technician,Writing
578,Laboratory Technician,Database software
578,Laboratory Technician,Microsoft Access
579,Research Scientist,Reading Comprehension
579,Research Scientist,Critical Thinking
579,Research Scientist,3D graphics software
579,Research Scientist,Mathematics
579,Research Scientist,Active Learning
579,Research Scientist,Amazon DynamoDB
579,Research Scientist,Amazon Elastic Compute Cloud EC2
579,Research Scientist,Ada
580,Sales Executive,Monitoring
580,Sales Executive,Airtable
580,Sales Executive,Active Listening
580,Sales Executive,Critical Thinking
580,Sales Executive,Adobe Acrobat
580,Sales Executive,Apple Keynote
580,Sales Executive,Adobe ActionScript
580,Sales Executive,Adobe Creative Cloud software
581,Manufacturing Director,Reading Comprehension
581,Manufacturing Director,Adobe After Effects
581,Manufacturing Director,Adobe InDesign
581,Manufacturing Director,Speaking
581,Manufacturing Director,Apple Final Cut Pro
581,Manufacturing Director,Adobe Acrobat
581,Manufacturing Director,Monitoring
581,Manufacturing Director,ABB Optimize IT Predict & Control
581,Manufacturing Director,Critical Thinking
582,Manager,Speaking
582,Manager,Act!
582,Manager,ADP Workforce Now
582,Manager,Adobe Photoshop
582,Manager,Critical Thinking
582,Manager,ActionWare
582,Manager,Monitoring
582,Manager,Active Listening
584,Laboratory Technician,Critical Thinking
584,Laboratory Technician,Database software
584,Laboratory Technician,C++
584,Laboratory Technician,Laboratory information management system LIMS
584,Laboratory Technician,Microsoft Access
584,Laboratory Technician,Email software
584,Laboratory Technician,Monitoring
584,Laboratory Technician,Reading Comprehension
585,Sales Representative,Adobe Creative Cloud software
585,Sales Representative,Adobe Illustrator
585,Sales Representative,Speaking
585,Sales Representative,Reading Comprehension
585,Sales Representative,Writing
585,Sales Representative,Critical Thinking
585,Sales Representative,ACT! Premium
586,Healthcare Representative,Allscripts healthcare automation software
586,Healthcare Representative,Monitoring
586,Healthcare Representative,Active Listening
586,Healthcare Representative,AcuStaf
586,Healthcare Representative,American Medical Association CodeManager
586,Healthcare Representative,Critical Thinking
586,Healthcare Representative,Speaking
586,Healthcare Representative,Adobe Acrobat
586,Healthcare Representative,Alteer Office
586,Healthcare Representative,3DGrid HIPAA Checkup
587,Healthcare Representative,American Medical Association CodeManager
587,Healthcare Representative,AcuStaf
587,Healthcare Representative,Reading Comprehension
587,Healthcare Representative,3DGrid HIPAA Checkup
587,Healthcare Representative,Adobe Acrobat
587,Healthcare Representative,Speaking
587,Healthcare Representative,Monitoring
587,Healthcare Representative,Allscripts healthcare automation software
587,Healthcare Representative,Active Listening
590,Human Resources,Adobe Creative Cloud software
590,Human Resources,Critical Thinking
590,Human Resources,Active Listening
590,Human Resources,Speaking
590,Human Resources,Writing
590,Human Resources,Adobe Dreamweaver
590,Human Resources,Adobe Illustrator
590,Human Resources,Adobe InDesign
590,Human Resources,Reading Comprehension
591,Laboratory Technician,Science
591,Laboratory Technician,Email software
591,Laboratory Technician,Laboratory information management system LIMS
591,Laboratory Technician,Reading Comprehension
591,Laboratory Technician,Microsoft Access
591,Laboratory Technician,Critical Thinking
591,Laboratory Technician,C++
592,Sales Executive,Speaking
592,Sales Executive,Apple Keynote
592,Sales Executive,Monitoring
592,Sales Executive,Airtable
592,Sales Executive,Adobe Creative Cloud software
592,Sales Executive,Critical Thinking
592,Sales Executive,Active Listening
592,Sales Executive,Reading Comprehension
592,Sales Executive,Adobe ActionScript
593,Laboratory Technician,Science
593,Laboratory Technician,Laboratory information management system LIMS
593,Laboratory Technician,Critical Thinking
593,Laboratory Technician,Writing
593,Laboratory Technician,Database software
595,Sales Executive,Monitoring
595,Sales Executive,Speaking
595,Sales Executive,Reading Comprehension
595,Sales Executive,Active Listening
595,Sales Executive,Act!
595,Sales Executive,Critical Thinking
595,Sales Executive,Adobe Acrobat
595,Sales Executive,Apple Keynote
595,Sales Executive,Airtable
595,Sales Executive,Adobe ActionScript
597,Manager,Monitoring
597,Manager,Critical Thinking
597,Manager,ADP Workforce Now
597,Manager,ActionWare
597,Manager,Adobe Creative Cloud software
597,Manager,Reading Comprehension
597,Manager,Speaking
597,Manager,Adobe Acrobat
597,Manager,Adobe Photoshop
597,Manager,Act!
599,Sales Executive,Reading Comprehension
599,Sales Executive,Active Listening
599,Sales Executive,Adobe Creative Cloud software
599,Sales Executive,Monitoring
599,Sales Executive,Act!
599,Sales Executive,Critical Thinking
599,Sales Executive,Adobe ActionScript
599,Sales Executive,Adobe Acrobat
599,Sales Executive,Apple Keynote
599,Sales Executive,Speaking
600,Sales Executive,Monitoring
600,Sales Executive,Adobe Acrobat
600,Sales Executive,Active Listening
600,Sales Executive,Adobe ActionScript
600,Sales Executive,Apple Keynote
600,Sales Executive,Reading Comprehension
600,Sales Executive,Adobe Creative Cloud software
600,Sales Executive,Airtable
600,Sales Executive,Act!
600,Sales Executive,Speaking
601,Manufacturing Director,Adobe InDesign
601,Manufacturing Director,Reading Comprehension
601,Manufacturing Director,Adobe Acrobat
601,Manufacturing Director,ABB Optimize IT Predict & Control
601,Manufacturing Director,Adobe Photoshop
601,Manufacturing Director,Speaking
601,Manufacturing Director,Active Listening
602,Laboratory Technician,Science
602,Laboratory Technician,Email software
602,Laboratory Technician,Critical Thinking
602,Laboratory Technician,C++
602,Laboratory Technician,Microsoft Access
602,Laboratory Technician,Database software
602,Laboratory Technician,Monitoring
602,Laboratory Technician,Writing
604,Sales Executive,Critical Thinking
604,Sales Executive,Airtable
604,Sales Executive,Monitoring
604,Sales Executive,Adobe ActionScript
604,Sales Executive,Active Listening
604,Sales Executive,Act!
604,Sales Executive,Apple Keynote
605,Manufacturing Director,Apple Final Cut Pro
605,Manufacturing Director,Adobe Acrobat
605,Manufacturing Director,Adobe Photoshop
605,Manufacturing Director,Adobe After Effects
605,Manufacturing Director,Adobe InDesign
605,Manufacturing Director,Monitoring
605,Manufacturing Director,ABB Optimize IT Predict & Control
605,Manufacturing Director,Active Listening
606,Sales Executive,Adobe Creative Cloud software
606,Sales Executive,Adobe ActionScript
606,Sales Executive,Monitoring
606,Sales Executive,Reading Comprehension
606,Sales Executive,Critical Thinking
606,Sales Executive,Speaking
606,Sales Executive,Airtable
606,Sales Executive,Act!
606,Sales Executive,Adobe Acrobat
608,Human Resources,Writing
608,Human Resources,Adobe Dreamweaver
608,Human Resources,Adobe Creative Cloud software
608,Human Resources,Critical Thinking
608,Human Resources,Speaking
608,Human Resources,Reading Comprehension
608,Human Resources,Adobe Illustrator
608,Human Resources,Active Listening
608,Human Resources,Adobe Acrobat
611,Manufacturing Director,Adobe InDesign
611,Manufacturing Director,Speaking
611,Manufacturing Director,Active Listening
611,Manufacturing Director,Apple Final Cut Pro
611,Manufacturing Director,Reading Comprehension
611,Manufacturing Director,Monitoring
611,Manufacturing Director,Adobe Acrobat
612,Research Director,IBM Lotus 1-2-3
612,Research Director,Critical Thinking
612,Research Director,Science
612,Research Director,Graphics software
612,Research Director,Writing
612,Research Director,ESRI ArcGIS software
612,Research Director,Active Listening
613,Manager,Adobe Creative Cloud software
613,Manager,Adobe Photoshop
613,Manager,Adobe Acrobat
613,Manager,Speaking
613,Manager,ActionWare
613,Manager,Reading Comprehension
613,Manager,ADP Workforce Now
613,Manager,Act!
613,Manager,Active Listening
613,Manager,Critical Thinking
614,Sales Representative,Speaking
614,Sales Representative,3M Post-it App
614,Sales Representative,Adobe Creative Cloud software
614,Sales Representative,Writing
614,Sales Representative,Critical Thinking
614,Sales Representative,ACT! Premium
615,Sales Executive,Reading Comprehension
615,Sales Executive,Active Listening
615,Sales Executive,Act!
615,Sales Executive,Airtable
615,Sales Executive,Speaking
615,Sales Executive,Monitoring
615,Sales Executive,Adobe Creative Cloud software
615,Sales Executive,Adobe ActionScript
615,Sales Executive,Adobe Acrobat
616,Healthcare Representative,Active Listening
616,Healthcare Representative,Critical Thinking
616,Healthcare Representative,Speaking
616,Healthcare Representative,3DGrid HIPAA Checkup
616,Healthcare Representative,Monitoring
616,Healthcare Representative,Reading Comprehension
616,Healthcare Representative,Alteer Office
616,Healthcare Representative,American Medical Association CodeManager
616,Healthcare Representative,Adobe Acrobat
618,Sales Executive,Airtable
618,Sales Executive,Reading Comprehension
618,Sales Executive,Critical Thinking
618,Sales Executive,Adobe Acrobat
618,Sales Executive,Adobe ActionScript
618,Sales Executive,Active Listening
618,Sales Executive,Adobe Creative Cloud software
618,Sales Executive,Act!
620,Sales Executive,Airtable
620,Sales Executive,Adobe Creative Cloud software
620,Sales Executive,Monitoring
620,Sales Executive,Speaking
620,Sales Executive,Adobe Acrobat
620,Sales Executive,Critical Thinking
620,Sales Executive,Reading Comprehension
620,Sales Executive,Apple Keynote
621,Sales Executive,Adobe Creative Cloud software
621,Sales Executive,Monitoring
621,Sales Executive,Reading Comprehension
621,Sales Executive,Active Listening
621,Sales Executive,Critical Thinking
621,Sales Executive,Act!
621,Sales Executive,Speaking
621,Sales Executive,Adobe Acrobat
622,Laboratory Technician,Reading Comprehension
622,Laboratory Technician,Science
622,Laboratory Technician,Laboratory information management system LIMS
622,Laboratory Technician,Database software
622,Laboratory Technician,Email software
623,Manufacturing Director,Adobe InDesign
623,Manufacturing Director,Monitoring
623,Manufacturing Director,Reading Comprehension
623,Manufacturing Director,Apple Final Cut Pro
623,Manufacturing Director,Active Listening
623,Manufacturing Director,Speaking
623,Manufacturing Director,Adobe Photoshop
623,Manufacturing Director,Critical Thinking
623,Manufacturing Director,ABB Optimize IT Predict & Control
623,Manufacturing Director,Adobe Acrobat
624,Healthcare Representative,Active Listening
624,Healthcare Representative,3DGrid HIPAA Checkup
624,Healthcare Representative,Allscripts healthcare automation software
624,Healthcare Representative,Reading Comprehension
624,Healthcare Representative,Critical Thinking
624,Healthcare Representative,AcuStaf
624,Healthcare Representative,Monitoring
624,Healthcare Representative,Speaking
625,Manager,Speaking
625,Manager,Reading Comprehension
625,Manager,Adobe Photoshop
625,Manager,Act!
625,Manager,ADP Workforce Now
625,Manager,Active Listening
625,Manager,Monitoring
625,Manager,Adobe Acrobat
626,Sales Executive,Speaking
626,Sales Executive,Adobe ActionScript
626,Sales Executive,Active Listening
626,Sales Executive,Reading Comprehension
626,Sales Executive,Act!
626,Sales Executive,Apple Keynote
626,Sales Executive,Critical Thinking
626,Sales Executive,Adobe Creative Cloud software
626,Sales Executive,Adobe Acrobat
626,Sales Executive,Airtable
630,Research Scientist,Amazon DynamoDB
630,Research Scientist,Mathematics
630,Research Scientist,Critical Thinking
630,Research Scientist,Advanced numerical software
630,Research Scientist,Amazon Elastic Compute Cloud EC2
630,Research Scientist,Active Learning
630,Research Scientist,Ada
630,Research Scientist,Active Listening
630,Research Scientist,Reading Comprehension
631,Sales Executive,Speaking
631,Sales Executive,Apple Keynote
631,Sales Executive,Active Listening
631,Sales Executive,Adobe Acrobat
631,Sales Executive,Act!
631,Sales Executive,Monitoring
631,Sales Executive,Airtable
632,Sales Representative,Adobe Illustrator
632,Sales Representative,Speaking
632,Sales Representative,Critical Thinking
632,Sales Representative,Adobe Acrobat
632,Sales Representative,Writing
632,Sales Representative,Active Listening
632,Sales Representative,ACT! Premium
634,Healthcare Representative,Critical Thinking
634,Healthcare Representative,AcuStaf
634,Healthcare Representative,3DGrid HIPAA Checkup
634,Healthcare Representative,American Medical Association CodeManager
634,Healthcare Representative,Active Listening
635,Manufacturing Director,Adobe Photoshop
635,Manufacturing Director,Active Listening
635,Manufacturing Director,Reading Comprehension
635,Manufacturing Director,Critical Thinking
635,Manufacturing Director,Speaking
635,Manufacturing Director,Adobe InDesign
635,Manufacturing Director,Monitoring
635,Manufacturing Director,ABB Optimize IT Predict & Control
635,Manufacturing Director,Apple Final Cut Pro
635,Manufacturing Director,Adobe Acrobat
638,Research Director,ESRI ArcGIS software
638,Research Director,Adobe Acrobat
638,Research Director,Writing
638,Research Director,Science
638,Research Director,Graphics software
638,Research Director,Clinical trial management software
638,Research Director,Adobe Photoshop
639,Research Scientist,Ada
639,Research Scientist,Reading Comprehension
639,Research Scientist,3D graphics software
639,Research Scientist,Amazon Elastic Compute Cloud EC2
639,Research Scientist,Algorithmic software
639,Research Scientist,Mathematics
639,Research Scientist,Advanced numerical software
641,Sales Executive,Reading Comprehension
641,Sales Executive,Apple Keynote
641,Sales Executive,Act!
641,Sales Executive,Adobe Creative Cloud software
641,Sales Executive,Adobe Acrobat
641,Sales Executive,Critical Thinking
641,Sales Executive,Speaking
641,Sales Executive,Active Listening
643,Laboratory Technician,Writing
643,Laboratory Technician,Email software
643,Laboratory Technician,Linux
643,Laboratory Technician,Reading Comprehension
643,Laboratory Technician,C++
643,Laboratory Technician,Critical Thinking
644,Manager,Adobe Photoshop
644,Manager,Adobe Acrobat
644,Manager,ActionWare
644,Manager,Reading Comprehension
644,Manager,Speaking
644,Manager,Active Listening
644,Manager,Adobe Creative Cloud software
644,Manager,Act!
644,Manager,Critical Thinking
644,Manager,ADP Workforce Now
645,Sales Representative,Critical Thinking
645,Sales Representative,Adobe Illustrator
645,Sales Representative,Speaking
645,Sales Representative,Adobe Acrobat
645,Sales Representative,Adobe Creative Cloud software
645,Sales Representative,Adobe Dreamweaver
645,Sales Representative,Active Listening
645,Sales Representative,3M Post-it App
647,Laboratory Technician,Microsoft Access
647,Laboratory Technician,C++
647,Laboratory Technician,Linux
647,Laboratory Technician,Monitoring
647,Laboratory Technician,Science
647,Laboratory Technician,Writing
648,Sales Representative,Adobe Creative Cloud software
648,Sales Representative,Adobe Dreamweaver
648,Sales Representative,Reading Comprehension
648,Sales Representative,Writing
648,Sales Representative,ACT! Premium
648,Sales Representative,Critical Thinking
649,Research Scientist,Active Listening
649,Research Scientist,Reading Comprehension
649,Research Scientist,Active Learning
649,Research Scientist,Algorithmic software
649,Research Scientist,Critical Thinking
649,Research Scientist,3D graphics software
649,Research Scientist,Ada
649,Research Scientist,Advanced numerical software
649,Research Scientist,Amazon Elastic Compute Cloud EC2
650,Sales Executive,Active Listening
650,Sales Executive,Critical Thinking
650,Sales Executive,Airtable
650,Sales Executive,Reading Comprehension
650,Sales Executive,Apple Keynote
650,Sales Executive,Adobe Acrobat
650,Sales Executive,Speaking
650,Sales Executive,Monitoring
650,Sales Executive,Adobe Creative Cloud software
652,Laboratory Technician,C++
652,Laboratory Technician,Monitoring
652,Laboratory Technician,Critical Thinking
652,Laboratory Technician,Microsoft Access
652,Laboratory Technician,Laboratory information management system LIMS
652,Laboratory Technician,Science
652,Laboratory Technician,Linux
652,Laboratory Technician,Writing
652,Laboratory Technician,Database software
653,Sales Executive,Apple Keynote
653,Sales Executive,Airtable
653,Sales Executive,Adobe Creative Cloud software
653,Sales Executive,Monitoring
653,Sales Executive,Active Listening
653,Sales Executive,Act!
653,Sales Executive,Adobe ActionScript
653,Sales Executive,Reading Comprehension
653,Sales Executive,Speaking
653,Sales Executive,Critical Thinking
655,Research Scientist,Advanced numerical software
655,Research Scientist,3D graphics software
655,Research Scientist,Mathematics
655,Research Scientist,Critical Thinking
655,Research Scientist,Reading Comprehension
655,Research Scientist,Ada
655,Research Scientist,Amazon Elastic Compute Cloud EC2
655,Research Scientist,Algorithmic software
655,Research Scientist,Active Learning
656,Sales Executive,Adobe Acrobat
656,Sales Executive,Speaking
656,Sales Executive,Critical Thinking
656,Sales Executive,Act!
656,Sales Executive,Adobe Creative Cloud software
656,Sales Executive,Reading Comprehension
657,Research Scientist,Amazon DynamoDB
657,Research Scientist,Active Listening
657,Research Scientist,Algorithmic software
657,Research Scientist,Reading Comprehension
659,Healthcare Representative,AcuStaf
659,Healthcare Representative,Reading Comprehension
659,Healthcare Representative,Critical Thinking
659,Healthcare Representative,American Medical Association CodeManager
659,Healthcare Representative,3DGrid HIPAA Checkup
659,Healthcare Representative,Speaking
659,Healthcare Representative,Active Listening
659,Healthcare Representative,Adobe Acrobat
659,Healthcare Representative,Monitoring
661,Research Director,IBM Lotus 1-2-3
661,Research Director,Clinical trial management software
661,Research Director,Adobe Photoshop
661,Research Director,Graphics software
661,Research Director,Adobe Acrobat
661,Research Director,Science
661,Research Director,Active Listening
661,Research Director,Critical Thinking
661,Research Director,ESRI ArcGIS software
662,Research Scientist,Reading Comprehension
662,Research Scientist,Mathematics
662,Research Scientist,Amazon DynamoDB
662,Research Scientist,Critical Thinking
662,Research Scientist,3D graphics software
662,Research Scientist,Active Learning
662,Research Scientist,Algorithmic software
663,Laboratory Technician,Reading Comprehension
663,Laboratory Technician,Email software
663,Laboratory Technician,Critical Thinking
663,Laboratory Technician,Microsoft Access
663,Laboratory Technician,Database software
663,Laboratory Technician,Monitoring
663,Laboratory Technician,C++
663,Laboratory Technician,Linux
664,Manager,ADP Workforce Now
664,Manager,Speaking
664,Manager,ActionWare
664,Manager,Act!
664,Manager,Adobe Acrobat
664,Manager,Monitoring
664,Manager,Active Listening
664,Manager,Critical Thinking
664,Manager,Adobe Creative Cloud software
665,Human Resources,Speaking
665,Human Resources,Adobe Dreamweaver
665,Human Resources,Adobe Human Capital Application Solution Accelerator
665,Human Resources,Adobe InDesign
665,Human Resources,Adobe Acrobat
665,Human Resources,Reading Comprehension
666,Sales Representative,3M Post-it App
666,Sales Representative,Adobe Dreamweaver
666,Sales Representative,Reading Comprehension
666,Sales Representative,Adobe Illustrator
666,Sales Representative,Speaking
666,Sales Representative,Adobe Creative Cloud software
666,Sales Representative,Writing
666,Sales Representative,Critical Thinking
667,Sales Representative,Adobe Creative Cloud software
667,Sales Representative,Adobe Dreamweaver
667,Sales Representative,ACT! Premium
667,Sales Representative,Reading Comprehension
667,Sales Representative,Adobe Acrobat
667,Sales Representative,Speaking
669,Sales Representative,Critical Thinking
669,Sales Representative,Active Listening
669,Sales Representative,3M Post-it App
669,Sales Representative,Speaking
669,Sales Representative,Reading Comprehension
669,Sales Representative,Adobe Creative Cloud software
669,Sales Representative,Writing
669,Sales Representative,Adobe Illustrator
671,Manager,Adobe Creative Cloud software
671,Manager,Speaking
671,Manager,ADP Workforce Now
671,Manager,Act!
671,Manager,Active Listening
671,Manager,Reading Comprehension
671,Manager,Monitoring
675,Research Scientist,Amazon Elastic Compute Cloud EC2
675,Research Scientist,Active Listening
675,Research Scientist,Reading Comprehension
675,Research Scientist,Advanced numerical software
675,Research Scientist,3D graphics software
677,Sales Executive,Apple Keynote
677,Sales Executive,Reading Comprehension
677,Sales Executive,Adobe Acrobat
677,Sales Executive,Airtable
677,Sales Executive,Critical Thinking
677,Sales Executive,Active Listening
677,Sales Executive,Act!
679,Research Scientist,Critical Thinking
679,Research Scientist,Active Listening
679,Research Scientist,Active Learning
679,Research Scientist,Amazon DynamoDB
679,Research Scientist,Algorithmic software
679,Research Scientist,Amazon Elastic Compute Cloud EC2
679,Research Scientist,Ada
679,Research Scientist,Mathematics
680,Research Scientist,Active Listening
680,Research Scientist,Ada
680,Research Scientist,Amazon Elastic Compute Cloud EC2
680,Research Scientist,Amazon DynamoDB
680,Research Scientist,Active Learning
682,Sales Executive,Adobe Creative Cloud software
682,Sales Executive,Adobe Acrobat
682,Sales Executive,Monitoring
682,Sales Executive,Apple Keynote
682,Sales Executive,Active Listening
682,Sales Executive,Speaking
682,Sales Executive,Adobe ActionScript
683,Research Scientist,Critical Thinking
683,Research Scientist,3D graphics software
683,Research Scientist,Mathematics
683,Research Scientist,Active Learning
683,Research Scientist,Advanced numerical software
683,Research Scientist,Active Listening
683,Research Scientist,Algorithmic software
683,Research Scientist,Amazon DynamoDB
683,Research Scientist,Reading Comprehension
683,Research Scientist,Amazon Elastic Compute Cloud EC2
684,Sales Executive,Act!
684,Sales Executive,Active Listening
684,Sales Executive,Reading Comprehension
684,Sales Executive,Apple Keynote
684,Sales Executive,Monitoring
686,Laboratory Technician,Science
686,Laboratory Technician,Critical Thinking
686,Laboratory Technician,Reading Comprehension
686,Laboratory Technician,Laboratory information management system LIMS
686,Laboratory Technician,Microsoft Access
689,Manufacturing Director,Adobe InDesign
689,Manufacturing Director,Apple Final Cut Pro
689,Manufacturing Director,Monitoring
689,Manufacturing Director,Reading Comprehension
689,Manufacturing Director,Adobe After Effects
689,Manufacturing Director,ABB Optimize IT Predict & Control
689,Manufacturing Director,Speaking
689,Manufacturing Director,Adobe Acrobat
689,Manufacturing Director,Critical Thinking
689,Manufacturing Director,Adobe Photoshop
690,Sales Executive,Adobe Creative Cloud software
690,Sales Executive,Act!
690,Sales Executive,Airtable
690,Sales Executive,Monitoring
690,Sales Executive,Critical Thinking
690,Sales Executive,Active Listening
690,Sales Executive,Speaking
691,Research Scientist,3D graphics software
691,Research Scientist,Active Learning
691,Research Scientist,Ada
691,Research Scientist,Reading Comprehension
691,Research Scientist,Amazon DynamoDB
691,Research Scientist,Active Listening
691,Research Scientist,Advanced numerical software
691,Research Scientist,Algorithmic software
691,Research Scientist,Mathematics
691,Research Scientist,Amazon Elastic Compute Cloud EC2
692,Healthcare Representative,Critical Thinking
692,Healthcare Representative,Allscripts healthcare automation software
692,Healthcare Representative,Speaking
692,Healthcare Representative,Alteer Office
692,Healthcare Representative,Active Listening
692,Healthcare Representative,American Medical Association CodeManager
692,Healthcare Representative,AcuStaf
692,Healthcare Representative,Reading Comprehension
692,Healthcare Representative,Monitoring
698,Human Resources,Adobe Illustrator
698,Human Resources,Speaking
698,Human Resources,Adobe InDesign
698,Human Resources,Adobe Dreamweaver
698,Human Resources,Active Listening
698,Human Resources,Adobe Creative Cloud software
698,Human Resources,Reading Comprehension
698,Human Resources,Adobe Acrobat
698,Human Resources,Critical Thinking
699,Manufacturing Director,Adobe Acrobat
699,Manufacturing Director,Apple Final Cut Pro
699,Manufacturing Director,Adobe Photoshop
699,Manufacturing Director,Critical Thinking
699,Manufacturing Director,Adobe After Effects
699,Manufacturing Director,ABB Optimize IT Predict & Control
699,Manufacturing Director,Reading Comprehension
699,Manufacturing Director,Speaking
700,Research Scientist,3D graphics software
700,Research Scientist,Algorithmic software
700,Research Scientist,Mathematics
700,Research Scientist,Critical Thinking
700,Research Scientist,Advanced numerical software
700,Research Scientist,Amazon Elastic Compute Cloud EC2
701,Research Scientist,Active Learning
701,Research Scientist,Critical Thinking
701,Research Scientist,Algorithmic software
701,Research Scientist,3D graphics software
701,Research Scientist,Active Listening
701,Research Scientist,Advanced numerical software
701,Research Scientist,Amazon Elastic Compute Cloud EC2
702,Research Scientist,Mathematics
702,Research Scientist,Reading Comprehension
702,Research Scientist,Active Listening
702,Research Scientist,Ada
702,Research Scientist,Active Learning
702,Research Scientist,Amazon DynamoDB
702,Research Scientist,3D graphics software
702,Research Scientist,Amazon Elastic Compute Cloud EC2
702,Research Scientist,Algorithmic software
702,Research Scientist,Advanced numerical software
704,Laboratory Technician,C++
704,Laboratory Technician,Science
704,Laboratory Technician,Email software
704,Laboratory Technician,Monitoring
705,Research Scientist,Mathematics
705,Research Scientist,Reading Comprehension
705,Research Scientist,Amazon DynamoDB
705,Research Scientist,Algorithmic software
705,Research Scientist,Active Listening
705,Research Scientist,Critical Thinking
705,Research Scientist,3D graphics software
705,Research Scientist,Advanced numerical software
707,Sales Executive,Act!
707,Sales Executive,Airtable
707,Sales Executive,Reading Comprehension
707,Sales Executive,Adobe ActionScript
707,Sales Executive,Adobe Acrobat
707,Sales Executive,Critical Thinking
709,Sales Executive,Adobe ActionScript
709,Sales Executive,Monitoring
709,Sales Executive,Apple Keynote
709,Sales Executive,Critical Thinking
709,Sales Executive,Speaking
709,Sales Executive,Adobe Creative Cloud software
709,Sales Executive,Active Listening
709,Sales Executive,Act!
709,Sales Executive,Adobe Acrobat
709,Sales Executive,Reading Comprehension
710,Research Scientist,Critical Thinking
710,Research Scientist,Amazon DynamoDB
710,Research Scientist,3D graphics software
710,Research Scientist,Active Learning
710,Research Scientist,Reading Comprehension
710,Research Scientist,Mathematics
710,Research Scientist,Algorithmic software
710,Research Scientist,Active Listening
712,Sales Executive,Adobe Creative Cloud software
712,Sales Executive,Speaking
712,Sales Executive,Monitoring
712,Sales Executive,Adobe Acrobat
712,Sales Executive,Act!
712,Sales Executive,Apple Keynote
714,Sales Executive,Active Listening
714,Sales Executive,Speaking
714,Sales Executive,Act!
714,Sales Executive,Monitoring
714,Sales Executive,Adobe ActionScript
714,Sales Executive,Adobe Creative Cloud software
714,Sales Executive,Reading Comprehension
714,Sales Executive,Critical Thinking
714,Sales Executive,Apple Keynote
714,Sales Executive,Airtable
715,Research Scientist,3D graphics software
715,Research Scientist,Critical Thinking
715,Research Scientist,Ada
715,Research Scientist,Active Learning
715,Research Scientist,Amazon Elastic Compute Cloud EC2
716,Laboratory Technician,Science
716,Laboratory Technician,Laboratory information management system LIMS
716,Laboratory Technician,Database software
716,Laboratory Technician,Reading Comprehension
716,Laboratory Technician,Email software
716,Laboratory Technician,Writing
716,Laboratory Technician,Linux
716,Laboratory Technician,Monitoring
717,Healthcare Representative,Active Listening
717,Healthcare Representative,Reading Comprehension
717,Healthcare Representative,Allscripts healthcare automation software
717,Healthcare Representative,Speaking
717,Healthcare Representative,Critical Thinking
717,Healthcare Representative,AcuStaf
717,Healthcare Representative,Adobe Acrobat
717,Healthcare Representative,Alteer Office
720,Sales Executive,Adobe Acrobat
720,Sales Executive,Critical Thinking
720,Sales Executive,Speaking
720,Sales Executive,Adobe ActionScript
720,Sales Executive,Act!
720,Sales Executive,Active Listening
720,Sales Executive,Airtable
721,Healthcare Representative,Speaking
721,Healthcare Representative,AcuStaf
721,Healthcare Representative,Critical Thinking
721,Healthcare Representative,American Medical Association CodeManager
721,Healthcare Representative,Adobe Acrobat
721,Healthcare Representative,Active Listening
721,Healthcare Representative,Allscripts healthcare automation software
721,Healthcare Representative,Reading Comprehension
721,Healthcare Representative,Monitoring
722,Sales Executive,Apple Keynote
722,Sales Executive,Active Listening
722,Sales Executive,Adobe ActionScript
722,Sales Executive,Act!
722,Sales Executive,Adobe Creative Cloud software
722,Sales Executive,Adobe Acrobat
722,Sales Executive,Critical Thinking
722,Sales Executive,Monitoring
722,Sales Executive,Airtable
723,Sales Executive,Act!
723,Sales Executive,Adobe ActionScript
723,Sales Executive,Adobe Acrobat
723,Sales Executive,Speaking
723,Sales Executive,Critical Thinking
723,Sales Executive,Monitoring
723,Sales Executive,Apple Keynote
723,Sales Executive,Adobe Creative Cloud software
724,Healthcare Representative,3DGrid HIPAA Checkup
724,Healthcare Representative,Alteer Office
724,Healthcare Representative,Critical Thinking
724,Healthcare Representative,Speaking
724,Healthcare Representative,Allscripts healthcare automation software
724,Healthcare Representative,Adobe Acrobat
724,Healthcare Representative,Active Listening
724,Healthcare Representative,American Medical Association CodeManager
724,Healthcare Representative,Monitoring
724,Healthcare Representative,Reading Comprehension
725,Manufacturing Director,Adobe Photoshop
725,Manufacturing Director,Apple Final Cut Pro
725,Manufacturing Director,Adobe InDesign
725,Manufacturing Director,Speaking
725,Manufacturing Director,ABB Optimize IT Predict & Control
725,Manufacturing Director,Active Listening
725,Manufacturing Director,Adobe After Effects
725,Manufacturing Director,Critical Thinking
725,Manufacturing Director,Adobe Acrobat
727,Research Director,Active Listening
727,Research Director,Adobe Photoshop
727,Research Director,Critical Thinking
727,Research Director,Adobe Acrobat
727,Research Director,Clinical trial management software
727,Research Director,Reading Comprehension
727,Research Director,ESRI ArcGIS software
727,Research Director,Science
727,Research Director,Graphics software
727,Research Director,Writing
728,Sales Executive,Adobe Acrobat
728,Sales Executive,Speaking
728,Sales Executive,Monitoring
728,Sales Executive,Airtable
728,Sales Executive,Apple Keynote
728,Sales Executive,Active Listening
728,Sales Executive,Critical Thinking
729,Sales Executive,Speaking
729,Sales Executive,Adobe Acrobat
729,Sales Executive,Active Listening
729,Sales Executive,Reading Comprehension
729,Sales Executive,Monitoring
729,Sales Executive,Adobe ActionScript
729,Sales Executive,Adobe Creative Cloud software
729,Sales Executive,Apple Keynote
729,Sales Executive,Critical Thinking
730,Research Director,Writing
730,Research Director,Critical Thinking
730,Research Director,Adobe Acrobat
730,Research Director,Clinical trial management software
730,Research Director,Adobe Photoshop
730,Research Director,Reading Comprehension
730,Research Director,Active Listening
730,Research Director,IBM Lotus 1-2-3
731,Manager,Critical Thinking
731,Manager,Act!
731,Manager,Adobe Creative Cloud software
731,Manager,Adobe Acrobat
731,Manager,Speaking
731,Manager,Active Listening
731,Manager,ADP Workforce Now
732,Sales Executive,Monitoring
732,Sales Executive,Speaking
732,Sales Executive,Adobe Acrobat
732,Sales Executive,Airtable
732,Sales Executive,Act!
732,Sales Executive,Apple Keynote
732,Sales Executive,Adobe ActionScript
733,Manufacturing Director,Monitoring
733,Manufacturing Director,Speaking
733,Manufacturing Director,Adobe Photoshop
733,Manufacturing Director,Adobe Acrobat
733,Manufacturing Director,Reading Comprehension
733,Manufacturing Director,Active Listening
733,Manufacturing Director,Adobe InDesign
733,Manufacturing Director,Apple Final Cut Pro
733,Manufacturing Director,ABB Optimize IT Predict & Control
733,Manufacturing Director,Critical Thinking
734,Manager,ActionWare
734,Manager,Speaking
734,Manager,Monitoring
734,Manager,Act!
734,Manager,ADP Workforce Now
734,Manager,Critical Thinking
734,Manager,Active Listening
734,Manager,Adobe Photoshop
734,Manager,Adobe Creative Cloud software
734,Manager,Adobe Acrobat
738,Sales Representative,Speaking
738,Sales Representative,ACT! Premium
738,Sales Representative,Active Listening
738,Sales Representative,Adobe Acrobat
738,Sales Representative,Adobe Creative Cloud software
741,Research Scientist,Mathematics
741,Research Scientist,Reading Comprehension
741,Research Scientist,Advanced numerical software
741,Research Scientist,Amazon DynamoDB
741,Research Scientist,Critical Thinking
741,Research Scientist,Active Listening
741,Research Scientist,Amazon Elastic Compute Cloud EC2
741,Research Scientist,3D graphics software
741,Research Scientist,Algorithmic software
742,Research Director,Adobe Acrobat
742,Research Director,ESRI ArcGIS software
742,Research Director,Science
742,Research Director,IBM Lotus 1-2-3
742,Research Director,Active Listening
742,Research Director,Graphics software
742,Research Director,Writing
742,Research Director,Adobe Photoshop
742,Research Director,Critical Thinking
743,Manufacturing Director,ABB Optimize IT Predict & Control
743,Manufacturing Director,Adobe Photoshop
743,Manufacturing Director,Critical Thinking
743,Manufacturing Director,Adobe InDesign
743,Manufacturing Director,Adobe Acrobat
743,Manufacturing Director,Apple Final Cut Pro
744,Laboratory Technician,Critical Thinking
744,Laboratory Technician,Linux
744,Laboratory Technician,Monitoring
744,Laboratory Technician,Reading Comprehension
744,Laboratory Technician,C++
744,Laboratory Technician,Writing
744,Laboratory Technician,Science
744,Laboratory Technician,Database software
746,Sales Executive,Apple Keynote
746,Sales Executive,Critical Thinking
746,Sales Executive,Active Listening
746,Sales Executive,Adobe Acrobat
746,Sales Executive,Monitoring
746,Sales Executive,Adobe Creative Cloud software
746,Sales Executive,Airtable
746,Sales Executive,Reading Comprehension
746,Sales Executive,Speaking
746,Sales Executive,Act!
747,Sales Executive,Airtable
747,Sales Executive,Adobe Acrobat
747,Sales Executive,Adobe Creative Cloud software
747,Sales Executive,Adobe ActionScript
747,Sales Executive,Apple Keynote
747,Sales Executive,Speaking
747,Sales Executive,Critical Thinking
747,Sales Executive,Act!
749,Sales Representative,Adobe Acrobat
749,Sales Representative,Active Listening
749,Sales Representative,Writing
749,Sales Representative,Speaking
749,Sales Representative,3M Post-it App
749,Sales Representative,Critical Thinking
752,Research Scientist,Active Learning
752,Research Scientist,Amazon Elastic Compute Cloud EC2
752,Research Scientist,Critical Thinking
752,Research Scientist,Amazon DynamoDB
752,Research Scientist,Reading Comprehension
752,Research Scientist,Advanced numerical software
752,Research Scientist,Mathematics
754,Sales Executive,Active Listening
754,Sales Executive,Monitoring
754,Sales Executive,Critical Thinking
754,Sales Executive,Act!
754,Sales Executive,Adobe ActionScript
757,Healthcare Representative,Allscripts healthcare automation software
757,Healthcare Representative,Reading Comprehension
757,Healthcare Representative,Critical Thinking
757,Healthcare Representative,Adobe Acrobat
757,Healthcare Representative,Monitoring
757,Healthcare Representative,AcuStaf
757,Healthcare Representative,Speaking
758,Laboratory Technician,Database software
758,Laboratory Technician,Critical Thinking
758,Laboratory Technician,Science
758,Laboratory Technician,Monitoring
758,Laboratory Technician,Laboratory information management system LIMS
760,Human Resources,Active Listening
760,Human Resources,Adobe Human Capital Application Solution Accelerator
760,Human Resources,Speaking
760,Human Resources,Critical Thinking
760,Human Resources,Adobe Creative Cloud software
760,Human Resources,Adobe InDesign
760,Human Resources,Adobe Dreamweaver
760,Human Resources,Writing
762,Healthcare Representative,Active Listening
762,Healthcare Representative,Reading Comprehension
762,Healthcare Representative,Critical Thinking
762,Healthcare Representative,AcuStaf
762,Healthcare Representative,Speaking
762,Healthcare Representative,Adobe Acrobat
762,Healthcare Representative,Alteer Office
762,Healthcare Representative,Monitoring
762,Healthcare Representative,Allscripts healthcare automation software
762,Healthcare Representative,American Medical Association CodeManager
763,Research Scientist,Amazon DynamoDB
763,Research Scientist,Active Learning
763,Research Scientist,Advanced numerical software
763,Research Scientist,Reading Comprehension
763,Research Scientist,Active Listening
763,Research Scientist,Critical Thinking
763,Research Scientist,Mathematics
764,Healthcare Representative,Adobe Acrobat
764,Healthcare Representative,Reading Comprehension
764,Healthcare Representative,Allscripts healthcare automation software
764,Healthcare Representative,Active Listening
764,Healthcare Representative,Alteer Office
764,Healthcare Representative,AcuStaf
764,Healthcare Representative,American Medical Association CodeManager
764,Healthcare Representative,Monitoring
766,Sales Representative,Adobe Illustrator
766,Sales Representative,ACT! Premium
766,Sales Representative,Active Listening
766,Sales Representative,Writing
766,Sales Representative,Adobe Dreamweaver
766,Sales Representative,Speaking
769,Laboratory Technician,Writing
769,Laboratory Technician,Reading Comprehension
769,Laboratory Technician,Monitoring
769,Laboratory Technician,Laboratory information management system LIMS
769,Laboratory Technician,Email software
769,Laboratory Technician,Microsoft Access
769,Laboratory Technician,Critical Thinking
771,Healthcare Representative,Alteer Office
771,Healthcare Representative,American Medical Association CodeManager
771,Healthcare Representative,Adobe Acrobat
771,Healthcare Representative,Reading Comprehension
771,Healthcare Representative,Critical Thinking
772,Laboratory Technician,Monitoring
772,Laboratory Technician,Reading Comprehension
772,Laboratory Technician,Database software
772,Laboratory Technician,Laboratory information management system LIMS
772,Laboratory Technician,Email software
772,Laboratory Technician,Microsoft Access
772,Laboratory Technician,Linux
772,Laboratory Technician,Critical Thinking
773,Research Scientist,Ada
773,Research Scientist,Active Learning
773,Research Scientist,Amazon Elastic Compute Cloud EC2
773,Research Scientist,Mathematics
775,Manufacturing Director,Adobe InDesign
775,Manufacturing Director,Adobe After Effects
775,Manufacturing Director,Apple Final Cut Pro
775,Manufacturing Director,Adobe Photoshop
775,Manufacturing Director,Critical Thinking
775,Manufacturing Director,ABB Optimize IT Predict & Control
776,Manager,Adobe Creative Cloud software
776,Manager,ActionWare
776,Manager,Speaking
776,Manager,Active Listening
776,Manager,ADP Workforce Now
776,Manager,Critical Thinking
776,Manager,Adobe Acrobat
776,Manager,Adobe Photoshop
776,Manager,Reading Comprehension
776,Manager,Monitoring
780,Research Scientist,Active Learning
780,Research Scientist,Advanced numerical software
780,Research Scientist,Ada
780,Research Scientist,Critical Thinking
780,Research Scientist,Mathematics
780,Research Scientist,Reading Comprehension
780,Research Scientist,Algorithmic software
780,Research Scientist,Active Listening
780,Research Scientist,Amazon Elastic Compute Cloud EC2
780,Research Scientist,3D graphics software
781,Sales Executive,Act!
781,Sales Executive,Adobe ActionScript
781,Sales Executive,Apple Keynote
781,Sales Executive,Adobe Acrobat
781,Sales Executive,Speaking
781,Sales Executive,Reading Comprehension
781,Sales Executive,Critical Thinking
781,Sales Executive,Active Listening
781,Sales Executive,Monitoring
781,Sales Executive,Airtable
783,Sales Representative,Adobe Dreamweaver
783,Sales Representative,Critical Thinking
783,Sales Representative,Adobe Acrobat
783,Sales Representative,3M Post-it App
783,Sales Representative,Adobe Creative Cloud software
783,Sales Representative,Reading Comprehension
783,Sales Representative,Speaking
784,Research Scientist,Algorithmic software
784,Research Scientist,Ada
784,Research Scientist,Advanced numerical software
784,Research Scientist,Reading Comprehension
784,Research Scientist,Active Listening
784,Research Scientist,Active Learning
785,Sales Executive,Adobe ActionScript
785,Sales Executive,Act!
785,Sales Executive,Speaking
785,Sales Executive,Adobe Creative Cloud software
785,Sales Executive,Adobe Acrobat
785,Sales Executive,Critical Thinking
785,Sales Executive,Airtable
785,Sales Executive,Monitoring
786,Sales Executive,Active Listening
786,Sales Executive,Monitoring
786,Sales Executive,Adobe ActionScript
786,Sales Executive,Airtable
786,Sales Executive,Reading Comprehension
786,Sales Executive,Act!
786,Sales Executive,Speaking
786,Sales Executive,Apple Keynote
787,Manager,Active Listening
787,Manager,ADP Workforce Now
787,Manager,Speaking
787,Manager,Reading Comprehension
787,Manager,Adobe Acrobat
787,Manager,Monitoring
787,Manager,Adobe Creative Cloud software
787,Manager,ActionWare
787,Manager,Critical Thinking
789,Sales Executive,Monitoring
789,Sales Executive,Apple Keynote
789,Sales Executive,Act!
789,Sales Executive,Adobe ActionScript
789,Sales Executive,Critical Thinking
789,Sales Executive,Reading Comprehension
789,Sales Executive,Active Listening
789,Sales Executive,Adobe Creative Cloud software
789,Sales Executive,Speaking
791,Research Scientist,Amazon Elastic Compute Cloud EC2
791,Research Scientist,Active Learning
791,Research Scientist,Mathematics
791,Research Scientist,Algorithmic software
791,Research Scientist,Active Listening
791,Research Scientist,Critical Thinking
792,Laboratory Technician,Critical Thinking
792,Laboratory Technician,Laboratory information management system LIMS
792,Laboratory Technician,C++
792,Laboratory Technician,Linux
793,Healthcare Representative,Speaking
793,Healthcare Representative,Adobe Acrobat
793,Healthcare Representative,Alteer Office
793,Healthcare Representative,AcuStaf
793,Healthcare Representative,Monitoring
793,Healthcare Representative,Reading Comprehension
793,Healthcare Representative,Critical Thinking
793,Healthcare Representative,American Medical Association CodeManager
796,Sales Executive,Act!
796,Sales Executive,Speaking
796,Sales Executive,Adobe Acrobat
796,Sales Executive,Critical Thinking
796,Sales Executive,Airtable
796,Sales Executive,Reading Comprehension
796,Sales Executive,Active Listening
796,Sales Executive,Adobe Creative Cloud software
797,Research Scientist,Amazon DynamoDB
797,Research Scientist,Critical Thinking
797,Research Scientist,Active Learning
797,Research Scientist,Advanced numerical software
797,Research Scientist,Mathematics
797,Research Scientist,3D graphics software
797,Research Scientist,Reading Comprehension
799,Manufacturing Director,ABB Optimize IT Predict & Control
799,Manufacturing Director,Adobe Photoshop
799,Manufacturing Director,Reading Comprehension
799,Manufacturing Director,Adobe After Effects
799,Manufacturing Director,Monitoring
799,Manufacturing Director,Adobe Acrobat
799,Manufacturing Director,Speaking
799,Manufacturing Director,Active Listening
799,Manufacturing Director,Adobe InDesign
799,Manufacturing Director,Critical Thinking
800,Sales Executive,Apple Keynote
800,Sales Executive,Airtable
800,Sales Executive,Reading Comprehension
800,Sales Executive,Monitoring
800,Sales Executive,Critical Thinking
800,Sales Executive,Adobe Creative Cloud software
802,Research Scientist,Active Learning
802,Research Scientist,3D graphics software
802,Research Scientist,Active Listening
802,Research Scientist,Reading Comprehension
802,Research Scientist,Advanced numerical software
802,Research Scientist,Mathematics
803,Manufacturing Director,Monitoring
803,Manufacturing Director,ABB Optimize IT Predict & Control
803,Manufacturing Director,Active Listening
803,Manufacturing Director,Apple Final Cut Pro
803,Manufacturing Director,Reading Comprehension
803,Manufacturing Director,Adobe Photoshop
803,Manufacturing Director,Adobe After Effects
804,Research Scientist,Amazon DynamoDB
804,Research Scientist,Active Listening
804,Research Scientist,Mathematics
804,Research Scientist,Critical Thinking
804,Research Scientist,Ada
804,Research Scientist,3D graphics software
804,Research Scientist,Amazon Elastic Compute Cloud EC2
804,Research Scientist,Reading Comprehension
804,Research Scientist,Active Learning
805,Sales Representative,3M Post-it App
805,Sales Representative,ACT! Premium
805,Sales Representative,Adobe Dreamweaver
805,Sales Representative,Speaking
805,Sales Representative,Writing
805,Sales Representative,Adobe Acrobat
806,Laboratory Technician,Science
806,Laboratory Technician,Linux
806,Laboratory Technician,Database software
806,Laboratory Technician,Microsoft Access
806,Laboratory Technician,Writing
806,Laboratory Technician,Monitoring
806,Laboratory Technician,C++
807,Healthcare Representative,Alteer Office
807,Healthcare Representative,American Medical Association CodeManager
807,Healthcare Representative,Critical Thinking
807,Healthcare Representative,Monitoring
807,Healthcare Representative,Active Listening
807,Healthcare Representative,Reading Comprehension
807,Healthcare Representative,3DGrid HIPAA Checkup
807,Healthcare Representative,Allscripts healthcare automation software
807,Healthcare Representative,AcuStaf
808,Sales Executive,Reading Comprehension
808,Sales Executive,Monitoring
808,Sales Executive,Active Listening
808,Sales Executive,Critical Thinking
808,Sales Executive,Apple Keynote
808,Sales Executive,Adobe Creative Cloud software
808,Sales Executive,Airtable
809,Manager,Adobe Acrobat
809,Manager,Act!
809,Manager,Monitoring
809,Manager,Reading Comprehension
809,Manager,Adobe Creative Cloud software
809,Manager,Speaking
809,Manager,ADP Workforce Now
809,Manager,Adobe Photoshop
809,Manager,Critical Thinking
811,Laboratory Technician,Microsoft Access
811,Laboratory Technician,Monitoring
811,Laboratory Technician,Laboratory information management system LIMS
811,Laboratory Technician,Science
811,Laboratory Technician,C++
811,Laboratory Technician,Linux
812,Laboratory Technician,Writing
812,Laboratory Technician,Critical Thinking
812,Laboratory Technician,C++
812,Laboratory Technician,Reading Comprehension
812,Laboratory Technician,Science
813,Laboratory Technician,Writing
813,Laboratory Technician,Monitoring
813,Laboratory Technician,Reading Comprehension
813,Laboratory Technician,C++
813,Laboratory Technician,Email software
813,Laboratory Technician,Database software
813,Laboratory Technician,Linux
813,Laboratory Technician,Microsoft Access
815,Research Director,Active Listening
815,Research Director,Graphics software
815,Research Director,IBM Lotus 1-2-3
815,Research Director,Reading Comprehension
815,Research Director,ESRI ArcGIS software
815,Research Director,Critical Thinking
815,Research Director,Adobe Photoshop
815,Research Director,Writing
816,Laboratory Technician,Laboratory information management system LIMS
816,Laboratory Technician,Critical Thinking
816,Laboratory Technician,Linux
816,Laboratory Technician,Monitoring
816,Laboratory Technician,Database software
816,Laboratory Technician,Microsoft Access
817,Research Director,Adobe Acrobat
817,Research Director,Clinical trial management software
817,Research Director,Graphics software
817,Research Director,Active Listening
817,Research Director,Reading Comprehension
817,Research Director,Adobe Photoshop
817,Research Director,Writing
817,Research Director,Critical Thinking
819,Sales Executive,Critical Thinking
819,Sales Executive,Apple Keynote
819,Sales Executive,Adobe Acrobat
819,Sales Executive,Adobe Creative Cloud software
819,Sales Executive,Act!
819,Sales Executive,Adobe ActionScript
820,Manager,ActionWare
820,Manager,Reading Comprehension
820,Manager,Active Listening
820,Manager,Critical Thinking
820,Manager,ADP Workforce Now
820,Manager,Monitoring
820,Manager,Speaking
820,Manager,Adobe Acrobat
820,Manager,Adobe Creative Cloud software
823,Manufacturing Director,Speaking
823,Manufacturing Director,Critical Thinking
823,Manufacturing Director,ABB Optimize IT Predict & Control
823,Manufacturing Director,Reading Comprehension
823,Manufacturing Director,Monitoring
823,Manufacturing Director,Adobe Photoshop
823,Manufacturing Director,Apple Final Cut Pro
823,Manufacturing Director,Adobe Acrobat
823,Manufacturing Director,Adobe InDesign
824,Research Scientist,3D graphics software
824,Research Scientist,Active Learning
824,Research Scientist,Critical Thinking
824,Research Scientist,Amazon Elastic Compute Cloud EC2
824,Research Scientist,Amazon DynamoDB
824,Research Scientist,Advanced numerical software
824,Research Scientist,Ada
824,Research Scientist,Mathematics
824,Research Scientist,Active Listening
824,Research Scientist,Algorithmic software
825,Research Director,IBM Lotus 1-2-3
825,Research Director,Adobe Photoshop
825,Research Director,Critical Thinking
825,Research Director,Science
825,Research Director,Reading Comprehension
825,Research Director,Adobe Acrobat
825,Research Director,Writing
825,Research Director,Clinical trial management software
825,Research Director,ESRI ArcGIS software
826,Research Scientist,Reading Comprehension
826,Research Scientist,3D graphics software
826,Research Scientist,Active Learning
826,Research Scientist,Ada
826,Research Scientist,Critical Thinking
827,Manufacturing Director,Speaking
827,Manufacturing Director,Monitoring
827,Manufacturing Director,Active Listening
827,Manufacturing Director,Critical Thinking
827,Manufacturing Director,Apple Final Cut Pro
827,Manufacturing Director,Reading Comprehension
827,Manufacturing Director,Adobe Photoshop
827,Manufacturing Director,Adobe InDesign
828,Research Scientist,Advanced numerical software
828,Research Scientist,Reading Comprehension
828,Research Scientist,3D graphics software
828,Research Scientist,Amazon DynamoDB
828,Research Scientist,Mathematics
828,Research Scientist,Active Learning
828,Research Scientist,Ada
829,Human Resources,Speaking
829,Human Resources,Critical Thinking
829,Human Resources,Writing
829,Human Resources,Adobe Human Capital Application Solution Accelerator
829,Human Resources,Adobe InDesign
829,Human Resources,Adobe Dreamweaver
829,Human Resources,Active Listening
830,Manufacturing Director,Critical Thinking
830,Manufacturing Director,Reading Comprehension
830,Manufacturing Director,Adobe InDesign
830,Manufacturing Director,Active Listening
830,Manufacturing Director,Monitoring
830,Manufacturing Director,Adobe After Effects
830,Manufacturing Director,Adobe Acrobat
830,Manufacturing Director,Adobe Photoshop
830,Manufacturing Director,Apple Final Cut Pro
830,Manufacturing Director,ABB Optimize IT Predict & Control
832,Laboratory Technician,Monitoring
832,Laboratory Technician,Critical Thinking
832,Laboratory Technician,Linux
832,Laboratory Technician,Laboratory information management system LIMS
832,Laboratory Technician,Email software
832,Laboratory Technician,Writing
833,Manufacturing Director,ABB Optimize IT Predict & Control
833,Manufacturing Director,Reading Comprehension
833,Manufacturing Director,Monitoring
833,Manufacturing Director,Adobe InDesign
833,Manufacturing Director,Adobe Photoshop
833,Manufacturing Director,Adobe Acrobat
834,Research Scientist,Advanced numerical software
834,Research Scientist,Amazon Elastic Compute Cloud EC2
834,Research Scientist,Mathematics
834,Research Scientist,Reading Comprehension
834,Research Scientist,Algorithmic software
834,Research Scientist,3D graphics software
834,Research Scientist,Active Learning
836,Manufacturing Director,Reading Comprehension
836,Manufacturing Director,Adobe Photoshop
836,Manufacturing Director,ABB Optimize IT Predict & Control
836,Manufacturing Director,Active Listening
836,Manufacturing Director,Apple Final Cut Pro
836,Manufacturing Director,Adobe InDesign
836,Manufacturing Director,Critical Thinking
836,Manufacturing Director,Speaking
837,Healthcare Representative,Critical Thinking
837,Healthcare Representative,Active Listening
837,Healthcare Representative,Allscripts healthcare automation software
837,Healthcare Representative,Monitoring
837,Healthcare Representative,American Medical Association CodeManager
837,Healthcare Representative,Adobe Acrobat
837,Healthcare Representative,AcuStaf
837,Healthcare Representative,3DGrid HIPAA Checkup
837,Healthcare Representative,Reading Comprehension
838,Research Scientist,Critical Thinking
838,Research Scientist,Amazon DynamoDB
838,Research Scientist,Amazon Elastic Compute Cloud EC2
838,Research Scientist,Reading Comprehension
838,Research Scientist,Active Listening
838,Research Scientist,Advanced numerical software
840,Sales Executive,Critical Thinking
840,Sales Executive,Active Listening
840,Sales Executive,Airtable
840,Sales Executive,Apple Keynote
840,Sales Executive,Adobe Creative Cloud software
840,Sales Executive,Reading Comprehension
840,Sales Executive,Act!
840,Sales Executive,Speaking
842,Sales Executive,Adobe Creative Cloud software
842,Sales Executive,Apple Keynote
842,Sales Executive,Act!
842,Sales Executive,Airtable
842,Sales Executive,Adobe Acrobat
842,Sales Executive,Adobe ActionScript
842,Sales Executive,Speaking
842,Sales Executive,Monitoring
842,Sales Executive,Critical Thinking
843,Research Director,Science
843,Research Director,Reading Comprehension
843,Research Director,ESRI ArcGIS software
843,Research Director,Graphics software
843,Research Director,Clinical trial management software
843,Research Director,Critical Thinking
843,Research Director,Adobe Photoshop
843,Research Director,Adobe Acrobat
843,Research Director,IBM Lotus 1-2-3
843,Research Director,Writing
844,Research Director,Reading Comprehension
844,Research Director,Critical Thinking
844,Research Director,IBM Lotus 1-2-3
844,Research Director,Writing
844,Research Director,Clinical trial management software
844,Research Director,Graphics software
844,Research Director,Adobe Acrobat
844,Research Director,ESRI ArcGIS software
845,Manufacturing Director,Adobe Photoshop
845,Manufacturing Director,ABB Optimize IT Predict & Control
845,Manufacturing Director,Apple Final Cut Pro
845,Manufacturing Director,Monitoring
845,Manufacturing Director,Reading Comprehension
845,Manufacturing Director,Speaking
845,Manufacturing Director,Adobe InDesign
845,Manufacturing Director,Adobe After Effects
846,Sales Executive,Adobe Acrobat
846,Sales Executive,Speaking
846,Sales Executive,Adobe ActionScript
846,Sales Executive,Critical Thinking
846,Sales Executive,Adobe Creative Cloud software
846,Sales Executive,Apple Keynote
846,Sales Executive,Act!
846,Sales Executive,Active Listening
846,Sales Executive,Airtable
846,Sales Executive,Monitoring
847,Human Resources,Adobe InDesign
847,Human Resources,Writing
847,Human Resources,Critical Thinking
847,Human Resources,Speaking
847,Human Resources,Active Listening
847,Human Resources,Adobe Dreamweaver
848,Research Scientist,Amazon Elastic Compute Cloud EC2
848,Research Scientist,Ada
848,Research Scientist,Active Learning
848,Research Scientist,Advanced numerical software
848,Research Scientist,Critical Thinking
848,Research Scientist,Algorithmic software
848,Research Scientist,Reading Comprehension
848,Research Scientist,3D graphics software
848,Research Scientist,Amazon DynamoDB
848,Research Scientist,Mathematics
850,Research Scientist,3D graphics software
850,Research Scientist,Advanced numerical software
850,Research Scientist,Amazon Elastic Compute Cloud EC2
850,Research Scientist,Reading Comprehension
850,Research Scientist,Active Learning
851,Manager,ADP Workforce Now
851,Manager,Reading Comprehension
851,Manager,Act!
851,Manager,ActionWare
851,Manager,Monitoring
851,Manager,Adobe Photoshop
851,Manager,Active Listening
851,Manager,Adobe Acrobat
852,Healthcare Representative,Allscripts healthcare automation software
852,Healthcare Representative,Monitoring
852,Healthcare Representative,Critical Thinking
852,Healthcare Representative,Adobe Acrobat
852,Healthcare Representative,Speaking
852,Healthcare Representative,Reading Comprehension
852,Healthcare Representative,AcuStaf
852,Healthcare Representative,Active Listening
854,Research Scientist,3D graphics software
854,Research Scientist,Amazon DynamoDB
854,Research Scientist,Ada
854,Research Scientist,Reading Comprehension
854,Research Scientist,Critical Thinking
854,Research Scientist,Mathematics
854,Research Scientist,Algorithmic software
854,Research Scientist,Active Listening
855,Sales Executive,Monitoring
855,Sales Executive,Apple Keynote
855,Sales Executive,Critical Thinking
855,Sales Executive,Speaking
855,Sales Executive,Active Listening
855,Sales Executive,Act!
855,Sales Executive,Adobe ActionScript
855,Sales Executive,Reading Comprehension
855,Sales Executive,Adobe Acrobat
856,Research Scientist,Algorithmic software
856,Research Scientist,Amazon DynamoDB
856,Research Scientist,Active Listening
856,Research Scientist,Reading Comprehension
856,Research Scientist,Ada
856,Research Scientist,Amazon Elastic Compute Cloud EC2
856,Research Scientist,Mathematics
857,Sales Executive,Reading Comprehension
857,Sales Executive,Monitoring
857,Sales Executive,Adobe ActionScript
857,Sales Executive,Critical Thinking
857,Sales Executive,Airtable
857,Sales Executive,Apple Keynote
857,Sales Executive,Adobe Creative Cloud software
857,Sales Executive,Speaking
857,Sales Executive,Act!
859,Sales Executive,Speaking
859,Sales Executive,Critical Thinking
859,Sales Executive,Apple Keynote
859,Sales Executive,Reading Comprehension
859,Sales Executive,Monitoring
859,Sales Executive,Active Listening
859,Sales Executive,Adobe Creative Cloud software
859,Sales Executive,Act!
861,Research Scientist,Active Learning
861,Research Scientist,Amazon DynamoDB
861,Research Scientist,3D graphics software
861,Research Scientist,Advanced numerical software
861,Research Scientist,Critical Thinking
861,Research Scientist,Active Listening
861,Research Scientist,Ada
861,Research Scientist,Reading Comprehension
861,Research Scientist,Algorithmic software
862,Sales Executive,Active Listening
862,Sales Executive,Critical Thinking
862,Sales Executive,Speaking
862,Sales Executive,Reading Comprehension
862,Sales Executive,Adobe Acrobat
862,Sales Executive,Adobe Creative Cloud software
862,Sales Executive,Airtable
862,Sales Executive,Monitoring
864,Sales Executive,Airtable
864,Sales Executive,Monitoring
864,Sales Executive,Active Listening
864,Sales Executive,Reading Comprehension
864,Sales Executive,Apple Keynote
864,Sales Executive,Critical Thinking
864,Sales Executive,Adobe ActionScript
864,Sales Executive,Act!
865,Research Scientist,Active Listening
865,Research Scientist,Reading Comprehension
865,Research Scientist,Mathematics
865,Research Scientist,Algorithmic software
865,Research Scientist,Advanced numerical software
865,Research Scientist,Amazon Elastic Compute Cloud EC2
865,Research Scientist,3D graphics software
865,Research Scientist,Ada
865,Research Scientist,Active Learning
867,Manufacturing Director,Adobe Photoshop
867,Manufacturing Director,Reading Comprehension
867,Manufacturing Director,Critical Thinking
867,Manufacturing Director,Active Listening
867,Manufacturing Director,Monitoring
867,Manufacturing Director,Adobe InDesign
867,Manufacturing Director,Adobe Acrobat
867,Manufacturing Director,Apple Final Cut Pro
867,Manufacturing Director,Speaking
868,Sales Executive,Active Listening
868,Sales Executive,Airtable
868,Sales Executive,Adobe Acrobat
868,Sales Executive,Speaking
868,Sales Executive,Apple Keynote
868,Sales Executive,Adobe ActionScript
868,Sales Executive,Act!
869,Human Resources,Writing
869,Human Resources,Adobe Illustrator
869,Human Resources,Reading Comprehension
869,Human Resources,Adobe Human Capital Application Solution Accelerator
869,Human Resources,Adobe Creative Cloud software
869,Human Resources,Speaking
869,Human Resources,Critical Thinking
869,Human Resources,Active Listening
872,Manufacturing Director,Monitoring
872,Manufacturing Director,Speaking
872,Manufacturing Director,ABB Optimize IT Predict & Control
872,Manufacturing Director,Adobe After Effects
872,Manufacturing Director,Adobe InDesign
872,Manufacturing Director,Critical Thinking
872,Manufacturing Director,Active Listening
872,Manufacturing Director,Adobe Photoshop
874,Laboratory Technician,Database software
874,Laboratory Technician,Microsoft Access
874,Laboratory Technician,C++
874,Laboratory Technician,Laboratory information management system LIMS
874,Laboratory Technician,Writing
874,Laboratory Technician,Email software
875,Research Scientist,Active Listening
875,Research Scientist,Ada
875,Research Scientist,Amazon Elastic Compute Cloud EC2
875,Research Scientist,Algorithmic software
875,Research Scientist,Advanced numerical software
875,Research Scientist,Reading Comprehension
878,Human Resources,Active Listening
878,Human Resources,Adobe Acrobat
878,Human Resources,Adobe Dreamweaver
878,Human Resources,Adobe Human Capital Application Solution Accelerator
878,Human Resources,Reading Comprehension
879,Sales Executive,Reading Comprehension
879,Sales Executive,Apple Keynote
879,Sales Executive,Speaking
879,Sales Executive,Active Listening
879,Sales Executive,Critical Thinking
879,Sales Executive,Adobe ActionScript
879,Sales Executive,Adobe Creative Cloud software
879,Sales Executive,Act!
880,Manufacturing Director,Adobe After Effects
880,Manufacturing Director,Reading Comprehension
880,Manufacturing Director,ABB Optimize IT Predict & Control
880,Manufacturing Director,Active Listening
880,Manufacturing Director,Apple Final Cut Pro
880,Manufacturing Director,Speaking
880,Manufacturing Director,Adobe Acrobat
880,Manufacturing Director,Adobe Photoshop
880,Manufacturing Director,Adobe InDesign
881,Research Scientist,Amazon DynamoDB
881,Research Scientist,Reading Comprehension
881,Research Scientist,Amazon Elastic Compute Cloud EC2
881,Research Scientist,Mathematics
881,Research Scientist,Ada
881,Research Scientist,Critical Thinking
881,Research Scientist,3D graphics software
881,Research Scientist,Advanced numerical software
881,Research Scientist,Active Listening
881,Research Scientist,Active Learning
882,Laboratory Technician,Monitoring
882,Laboratory Technician,C++
882,Laboratory Technician,Linux
882,Laboratory Technician,Writing
882,Laboratory Technician,Laboratory information management system LIMS
882,Laboratory Technician,Critical Thinking
882,Laboratory Technician,Email software
885,Sales Executive,Critical Thinking
885,Sales Executive,Act!
885,Sales Executive,Airtable
885,Sales Executive,Speaking
885,Sales Executive,Adobe Acrobat
885,Sales Executive,Reading Comprehension
885,Sales Executive,Adobe ActionScript
885,Sales Executive,Adobe Creative Cloud software
887,Research Scientist,Ada
887,Research Scientist,Amazon Elastic Compute Cloud EC2
887,Research Scientist,Advanced numerical software
887,Research Scientist,Active Listening
887,Research Scientist,Mathematics
887,Research Scientist,Algorithmic software
888,Laboratory Technician,Reading Comprehension
888,Laboratory Technician,Writing
888,Laboratory Technician,C++
888,Laboratory Technician,Critical Thinking
888,Laboratory Technician,Database software
888,Laboratory Technician,Monitoring
888,Laboratory Technician,Laboratory information management system LIMS
889,Sales Executive,Adobe Acrobat
889,Sales Executive,Airtable
889,Sales Executive,Adobe ActionScript
889,Sales Executive,Speaking
889,Sales Executive,Act!
889,Sales Executive,Active Listening
889,Sales Executive,Critical Thinking
889,Sales Executive,Apple Keynote
893,Sales Representative,Critical Thinking
893,Sales Representative,3M Post-it App
893,Sales Representative,ACT! Premium
893,Sales Representative,Adobe Creative Cloud software
893,Sales Representative,Writing
893,Sales Representative,Reading Comprehension
894,Laboratory Technician,Laboratory information management system LIMS
894,Laboratory Technician,C++
894,Laboratory Technician,Monitoring
894,Laboratory Technician,Microsoft Access
894,Laboratory Technician,Database software
894,Laboratory Technician,Email software
894,Laboratory Technician,Linux
894,Laboratory Technician,Reading Comprehension
895,Research Scientist,Amazon Elastic Compute Cloud EC2
895,Research Scientist,Algorithmic software
895,Research Scientist,Amazon DynamoDB
895,Research Scientist,3D graphics software
895,Research Scientist,Active Learning
895,Research Scientist,Advanced numerical software
895,Research Scientist,Active Listening
895,Research Scientist,Critical Thinking
896,Sales Representative,Adobe Dreamweaver
896,Sales Representative,3M Post-it App
896,Sales Representative,Reading Comprehension
896,Sales Representative,ACT! Premium
896,Sales Representative,Adobe Creative Cloud software
896,Sales Representative,Adobe Acrobat
896,Sales Representative,Active Listening
896,Sales Representative,Adobe Illustrator
897,Sales Executive,Adobe Creative Cloud software
897,Sales Executive,Critical Thinking
897,Sales Executive,Adobe ActionScript
897,Sales Executive,Airtable
897,Sales Executive,Act!
897,Sales Executive,Reading Comprehension
897,Sales Executive,Apple Keynote
897,Sales Executive,Active Listening
897,Sales Executive,Adobe Acrobat
897,Sales Executive,Monitoring
899,Manufacturing Director,Reading Comprehension
899,Manufacturing Director,Speaking
899,Manufacturing Director,Apple Final Cut Pro
899,Manufacturing Director,Critical Thinking
899,Manufacturing Director,Adobe Photoshop
899,Manufacturing Director,Adobe Acrobat
899,Manufacturing Director,Monitoring
899,Manufacturing Director,Adobe InDesign
900,Sales Representative,Adobe Creative Cloud software
900,Sales Representative,Writing
900,Sales Representative,Adobe Dreamweaver
900,Sales Representative,Speaking
900,Sales Representative,Critical Thinking
900,Sales Representative,Active Listening
900,Sales Representative,Reading Comprehension
901,Research Director,Clinical trial management software
901,Research Director,Critical Thinking
901,Research Director,Science
901,Research Director,Reading Comprehension
901,Research Director,Adobe Acrobat
901,Research Director,IBM Lotus 1-2-3
901,Research Director,Writing
901,Research Director,Adobe Photoshop
902,Healthcare Representative,Speaking
902,Healthcare Representative,Allscripts healthcare automation software
902,Healthcare Representative,Adobe Acrobat
902,Healthcare Representative,Monitoring
902,Healthcare Representative,Active Listening
902,Healthcare Representative,AcuStaf
902,Healthcare Representative,3DGrid HIPAA Checkup
902,Healthcare Representative,Reading Comprehension
902,Healthcare Representative,American Medical Association CodeManager
903,Sales Executive,Act!
903,Sales Executive,Speaking
903,Sales Executive,Apple Keynote
903,Sales Executive,Airtable
903,Sales Executive,Adobe Acrobat
903,Sales Executive,Critical Thinking
903,Sales Executive,Monitoring
903,Sales Executive,Adobe Creative Cloud software
904,Sales Executive,Critical Thinking
904,Sales Executive,Airtable
904,Sales Executive,Monitoring
904,Sales Executive,Adobe Creative Cloud software
904,Sales Executive,Apple Keynote
904,Sales Executive,Act!
904,Sales Executive,Reading Comprehension
904,Sales Executive,Active Listening
904,Sales Executive,Adobe ActionScript
904,Sales Executive,Adobe Acrobat
905,Manager,Active Listening
905,Manager,Adobe Creative Cloud software
905,Manager,ActionWare
905,Manager,Adobe Photoshop
905,Manager,Critical Thinking
905,Manager,Speaking
905,Manager,Adobe Acrobat
909,Human Resources,Speaking
909,Human Resources,Active Listening
909,Human Resources,Adobe Illustrator
909,Human Resources,Adobe InDesign
909,Human Resources,Adobe Creative Cloud software
909,Human Resources,Adobe Dreamweaver
909,Human Resources,Adobe Human Capital Application Solution Accelerator
909,Human Resources,Reading Comprehension
909,Human Resources,Writing
909,Human Resources,Critical Thinking
910,Human Resources,Adobe Acrobat
910,Human Resources,Critical Thinking
910,Human Resources,Adobe Illustrator
910,Human Resources,Active Listening
910,Human Resources,Adobe Dreamweaver
910,Human Resources,Reading Comprehension
910,Human Resources,Speaking
910,Human Resources,Adobe Human Capital Application Solution Accelerator
911,Laboratory Technician,Writing
911,Laboratory Technician,Science
911,Laboratory Technician,Database software
911,Laboratory Technician,Linux
912,Laboratory Technician,Writing
912,Laboratory Technician,Microsoft Access
912,Laboratory Technician,Reading Comprehension
912,Laboratory Technician,Monitoring
912,Laboratory Technician,Email software
912,Laboratory Technician,Linux
912,Laboratory Technician,Laboratory information management system LIMS
912,Laboratory Technician,Science
913,Research Scientist,Reading Comprehension
913,Research Scientist,Algorithmic software
913,Research Scientist,Amazon DynamoDB
913,Research Scientist,Amazon Elastic Compute Cloud EC2
913,Research Scientist,3D graphics software
913,Research Scientist,Advanced numerical software
913,Research Scientist,Mathematics
913,Research Scientist,Critical Thinking
913,Research Scientist,Active Listening
913,Research Scientist,Ada
916,Sales Executive,Adobe ActionScript
916,Sales Executive,Airtable
916,Sales Executive,Adobe Acrobat
916,Sales Executive,Apple Keynote
916,Sales Executive,Act!
916,Sales Executive,Adobe Creative Cloud software
916,Sales Executive,Monitoring
916,Sales Executive,Reading Comprehension
916,Sales Executive,Active Listening
916,Sales Executive,Speaking
918,Laboratory Technician,C++
918,Laboratory Technician,Monitoring
918,Laboratory Technician,Database software
918,Laboratory Technician,Science
918,Laboratory Technician,Writing
920,Manufacturing Director,Monitoring
920,Manufacturing Director,Speaking
920,Manufacturing Director,Apple Final Cut Pro
920,Manufacturing Director,Adobe Photoshop
920,Manufacturing Director,Adobe Acrobat
920,Manufacturing Director,Adobe InDesign
920,Manufacturing Director,Reading Comprehension
920,Manufacturing Director,Critical Thinking
922,Sales Representative,Adobe Creative Cloud software
922,Sales Representative,Critical Thinking
922,Sales Representative,3M Post-it App
922,Sales Representative,Reading Comprehension
922,Sales Representative,Writing
922,Sales Representative,Speaking
922,Sales Representative,Adobe Illustrator
922,Sales Representative,Active Listening
923,Research Scientist,Mathematics
923,Research Scientist,Active Listening
923,Research Scientist,Algorithmic software
923,Research Scientist,Ada
923,Research Scientist,Advanced numerical software
923,Research Scientist,Amazon Elastic Compute Cloud EC2
923,Research Scientist,Critical Thinking
924,Healthcare Representative,Alteer Office
924,Healthcare Representative,Reading Comprehension
924,Healthcare Representative,3DGrid HIPAA Checkup
924,Healthcare Representative,American Medical Association CodeManager
924,Healthcare Representative,Monitoring
924,Healthcare Representative,Active Listening
924,Healthcare Representative,Speaking
924,Healthcare Representative,Critical Thinking
925,Sales Representative,Adobe Acrobat
925,Sales Representative,Writing
925,Sales Representative,3M Post-it App
925,Sales Representative,Adobe Dreamweaver
925,Sales Representative,Active Listening
926,Manufacturing Director,Active Listening
926,Manufacturing Director,Speaking
926,Manufacturing Director,ABB Optimize IT Predict & Control
926,Manufacturing Director,Adobe Photoshop
926,Manufacturing Director,Adobe InDesign
926,Manufacturing Director,Apple Final Cut Pro
927,Laboratory Technician,Reading Comprehension
927,Laboratory Technician,Database software
927,Laboratory Technician,Laboratory information management system LIMS
927,Laboratory Technician,Science
927,Laboratory Technician,Writing
927,Laboratory Technician,Monitoring
927,Laboratory Technician,Email software
927,Laboratory Technician,Linux
930,Research Scientist,Reading Comprehension
930,Research Scientist,3D graphics software
930,Research Scientist,Amazon DynamoDB
930,Research Scientist,Algorithmic software
930,Research Scientist,Advanced numerical software
930,Research Scientist,Mathematics
930,Research Scientist,Ada
932,Laboratory Technician,Email software
932,Laboratory Technician,Laboratory information management system LIMS
932,Laboratory Technician,Critical Thinking
932,Laboratory Technician,Monitoring
932,Laboratory Technician,Writing
932,Laboratory Technician,Science
932,Laboratory Technician,C++
933,Research Scientist,Advanced numerical software
933,Research Scientist,Active Listening
933,Research Scientist,Active Learning
933,Research Scientist,Reading Comprehension
934,Laboratory Technician,Email software
934,Laboratory Technician,Monitoring
934,Laboratory Technician,C++
934,Laboratory Technician,Science
934,Laboratory Technician,Laboratory information management system LIMS
934,Laboratory Technician,Database software
934,Laboratory Technician,Writing
936,Sales Executive,Active Listening
936,Sales Executive,Apple Keynote
936,Sales Executive,Speaking
936,Sales Executive,Monitoring
936,Sales Executive,Adobe Creative Cloud software
936,Sales Executive,Act!
936,Sales Executive,Airtable
936,Sales Executive,Reading Comprehension
936,Sales Executive,Adobe ActionScript
939,Research Scientist,Ada
939,Research Scientist,Algorithmic software
939,Research Scientist,3D graphics software
939,Research Scientist,Reading Comprehension
939,Research Scientist,Critical Thinking
939,Research Scientist,Advanced numerical software
939,Research Scientist,Active Learning
940,Healthcare Representative,American Medical Association CodeManager
940,Healthcare Representative,AcuStaf
940,Healthcare Representative,Active Listening
940,Healthcare Representative,Alteer Office
940,Healthcare Representative,Allscripts healthcare automation software
940,Healthcare Representative,Critical Thinking
940,Healthcare Representative,3DGrid HIPAA Checkup
940,Healthcare Representative,Reading Comprehension
940,Healthcare Representative,Monitoring
940,Healthcare Representative,Speaking
941,Sales Representative,Speaking
941,Sales Representative,Adobe Dreamweaver
941,Sales Representative,Reading Comprehension
941,Sales Representative,3M Post-it App
941,Sales Representative,Adobe Creative Cloud software
941,Sales Representative,Critical Thinking
942,Healthcare Representative,AcuStaf
942,Healthcare Representative,Speaking
942,Healthcare Representative,3DGrid HIPAA Checkup
942,Healthcare Representative,Active Listening
942,Healthcare Representative,American Medical Association CodeManager
942,Healthcare Representative,Adobe Acrobat
942,Healthcare Representative,Allscripts healthcare automation software
942,Healthcare Representative,Monitoring
944,Laboratory Technician,Science
944,Laboratory Technician,Reading Comprehension
944,Laboratory Technician,C++
944,Laboratory Technician,Writing
944,Laboratory Technician,Email software
944,Laboratory Technician,Laboratory information management system LIMS
944,Laboratory Technician,Database software
944,Laboratory Technician,Microsoft Access
944,Laboratory Technician,Linux
944,Laboratory Technician,Critical Thinking
945,Research Scientist,Amazon Elastic Compute Cloud EC2
945,Research Scientist,Critical Thinking
945,Research Scientist,Reading Comprehension
945,Research Scientist,Amazon DynamoDB
947,Sales Executive,Monitoring
947,Sales Executive,Airtable
947,Sales Executive,Adobe Acrobat
947,Sales Executive,Adobe ActionScript
947,Sales Executive,Reading Comprehension
947,Sales Executive,Active Listening
947,Sales Executive,Adobe Creative Cloud software
949,Research Scientist,Amazon DynamoDB
949,Research Scientist,3D graphics software
949,Research Scientist,Active Learning
949,Research Scientist,Reading Comprehension
949,Research Scientist,Mathematics
949,Research Scientist,Advanced numerical software
950,Research Director,Clinical trial management software
950,Research Director,Graphics software
950,Research Director,Critical Thinking
950,Research Director,Adobe Acrobat
950,Research Director,Active Listening
950,Research Director,Reading Comprehension
950,Research Director,Science
950,Research Director,Adobe Photoshop
950,Research Director,ESRI ArcGIS software
950,Research Director,Writing
951,Laboratory Technician,Laboratory information management system LIMS
951,Laboratory Technician,Microsoft Access
951,Laboratory Technician,Reading Comprehension
951,Laboratory Technician,C++
951,Laboratory Technician,Database software
951,Laboratory Technician,Science
952,Sales Representative,Adobe Acrobat
952,Sales Representative,Writing
952,Sales Representative,Critical Thinking
952,Sales Representative,Adobe Creative Cloud software
952,Sales Representative,Reading Comprehension
952,Sales Representative,Adobe Illustrator
952,Sales Representative,Active Listening
954,Sales Executive,Reading Comprehension
954,Sales Executive,Adobe Creative Cloud software
954,Sales Executive,Airtable
954,Sales Executive,Critical Thinking
954,Sales Executive,Speaking
954,Sales Executive,Act!
954,Sales Executive,Apple Keynote
954,Sales Executive,Adobe ActionScript
956,Sales Executive,Critical Thinking
956,Sales Executive,Monitoring
956,Sales Executive,Active Listening
956,Sales Executive,Speaking
956,Sales Executive,Adobe Acrobat
956,Sales Executive,Apple Keynote
956,Sales Executive,Act!
956,Sales Executive,Adobe ActionScript
956,Sales Executive,Reading Comprehension
956,Sales Executive,Adobe Creative Cloud software
957,Laboratory Technician,Microsoft Access
957,Laboratory Technician,Linux
957,Laboratory Technician,Reading Comprehension
957,Laboratory Technician,C++
957,Laboratory Technician,Monitoring
957,Laboratory Technician,Email software
957,Laboratory Technician,Science
958,Laboratory Technician,Critical Thinking
958,Laboratory Technician,Linux
958,Laboratory Technician,Reading Comprehension
958,Laboratory Technician,Science
958,Laboratory Technician,Laboratory information management system LIMS
958,Laboratory Technician,Email software
958,Laboratory Technician,Microsoft Access
958,Laboratory Technician,Writing
959,Sales Representative,Adobe Dreamweaver
959,Sales Representative,3M Post-it App
959,Sales Representative,Writing
959,Sales Representative,Active Listening
959,Sales Representative,Adobe Illustrator
960,Laboratory Technician,Email software
960,Laboratory Technician,Reading Comprehension
960,Laboratory Technician,Microsoft Access
960,Laboratory Technician,Science
961,Healthcare Representative,Allscripts healthcare automation software
961,Healthcare Representative,Active Listening
961,Healthcare Representative,Critical Thinking
961,Healthcare Representative,AcuStaf
961,Healthcare Representative,Reading Comprehension
961,Healthcare Representative,Adobe Acrobat
961,Healthcare Representative,Monitoring
961,Healthcare Representative,Speaking
961,Healthcare Representative,3DGrid HIPAA Checkup
961,Healthcare Representative,American Medical Association CodeManager
964,Research Scientist,Reading Comprehension
964,Research Scientist,Active Listening
964,Research Scientist,3D graphics software
964,Research Scientist,Ada
964,Research Scientist,Critical Thinking
964,Research Scientist,Amazon DynamoDB
964,Research Scientist,Advanced numerical software
966,Manufacturing Director,Adobe InDesign
966,Manufacturing Director,Apple Final Cut Pro
966,Manufacturing Director,Adobe Photoshop
966,Manufacturing Director,Adobe Acrobat
966,Manufacturing Director,Reading Comprehension
966,Manufacturing Director,Monitoring
966,Manufacturing Director,Critical Thinking
966,Manufacturing Director,Active Listening
966,Manufacturing Director,Speaking
967,Sales Executive,Airtable
967,Sales Executive,Adobe Creative Cloud software
967,Sales Executive,Critical Thinking
967,Sales Executive,Adobe Acrobat
967,Sales Executive,Speaking
967,Sales Executive,Active Listening
967,Sales Executive,Adobe ActionScript
967,Sales Executive,Apple Keynote
967,Sales Executive,Act!
969,Healthcare Representative,Speaking
969,Healthcare Representative,Active Listening
969,Healthcare Representative,Reading Comprehension
969,Healthcare Representative,American Medical Association CodeManager
969,Healthcare Representative,Allscripts healthcare automation software
969,Healthcare Representative,Critical Thinking
969,Healthcare Representative,Adobe Acrobat
969,Healthcare Representative,3DGrid HIPAA Checkup
969,Healthcare Representative,Alteer Office
969,Healthcare Representative,Monitoring
970,Sales Executive,Adobe Acrobat
970,Sales Executive,Reading Comprehension
970,Sales Executive,Act!
970,Sales Executive,Adobe ActionScript
970,Sales Executive,Active Listening
970,Sales Executive,Airtable
970,Sales Executive,Critical Thinking
970,Sales Executive,Apple Keynote
972,Laboratory Technician,Reading Comprehension
972,Laboratory Technician,Linux
972,Laboratory Technician,Science
972,Laboratory Technician,Critical Thinking
972,Laboratory Technician,Monitoring
972,Laboratory Technician,Microsoft Access
972,Laboratory Technician,Email software
972,Laboratory Technician,Writing
972,Laboratory Technician,Database software
974,Sales Representative,Adobe Creative Cloud software
974,Sales Representative,Speaking
974,Sales Representative,Reading Comprehension
974,Sales Representative,Adobe Illustrator
974,Sales Representative,Adobe Dreamweaver
974,Sales Representative,Active Listening
974,Sales Representative,Adobe Acrobat
974,Sales Representative,Writing
975,Sales Executive,Adobe Creative Cloud software
975,Sales Executive,Critical Thinking
975,Sales Executive,Monitoring
975,Sales Executive,Reading Comprehension
975,Sales Executive,Speaking
975,Sales Executive,Apple Keynote
975,Sales Executive,Active Listening
975,Sales Executive,Airtable
975,Sales Executive,Act!
975,Sales Executive,Adobe Acrobat
976,Manager,Adobe Photoshop
976,Manager,Adobe Acrobat
976,Manager,Adobe Creative Cloud software
976,Manager,Act!
976,Manager,ActionWare
976,Manager,ADP Workforce Now
976,Manager,Critical Thinking
977,Research Scientist,Critical Thinking
977,Research Scientist,Reading Comprehension
977,Research Scientist,Ada
977,Research Scientist,Amazon DynamoDB
977,Research Scientist,Algorithmic software
977,Research Scientist,Mathematics
981,Manager,Act!
981,Manager,Adobe Photoshop
981,Manager,ActionWare
981,Manager,ADP Workforce Now
981,Manager,Reading Comprehension
981,Manager,Speaking
981,Manager,Active Listening
981,Manager,Adobe Creative Cloud software
982,Sales Executive,Active Listening
982,Sales Executive,Act!
982,Sales Executive,Critical Thinking
982,Sales Executive,Apple Keynote
982,Sales Executive,Adobe ActionScript
982,Sales Executive,Reading Comprehension
982,Sales Executive,Airtable
982,Sales Executive,Adobe Creative Cloud software
982,Sales Executive,Monitoring
982,Sales Executive,Adobe Acrobat
983,Sales Executive,Airtable
983,Sales Executive,Act!
983,Sales Executive,Apple Keynote
983,Sales Executive,Active Listening
983,Sales Executive,Adobe Acrobat
983,Sales Executive,Adobe ActionScript
983,Sales Executive,Adobe Creative Cloud software
983,Sales Executive,Critical Thinking
984,Sales Executive,Critical Thinking
984,Sales Executive,Monitoring
984,Sales Executive,Apple Keynote
984,Sales Executive,Adobe Creative Cloud software
984,Sales Executive,Reading Comprehension
984,Sales Executive,Speaking
984,Sales Executive,Airtable
985,Sales Executive,Speaking
985,Sales Executive,Monitoring
985,Sales Executive,Critical Thinking
985,Sales Executive,Airtable
985,Sales Executive,Reading Comprehension
985,Sales Executive,Apple Keynote
985,Sales Executive,Adobe Creative Cloud software
985,Sales Executive,Adobe Acrobat
985,Sales Executive,Act!
985,Sales Executive,Adobe ActionScript
986,Sales Executive,Reading Comprehension
986,Sales Executive,Act!
986,Sales Executive,Critical Thinking
986,Sales Executive,Monitoring
986,Sales Executive,Active Listening
986,Sales Executive,Airtable
986,Sales Executive,Speaking
986,Sales Executive,Adobe Acrobat
987,Manufacturing Director,Reading Comprehension
987,Manufacturing Director,Monitoring
987,Manufacturing Director,Apple Final Cut Pro
987,Manufacturing Director,ABB Optimize IT Predict & Control
987,Manufacturing Director,Speaking
987,Manufacturing Director,Critical Thinking
987,Manufacturing Director,Adobe After Effects
987,Manufacturing Director,Adobe Photoshop
987,Manufacturing Director,Adobe InDesign
990,Sales Executive,Active Listening
990,Sales Executive,Adobe ActionScript
990,Sales Executive,Critical Thinking
990,Sales Executive,Speaking
990,Sales Executive,Airtable
990,Sales Executive,Monitoring
990,Sales Executive,Adobe Creative Cloud software
990,Sales Executive,Apple Keynote
991,Research Scientist,Active Learning
991,Research Scientist,Ada
991,Research Scientist,Reading Comprehension
991,Research Scientist,Amazon Elastic Compute Cloud EC2
991,Research Scientist,Algorithmic software
991,Research Scientist,Amazon DynamoDB
992,Manager,Monitoring
992,Manager,Adobe Creative Cloud software
992,Manager,Critical Thinking
992,Manager,Adobe Acrobat
992,Manager,Adobe Photoshop
992,Manager,Speaking
992,Manager,ADP Workforce Now
992,Manager,Act!
992,Manager,ActionWare
994,Research Scientist,Active Learning
994,Research Scientist,Advanced numerical software
994,Research Scientist,Algorithmic software
994,Research Scientist,Active Listening
994,Research Scientist,Ada
994,Research Scientist,Reading Comprehension
995,Research Scientist,Amazon Elastic Compute Cloud EC2
995,Research Scientist,Active Learning
995,Research Scientist,Active Listening
995,Research Scientist,Advanced numerical software
995,Research Scientist,Amazon DynamoDB
995,Research Scientist,Ada
995,Research Scientist,3D graphics software
995,Research Scientist,Algorithmic software
996,Laboratory Technician,Reading Comprehension
996,Laboratory Technician,Monitoring
996,Laboratory Technician,C++
996,Laboratory Technician,Linux
996,Laboratory Technician,Microsoft Access
996,Laboratory Technician,Laboratory information management system LIMS
997,Research Director,Reading Comprehension
997,Research Director,Science
997,Research Director,Adobe Photoshop
997,Research Director,Clinical trial management software
997,Research Director,IBM Lotus 1-2-3
997,Research Director,Active Listening
997,Research Director,Adobe Acrobat
997,Research Director,Critical Thinking
997,Research Director,Writing
998,Healthcare Representative,Alteer Office
998,Healthcare Representative,Allscripts healthcare automation software
998,Healthcare Representative,Active Listening
998,Healthcare Representative,American Medical Association CodeManager
998,Healthcare Representative,Reading Comprehension
998,Healthcare Representative,Critical Thinking
998,Healthcare Representative,Monitoring
998,Healthcare Representative,AcuStaf
999,Research Director,IBM Lotus 1-2-3
999,Research Director,ESRI ArcGIS software
999,Research Director,Science
999,Research Director,Critical Thinking
999,Research Director,Adobe Photoshop
999,Research Director,Writing
999,Research Director,Graphics software
1001,Laboratory Technician,Science
1001,Laboratory Technician,Monitoring
1001,Laboratory Technician,Microsoft Access
1001,Laboratory Technician,Linux
1001,Laboratory Technician,Laboratory information management system LIMS
1001,Laboratory Technician,Email software
1001,Laboratory Technician,Reading Comprehension
1002,Laboratory Technician,Reading Comprehension
1002,Laboratory Technician,Critical Thinking
1002,Laboratory Technician,Microsoft Access
1002,Laboratory Technician,C++
1002,Laboratory Technician,Email software
1002,Laboratory Technician,Laboratory information management system LIMS
1002,Laboratory Technician,Science
1002,Laboratory Technician,Monitoring
1002,Laboratory Technician,Linux
1002,Laboratory Technician,Database software
1003,Sales Executive,Adobe Acrobat
1003,Sales Executive,Active Listening
1003,Sales Executive,Monitoring
1003,Sales Executive,Reading Comprehension
1003,Sales Executive,Apple Keynote
1003,Sales Executive,Speaking
1003,Sales Executive,Critical Thinking
1003,Sales Executive,Airtable
1003,Sales Executive,Act!
1004,Research Scientist,Amazon DynamoDB
1004,Research Scientist,Active Learning
1004,Research Scientist,3D graphics software
1004,Research Scientist,Reading Comprehension
1004,Research Scientist,Amazon Elastic Compute Cloud EC2
1004,Research Scientist,Active Listening
1004,Research Scientist,Algorithmic software
1004,Research Scientist,Critical Thinking
1005,Manufacturing Director,Speaking
1005,Manufacturing Director,Adobe After Effects
1005,Manufacturing Director,Adobe Photoshop
1005,Manufacturing Director,Reading Comprehension
1005,Manufacturing Director,Apple Final Cut Pro
1005,Manufacturing Director,Monitoring
1005,Manufacturing Director,Active Listening
1005,Manufacturing Director,Adobe Acrobat
1005,Manufacturing Director,Adobe InDesign
1006,Research Scientist,Amazon Elastic Compute Cloud EC2
1006,Research Scientist,Advanced numerical software
1006,Research Scientist,Mathematics
1006,Research Scientist,Active Listening
1006,Research Scientist,Critical Thinking
1007,Manufacturing Director,Adobe InDesign
1007,Manufacturing Director,Adobe Acrobat
1007,Manufacturing Director,ABB Optimize IT Predict & Control
1007,Manufacturing Director,Speaking
1007,Manufacturing Director,Critical Thinking
1007,Manufacturing Director,Adobe Photoshop
1007,Manufacturing Director,Active Listening
1007,Manufacturing Director,Apple Final Cut Pro
1009,Manufacturing Director,Active Listening
1009,Manufacturing Director,Monitoring
1009,Manufacturing Director,Adobe InDesign
1009,Manufacturing Director,Adobe Acrobat
1009,Manufacturing Director,Adobe After Effects
1009,Manufacturing Director,Critical Thinking
1009,Manufacturing Director,Speaking
1009,Manufacturing Director,Apple Final Cut Pro
1009,Manufacturing Director,Adobe Photoshop
1010,Laboratory Technician,Linux
1010,Laboratory Technician,Database software
1010,Laboratory Technician,Laboratory information management system LIMS
1010,Laboratory Technician,Science
1010,Laboratory Technician,Monitoring
1010,Laboratory Technician,Email software
1011,Manufacturing Director,Adobe InDesign
1011,Manufacturing Director,Adobe Photoshop
1011,Manufacturing Director,ABB Optimize IT Predict & Control
1011,Manufacturing Director,Monitoring
1011,Manufacturing Director,Critical Thinking
1011,Manufacturing Director,Speaking
1011,Manufacturing Director,Apple Final Cut Pro
1011,Manufacturing Director,Adobe After Effects
1012,Research Scientist,Algorithmic software
1012,Research Scientist,Advanced numerical software
1012,Research Scientist,Reading Comprehension
1012,Research Scientist,Active Learning
1013,Manufacturing Director,Monitoring
1013,Manufacturing Director,Adobe After Effects
1013,Manufacturing Director,Adobe Photoshop
1013,Manufacturing Director,Adobe Acrobat
1013,Manufacturing Director,Active Listening
1013,Manufacturing Director,Apple Final Cut Pro
1013,Manufacturing Director,Critical Thinking
1013,Manufacturing Director,Reading Comprehension
1013,Manufacturing Director,ABB Optimize IT Predict & Control
1013,Manufacturing Director,Adobe InDesign
1014,Healthcare Representative,Adobe Acrobat
1014,Healthcare Representative,American Medical Association CodeManager
1014,Healthcare Representative,Allscripts healthcare automation software
1014,Healthcare Representative,Reading Comprehension
1014,Healthcare Representative,Alteer Office
1014,Healthcare Representative,AcuStaf
1014,Healthcare Representative,Speaking
1014,Healthcare Representative,Active Listening
1015,Research Director,ESRI ArcGIS software
1015,Research Director,Adobe Photoshop
1015,Research Director,Graphics software
1015,Research Director,Critical Thinking
1015,Research Director,Adobe Acrobat
1015,Research Director,Clinical trial management software
1015,Research Director,Reading Comprehension
1015,Research Director,Writing
1016,Research Scientist,Advanced numerical software
1016,Research Scientist,Amazon DynamoDB
1016,Research Scientist,Active Learning
1016,Research Scientist,Mathematics
1016,Research Scientist,Amazon Elastic Compute Cloud EC2
1016,Research Scientist,Critical Thinking
1016,Research Scientist,Algorithmic software
1017,Laboratory Technician,Reading Comprehension
1017,Laboratory Technician,Science
1017,Laboratory Technician,Email software
1017,Laboratory Technician,Database software
1017,Laboratory Technician,Microsoft Access
1017,Laboratory Technician,Monitoring
1017,Laboratory Technician,C++
1017,Laboratory Technician,Writing
1018,Manufacturing Director,Adobe Acrobat
1018,Manufacturing Director,Adobe InDesign
1018,Manufacturing Director,Active Listening
1018,Manufacturing Director,Adobe Photoshop
1018,Manufacturing Director,Adobe After Effects
1018,Manufacturing Director,Apple Final Cut Pro
1018,Manufacturing Director,Reading Comprehension
1019,Laboratory Technician,Critical Thinking
1019,Laboratory Technician,Microsoft Access
1019,Laboratory Technician,Laboratory information management system LIMS
1019,Laboratory Technician,Writing
1019,Laboratory Technician,Science
1019,Laboratory Technician,Reading Comprehension
1019,Laboratory Technician,Database software
1019,Laboratory Technician,C++
1022,Healthcare Representative,Alteer Office
1022,Healthcare Representative,Critical Thinking
1022,Healthcare Representative,Monitoring
1022,Healthcare Representative,Allscripts healthcare automation software
1022,Healthcare Representative,American Medical Association CodeManager
1022,Healthcare Representative,Speaking
1022,Healthcare Representative,3DGrid HIPAA Checkup
1022,Healthcare Representative,Active Listening
1024,Healthcare Representative,American Medical Association CodeManager
1024,Healthcare Representative,Active Listening
1024,Healthcare Representative,Speaking
1024,Healthcare Representative,Monitoring
1024,Healthcare Representative,AcuStaf
1024,Healthcare Representative,3DGrid HIPAA Checkup
1024,Healthcare Representative,Reading Comprehension
1024,Healthcare Representative,Critical Thinking
1025,Manufacturing Director,Adobe Acrobat
1025,Manufacturing Director,Speaking
1025,Manufacturing Director,Adobe Photoshop
1025,Manufacturing Director,Reading Comprehension
1025,Manufacturing Director,Monitoring
1025,Manufacturing Director,Adobe InDesign
1025,Manufacturing Director,ABB Optimize IT Predict & Control
1025,Manufacturing Director,Critical Thinking
1026,Manufacturing Director,Adobe After Effects
1026,Manufacturing Director,Monitoring
1026,Manufacturing Director,Speaking
1026,Manufacturing Director,Critical Thinking
1026,Manufacturing Director,Adobe Acrobat
1026,Manufacturing Director,Apple Final Cut Pro
1026,Manufacturing Director,Reading Comprehension
1026,Manufacturing Director,Adobe InDesign
1026,Manufacturing Director,Active Listening
1027,Manufacturing Director,Adobe InDesign
1027,Manufacturing Director,Critical Thinking
1027,Manufacturing Director,Active Listening
1027,Manufacturing Director,Speaking
1027,Manufacturing Director,Adobe Photoshop
1027,Manufacturing Director,Adobe Acrobat
1027,Manufacturing Director,Adobe After Effects
1028,Laboratory Technician,Linux
1028,Laboratory Technician,Writing
1028,Laboratory Technician,C++
1028,Laboratory Technician,Microsoft Access
1028,Laboratory Technician,Critical Thinking
1028,Laboratory Technician,Laboratory information management system LIMS
1028,Laboratory Technician,Monitoring
1028,Laboratory Technician,Database software
1029,Manager,ActionWare
1029,Manager,Reading Comprehension
1029,Manager,ADP Workforce Now
1029,Manager,Act!
1029,Manager,Adobe Acrobat
1029,Manager,Speaking
1029,Manager,Critical Thinking
1029,Manager,Active Listening
1030,Laboratory Technician,Science
1030,Laboratory Technician,Linux
1030,Laboratory Technician,Writing
1030,Laboratory Technician,Database software
1032,Manufacturing Director,Apple Final Cut Pro
1032,Manufacturing Director,Speaking
1032,Manufacturing Director,Adobe Photoshop
1032,Manufacturing Director,Adobe InDesign
1032,Manufacturing Director,Monitoring
1032,Manufacturing Director,Adobe After Effects
1032,Manufacturing Director,Adobe Acrobat
1032,Manufacturing Director,Active Listening
1032,Manufacturing Director,Reading Comprehension
1033,Healthcare Representative,Adobe Acrobat
1033,Healthcare Representative,Reading Comprehension
1033,Healthcare Representative,Active Listening
1033,Healthcare Representative,Critical Thinking
1033,Healthcare Representative,American Medical Association CodeManager
1033,Healthcare Representative,Alteer Office
1033,Healthcare Representative,AcuStaf
1033,Healthcare Representative,3DGrid HIPAA Checkup
1034,Healthcare Representative,AcuStaf
1034,Healthcare Representative,Reading Comprehension
1034,Healthcare Representative,Active Listening
1034,Healthcare Representative,3DGrid HIPAA Checkup
1034,Healthcare Representative,Critical Thinking
1034,Healthcare Representative,American Medical Association CodeManager
1034,Healthcare Representative,Allscripts healthcare automation software
1034,Healthcare Representative,Monitoring
1035,Research Director,Clinical trial management software
1035,Research Director,Critical Thinking
1035,Research Director,IBM Lotus 1-2-3
1035,Research Director,Adobe Acrobat
1035,Research Director,Active Listening
1035,Research Director,Writing
1035,Research Director,Graphics software
1035,Research Director,Adobe Photoshop
1036,Sales Executive,Critical Thinking
1036,Sales Executive,Adobe ActionScript
1036,Sales Executive,Reading Comprehension
1036,Sales Executive,Speaking
1036,Sales Executive,Act!
1037,Sales Executive,Adobe ActionScript
1037,Sales Executive,Act!
1037,Sales Executive,Reading Comprehension
1037,Sales Executive,Speaking
1037,Sales Executive,Adobe Creative Cloud software
1037,Sales Executive,Active Listening
1037,Sales Executive,Apple Keynote
1038,Manager,Act!
1038,Manager,ADP Workforce Now
1038,Manager,Speaking
1038,Manager,ActionWare
1038,Manager,Active Listening
1038,Manager,Adobe Photoshop
1038,Manager,Adobe Creative Cloud software
1038,Manager,Adobe Acrobat
1038,Manager,Reading Comprehension
1038,Manager,Critical Thinking
1039,Sales Executive,Apple Keynote
1039,Sales Executive,Airtable
1039,Sales Executive,Act!
1039,Sales Executive,Critical Thinking
1039,Sales Executive,Adobe ActionScript
1039,Sales Executive,Speaking
1039,Sales Executive,Active Listening
1039,Sales Executive,Monitoring
1039,Sales Executive,Adobe Acrobat
1039,Sales Executive,Adobe Creative Cloud software
1040,Sales Executive,Speaking
1040,Sales Executive,Active Listening
1040,Sales Executive,Monitoring
1040,Sales Executive,Adobe Creative Cloud software
1040,Sales Executive,Act!
1040,Sales Executive,Adobe Acrobat
1040,Sales Executive,Adobe ActionScript
1040,Sales Executive,Apple Keynote
1040,Sales Executive,Airtable
1042,Laboratory Technician,Email software
1042,Laboratory Technician,Science
1042,Laboratory Technician,Database software
1042,Laboratory Technician,Reading Comprehension
1042,Laboratory Technician,Microsoft Access
1042,Laboratory Technician,Writing
1042,Laboratory Technician,Monitoring
1042,Laboratory Technician,Linux
1043,Manufacturing Director,Adobe Acrobat
1043,Manufacturing Director,Apple Final Cut Pro
1043,Manufacturing Director,Critical Thinking
1043,Manufacturing Director,ABB Optimize IT Predict & Control
1043,Manufacturing Director,Adobe InDesign
1043,Manufacturing Director,Speaking
1043,Manufacturing Director,Active Listening
1043,Manufacturing Director,Adobe After Effects
1044,Sales Representative,Writing
1044,Sales Representative,Adobe Dreamweaver
1044,Sales Representative,3M Post-it App
1044,Sales Representative,Adobe Illustrator
1044,Sales Representative,Adobe Creative Cloud software
1045,Manager,Act!
1045,Manager,Active Listening
1045,Manager,Adobe Creative Cloud software
1045,Manager,Speaking
1045,Manager,Adobe Photoshop
1045,Manager,ActionWare
1045,Manager,Reading Comprehension
1045,Manager,Adobe Acrobat
1046,Laboratory Technician,Reading Comprehension
1046,Laboratory Technician,C++
1046,Laboratory Technician,Writing
1046,Laboratory Technician,Database software
1046,Laboratory Technician,Laboratory information management system LIMS
1046,Laboratory Technician,Critical Thinking
1046,Laboratory Technician,Email software
1047,Sales Executive,Critical Thinking
1047,Sales Executive,Reading Comprehension
1047,Sales Executive,Speaking
1047,Sales Executive,Adobe Acrobat
1047,Sales Executive,Airtable
1047,Sales Executive,Adobe ActionScript
1047,Sales Executive,Monitoring
1048,Manager,Adobe Photoshop
1048,Manager,Adobe Acrobat
1048,Manager,ADP Workforce Now
1048,Manager,Critical Thinking
1048,Manager,Act!
1048,Manager,Speaking
1048,Manager,ActionWare
1048,Manager,Reading Comprehension
1049,Human Resources,Writing
1049,Human Resources,Reading Comprehension
1049,Human Resources,Speaking
1049,Human Resources,Adobe InDesign
1049,Human Resources,Adobe Dreamweaver
1049,Human Resources,Critical Thinking
1050,Sales Executive,Speaking
1050,Sales Executive,Act!
1050,Sales Executive,Adobe Creative Cloud software
1050,Sales Executive,Active Listening
1050,Sales Executive,Airtable
1050,Sales Executive,Critical Thinking
1050,Sales Executive,Adobe ActionScript
1050,Sales Executive,Apple Keynote
1052,Laboratory Technician,Monitoring
1052,Laboratory Technician,Database software
1052,Laboratory Technician,Microsoft Access
1052,Laboratory Technician,Writing
1052,Laboratory Technician,Critical Thinking
1052,Laboratory Technician,Email software
1052,Laboratory Technician,Reading Comprehension
1052,Laboratory Technician,C++
1053,Research Scientist,Amazon Elastic Compute Cloud EC2
1053,Research Scientist,Mathematics
1053,Research Scientist,Ada
1053,Research Scientist,Active Learning
1053,Research Scientist,Active Listening
1055,Sales Representative,3M Post-it App
1055,Sales Representative,Adobe Creative Cloud software
1055,Sales Representative,Adobe Illustrator
1055,Sales Representative,Reading Comprehension
1055,Sales Representative,Adobe Acrobat
1055,Sales Representative,Writing
1055,Sales Representative,Speaking
1056,Sales Representative,Adobe Creative Cloud software
1056,Sales Representative,Reading Comprehension
1056,Sales Representative,Adobe Dreamweaver
1056,Sales Representative,3M Post-it App
1056,Sales Representative,Adobe Illustrator
1056,Sales Representative,Active Listening
1056,Sales Representative,ACT! Premium
1060,Research Scientist,Amazon DynamoDB
1060,Research Scientist,Active Listening
1060,Research Scientist,Advanced numerical software
1060,Research Scientist,Amazon Elastic Compute Cloud EC2
1060,Research Scientist,Active Learning
1061,Research Director,Adobe Acrobat
1061,Research Director,ESRI ArcGIS software
1061,Research Director,Clinical trial management software
1061,Research Director,Critical Thinking
1061,Research Director,Adobe Photoshop
1061,Research Director,Writing
1061,Research Director,Science
1061,Research Director,Active Listening
1061,Research Director,IBM Lotus 1-2-3
1061,Research Director,Reading Comprehension
1062,Healthcare Representative,American Medical Association CodeManager
1062,Healthcare Representative,AcuStaf
1062,Healthcare Representative,Critical Thinking
1062,Healthcare Representative,Allscripts healthcare automation software
1062,Healthcare Representative,Adobe Acrobat
1062,Healthcare Representative,Active Listening
1062,Healthcare Representative,Alteer Office
1062,Healthcare Representative,Speaking
1066,Sales Executive,Apple Keynote
1066,Sales Executive,Adobe Acrobat
1066,Sales Executive,Critical Thinking
1066,Sales Executive,Act!
1066,Sales Executive,Adobe ActionScript
1066,Sales Executive,Monitoring
1066,Sales Executive,Reading Comprehension
1066,Sales Executive,Speaking
1066,Sales Executive,Airtable
1068,Research Scientist,Active Learning
1068,Research Scientist,Mathematics
1068,Research Scientist,Amazon DynamoDB
1068,Research Scientist,Active Listening
1068,Research Scientist,3D graphics software
1069,Research Director,Adobe Photoshop
1069,Research Director,Clinical trial management software
1069,Research Director,Adobe Acrobat
1069,Research Director,Active Listening
1069,Research Director,Science
1069,Research Director,Graphics software
1069,Research Director,IBM Lotus 1-2-3
1069,Research Director,Critical Thinking
1069,Research Director,Writing
1069,Research Director,Reading Comprehension
1070,Sales Executive,Active Listening
1070,Sales Executive,Adobe ActionScript
1070,Sales Executive,Speaking
1070,Sales Executive,Airtable
1070,Sales Executive,Reading Comprehension
1070,Sales Executive,Adobe Creative Cloud software
1070,Sales Executive,Adobe Acrobat
1070,Sales Executive,Act!
1070,Sales Executive,Apple Keynote
1071,Research Scientist,Active Listening
1071,Research Scientist,Reading Comprehension
1071,Research Scientist,Advanced numerical software
1071,Research Scientist,Ada
1071,Research Scientist,Active Learning
1071,Research Scientist,Algorithmic software
1073,Manufacturing Director,Reading Comprehension
1073,Manufacturing Director,Active Listening
1073,Manufacturing Director,Adobe After Effects
1073,Manufacturing Director,Apple Final Cut Pro
1073,Manufacturing Director,Speaking
1073,Manufacturing Director,Adobe Acrobat
1073,Manufacturing Director,Adobe InDesign
1073,Manufacturing Director,Adobe Photoshop
1073,Manufacturing Director,Critical Thinking
1074,Manager,Active Listening
1074,Manager,Critical Thinking
1074,Manager,ActionWare
1074,Manager,Speaking
1074,Manager,Reading Comprehension
1074,Manager,Monitoring
1074,Manager,Adobe Acrobat
1074,Manager,Adobe Creative Cloud software
1074,Manager,ADP Workforce Now
1076,Sales Executive,Reading Comprehension
1076,Sales Executive,Speaking
1076,Sales Executive,Act!
1076,Sales Executive,Adobe Creative Cloud software
1076,Sales Executive,Airtable
1076,Sales Executive,Apple Keynote
1076,Sales Executive,Critical Thinking
1076,Sales Executive,Monitoring
1076,Sales Executive,Active Listening
1077,Sales Representative,Active Listening
1077,Sales Representative,Adobe Illustrator
1077,Sales Representative,3M Post-it App
1077,Sales Representative,Adobe Acrobat
1077,Sales Representative,ACT! Premium
1079,Laboratory Technician,Writing
1079,Laboratory Technician,Microsoft Access
1079,Laboratory Technician,Monitoring
1079,Laboratory Technician,Critical Thinking
1079,Laboratory Technician,Laboratory information management system LIMS
1080,Research Scientist,Critical Thinking
1080,Research Scientist,Advanced numerical software
1080,Research Scientist,Ada
1080,Research Scientist,Amazon DynamoDB
1080,Research Scientist,Active Learning
1080,Research Scientist,Amazon Elastic Compute Cloud EC2
1080,Research Scientist,Active Listening
1080,Research Scientist,3D graphics software
1081,Research Scientist,Active Learning
1081,Research Scientist,Amazon DynamoDB
1081,Research Scientist,Advanced numerical software
1081,Research Scientist,Ada
1081,Research Scientist,Active Listening
1081,Research Scientist,3D graphics software
1081,Research Scientist,Reading Comprehension
1081,Research Scientist,Amazon Elastic Compute Cloud EC2
1081,Research Scientist,Mathematics
1081,Research Scientist,Critical Thinking
1082,Healthcare Representative,Alteer Office
1082,Healthcare Representative,Monitoring
1082,Healthcare Representative,Reading Comprehension
1082,Healthcare Representative,AcuStaf
1082,Healthcare Representative,Adobe Acrobat
1082,Healthcare Representative,Critical Thinking
1082,Healthcare Representative,Active Listening
1082,Healthcare Representative,American Medical Association CodeManager
1083,Laboratory Technician,Writing
1083,Laboratory Technician,Linux
1083,Laboratory Technician,Laboratory information management system LIMS
1083,Laboratory Technician,Monitoring
1083,Laboratory Technician,Database software
1083,Laboratory Technician,Science
1083,Laboratory Technician,C++
1083,Laboratory Technician,Critical Thinking
1084,Manufacturing Director,Active Listening
1084,Manufacturing Director,Adobe Photoshop
1084,Manufacturing Director,Critical Thinking
1084,Manufacturing Director,Speaking
1084,Manufacturing Director,Adobe After Effects
1084,Manufacturing Director,Apple Final Cut Pro
1084,Manufacturing Director,Monitoring
1084,Manufacturing Director,Reading Comprehension
1085,Research Scientist,Amazon DynamoDB
1085,Research Scientist,Mathematics
1085,Research Scientist,Algorithmic software
1085,Research Scientist,3D graphics software
1085,Research Scientist,Ada
1085,Research Scientist,Reading Comprehension
1085,Research Scientist,Amazon Elastic Compute Cloud EC2
1085,Research Scientist,Critical Thinking
1085,Research Scientist,Advanced numerical software
1088,Healthcare Representative,Monitoring
1088,Healthcare Representative,Active Listening
1088,Healthcare Representative,Critical Thinking
1088,Healthcare Representative,3DGrid HIPAA Checkup
1088,Healthcare Representative,American Medical Association CodeManager
1088,Healthcare Representative,Adobe Acrobat
1088,Healthcare Representative,Speaking
1088,Healthcare Representative,Alteer Office
1088,Healthcare Representative,Allscripts healthcare automation software
1092,Healthcare Representative,3DGrid HIPAA Checkup
1092,Healthcare Representative,Active Listening
1092,Healthcare Representative,American Medical Association CodeManager
1092,Healthcare Representative,Allscripts healthcare automation software
1092,Healthcare Representative,Adobe Acrobat
1092,Healthcare Representative,Alteer Office
1092,Healthcare Representative,Monitoring
1092,Healthcare Representative,Speaking
1092,Healthcare Representative,Reading Comprehension
1094,Laboratory Technician,C++
1094,Laboratory Technician,Linux
1094,Laboratory Technician,Writing
1094,Laboratory Technician,Science
1094,Laboratory Technician,Laboratory information management system LIMS
1094,Laboratory Technician,Email software
1094,Laboratory Technician,Monitoring
1096,Manufacturing Director,Adobe Photoshop
1096,Manufacturing Director,Speaking
1096,Manufacturing Director,Apple Final Cut Pro
1096,Manufacturing Director,Reading Comprehension
1096,Manufacturing Director,Adobe Acrobat
1096,Manufacturing Director,Adobe After Effects
1096,Manufacturing Director,Adobe InDesign
1096,Manufacturing Director,Monitoring
1097,Research Scientist,Critical Thinking
1097,Research Scientist,3D graphics software
1097,Research Scientist,Ada
1097,Research Scientist,Advanced numerical software
1097,Research Scientist,Amazon Elastic Compute Cloud EC2
1097,Research Scientist,Active Listening
1097,Research Scientist,Amazon DynamoDB
1097,Research Scientist,Algorithmic software
1097,Research Scientist,Mathematics
1097,Research Scientist,Reading Comprehension
1098,Human Resources,Adobe Dreamweaver
1098,Human Resources,Adobe Illustrator
1098,Human Resources,Adobe Human Capital Application Solution Accelerator
1098,Human Resources,Critical Thinking
1098,Human Resources,Reading Comprehension
1098,Human Resources,Speaking
1098,Human Resources,Adobe InDesign
1098,Human Resources,Adobe Creative Cloud software
1098,Human Resources,Adobe Acrobat
1099,Healthcare Representative,Alteer Office
1099,Healthcare Representative,Speaking
1099,Healthcare Representative,AcuStaf
1099,Healthcare Representative,Reading Comprehension
1099,Healthcare Representative,Allscripts healthcare automation software
1099,Healthcare Representative,Monitoring
1099,Healthcare Representative,Active Listening
1099,Healthcare Representative,Critical Thinking
1100,Sales Executive,Speaking
1100,Sales Executive,Critical Thinking
1100,Sales Executive,Active Listening
1100,Sales Executive,Apple Keynote
1100,Sales Executive,Monitoring
1100,Sales Executive,Reading Comprehension
1100,Sales Executive,Adobe ActionScript
1100,Sales Executive,Act!
1100,Sales Executive,Adobe Creative Cloud software
1101,Research Scientist,Reading Comprehension
1101,Research Scientist,3D graphics software
1101,Research Scientist,Algorithmic software
1101,Research Scientist,Amazon DynamoDB
1101,Research Scientist,Advanced numerical software
1101,Research Scientist,Mathematics
1101,Research Scientist,Ada
1101,Research Scientist,Active Learning
1102,Laboratory Technician,Email software
1102,Laboratory Technician,C++
1102,Laboratory Technician,Science
1102,Laboratory Technician,Laboratory information management system LIMS
1102,Laboratory Technician,Critical Thinking
1102,Laboratory Technician,Reading Comprehension
1103,Healthcare Representative,Monitoring
1103,Healthcare Representative,Adobe Acrobat
1103,Healthcare Representative,Active Listening
1103,Healthcare Representative,3DGrid HIPAA Checkup
1103,Healthcare Representative,Speaking
1103,Healthcare Representative,AcuStaf
1103,Healthcare Representative,Alteer Office
1103,Healthcare Representative,Reading Comprehension
1103,Healthcare Representative,Allscripts healthcare automation software
1103,Healthcare Representative,American Medical Association CodeManager
1105,Sales Executive,Reading Comprehension
1105,Sales Executive,Adobe Creative Cloud software
1105,Sales Executive,Act!
1105,Sales Executive,Apple Keynote
1105,Sales Executive,Monitoring
1105,Sales Executive,Active Listening
1106,Laboratory Technician,Database software
1106,Laboratory Technician,Writing
1106,Laboratory Technician,Linux
1106,Laboratory Technician,Critical Thinking
1106,Laboratory Technician,Monitoring
1106,Laboratory Technician,Email software
1106,Laboratory Technician,Microsoft Access
1107,Laboratory Technician,Laboratory information management system LIMS
1107,Laboratory Technician,C++
1107,Laboratory Technician,Linux
1107,Laboratory Technician,Writing
1107,Laboratory Technician,Critical Thinking
1107,Laboratory Technician,Reading Comprehension
1107,Laboratory Technician,Database software
1108,Research Scientist,Amazon Elastic Compute Cloud EC2
1108,Research Scientist,Amazon DynamoDB
1108,Research Scientist,3D graphics software
1108,Research Scientist,Algorithmic software
1108,Research Scientist,Reading Comprehension
1109,Manager,Adobe Creative Cloud software
1109,Manager,Adobe Acrobat
1109,Manager,Monitoring
1109,Manager,ADP Workforce Now
1109,Manager,ActionWare
1109,Manager,Active Listening
1109,Manager,Adobe Photoshop
1111,Laboratory Technician,Writing
1111,Laboratory Technician,Email software
1111,Laboratory Technician,Science
1111,Laboratory Technician,Monitoring
1111,Laboratory Technician,Reading Comprehension
1111,Laboratory Technician,Critical Thinking
1113,Sales Executive,Airtable
1113,Sales Executive,Active Listening
1113,Sales Executive,Adobe Creative Cloud software
1113,Sales Executive,Monitoring
1113,Sales Executive,Speaking
1114,Sales Executive,Monitoring
1114,Sales Executive,Act!
1114,Sales Executive,Adobe Acrobat
1114,Sales Executive,Airtable
1114,Sales Executive,Apple Keynote
1115,Research Scientist,Critical Thinking
1115,Research Scientist,Amazon DynamoDB
1115,Research Scientist,Mathematics
1115,Research Scientist,Algorithmic software
1116,Manager,Active Listening
1116,Manager,Speaking
1116,Manager,Critical Thinking
1116,Manager,Adobe Creative Cloud software
1116,Manager,Act!
1116,Manager,Adobe Acrobat
1116,Manager,ActionWare
1116,Manager,Reading Comprehension
1117,Sales Executive,Act!
1117,Sales Executive,Reading Comprehension
1117,Sales Executive,Adobe Creative Cloud software
1117,Sales Executive,Monitoring
1117,Sales Executive,Adobe Acrobat
1117,Sales Executive,Critical Thinking
1117,Sales Executive,Apple Keynote
1117,Sales Executive,Active Listening
1117,Sales Executive,Adobe ActionScript
1118,Healthcare Representative,Active Listening
1118,Healthcare Representative,Adobe Acrobat
1118,Healthcare Representative,American Medical Association CodeManager
1118,Healthcare Representative,Reading Comprehension
1118,Healthcare Representative,Monitoring
1118,Healthcare Representative,AcuStaf
1118,Healthcare Representative,Allscripts healthcare automation software
1118,Healthcare Representative,Critical Thinking
1119,Sales Executive,Apple Keynote
1119,Sales Executive,Monitoring
1119,Sales Executive,Airtable
1119,Sales Executive,Reading Comprehension
1119,Sales Executive,Act!
1119,Sales Executive,Speaking
1119,Sales Executive,Active Listening
1119,Sales Executive,Critical Thinking
1119,Sales Executive,Adobe Creative Cloud software
1119,Sales Executive,Adobe Acrobat
1120,Research Scientist,Amazon Elastic Compute Cloud EC2
1120,Research Scientist,Amazon DynamoDB
1120,Research Scientist,Reading Comprehension
1120,Research Scientist,Algorithmic software
1120,Research Scientist,Active Learning
1120,Research Scientist,3D graphics software
1120,Research Scientist,Advanced numerical software
1121,Manufacturing Director,Reading Comprehension
1121,Manufacturing Director,Apple Final Cut Pro
1121,Manufacturing Director,Active Listening
1121,Manufacturing Director,Adobe Acrobat
1121,Manufacturing Director,ABB Optimize IT Predict & Control
1121,Manufacturing Director,Adobe InDesign
1121,Manufacturing Director,Speaking
1124,Manager,Act!
1124,Manager,Adobe Acrobat
1124,Manager,ADP Workforce Now
1124,Manager,Adobe Photoshop
1124,Manager,Active Listening
1124,Manager,Critical Thinking
1124,Manager,ActionWare
1124,Manager,Adobe Creative Cloud software
1124,Manager,Monitoring
1124,Manager,Reading Comprehension
1125,Sales Executive,Adobe Acrobat
1125,Sales Executive,Critical Thinking
1125,Sales Executive,Apple Keynote
1125,Sales Executive,Reading Comprehension
1125,Sales Executive,Active Listening
1125,Sales Executive,Adobe Creative Cloud software
1125,Sales Executive,Airtable
1125,Sales Executive,Adobe ActionScript
1125,Sales Executive,Speaking
1126,Manufacturing Director,Adobe Photoshop
1126,Manufacturing Director,Speaking
1126,Manufacturing Director,Adobe Acrobat
1126,Manufacturing Director,Reading Comprehension
1126,Manufacturing Director,Active Listening
1126,Manufacturing Director,Apple Final Cut Pro
1126,Manufacturing Director,Monitoring
1126,Manufacturing Director,Adobe InDesign
1126,Manufacturing Director,ABB Optimize IT Predict & Control
1127,Healthcare Representative,Monitoring
1127,Healthcare Representative,Allscripts healthcare automation software
1127,Healthcare Representative,Critical Thinking
1127,Healthcare Representative,Alteer Office
1127,Healthcare Representative,Adobe Acrobat
1127,Healthcare Representative,3DGrid HIPAA Checkup
1127,Healthcare Representative,Speaking
1128,Research Director,Active Listening
1128,Research Director,Adobe Photoshop
1128,Research Director,Writing
1128,Research Director,Reading Comprehension
1128,Research Director,Critical Thinking
1128,Research Director,Adobe Acrobat
1128,Research Director,Graphics software
1128,Research Director,ESRI ArcGIS software
1131,Research Scientist,Reading Comprehension
1131,Research Scientist,Active Listening
1131,Research Scientist,3D graphics software
1131,Research Scientist,Mathematics
1131,Research Scientist,Amazon Elastic Compute Cloud EC2
1131,Research Scientist,Amazon DynamoDB
1131,Research Scientist,Algorithmic software
1132,Laboratory Technician,Linux
1132,Laboratory Technician,Reading Comprehension
1132,Laboratory Technician,Science
1132,Laboratory Technician,Laboratory information management system LIMS
1132,Laboratory Technician,Email software
1132,Laboratory Technician,Writing
1132,Laboratory Technician,C++
1132,Laboratory Technician,Critical Thinking
1132,Laboratory Technician,Monitoring
1133,Manufacturing Director,Critical Thinking
1133,Manufacturing Director,Monitoring
1133,Manufacturing Director,Adobe Acrobat
1133,Manufacturing Director,Apple Final Cut Pro
1133,Manufacturing Director,ABB Optimize IT Predict & Control
1133,Manufacturing Director,Adobe After Effects
1133,Manufacturing Director,Adobe InDesign
1133,Manufacturing Director,Adobe Photoshop
1133,Manufacturing Director,Active Listening
1135,Sales Representative,3M Post-it App
1135,Sales Representative,Writing
1135,Sales Representative,Reading Comprehension
1135,Sales Representative,ACT! Premium
1135,Sales Representative,Adobe Acrobat
1135,Sales Representative,Adobe Creative Cloud software
1135,Sales Representative,Active Listening
1135,Sales Representative,Adobe Illustrator
1136,Research Scientist,Mathematics
1136,Research Scientist,Active Learning
1136,Research Scientist,Active Listening
1136,Research Scientist,3D graphics software
1136,Research Scientist,Critical Thinking
1137,Sales Executive,Adobe Acrobat
1137,Sales Executive,Reading Comprehension
1137,Sales Executive,Active Listening
1137,Sales Executive,Airtable
1137,Sales Executive,Apple Keynote
1137,Sales Executive,Adobe Creative Cloud software
1137,Sales Executive,Adobe ActionScript
1137,Sales Executive,Act!
1137,Sales Executive,Speaking
1138,Sales Executive,Adobe Creative Cloud software
1138,Sales Executive,Adobe Acrobat
1138,Sales Executive,Airtable
1138,Sales Executive,Monitoring
1138,Sales Executive,Active Listening
1138,Sales Executive,Speaking
1138,Sales Executive,Critical Thinking
1138,Sales Executive,Reading Comprehension
1138,Sales Executive,Adobe ActionScript
1138,Sales Executive,Apple Keynote
1140,Manufacturing Director,Adobe InDesign
1140,Manufacturing Director,Apple Final Cut Pro
1140,Manufacturing Director,Speaking
1140,Manufacturing Director,Monitoring
1140,Manufacturing Director,Active Listening
1140,Manufacturing Director,ABB Optimize IT Predict & Control
1140,Manufacturing Director,Reading Comprehension
1143,Research Scientist,Ada
1143,Research Scientist,Amazon Elastic Compute Cloud EC2
1143,Research Scientist,Critical Thinking
1143,Research Scientist,3D graphics software
1143,Research Scientist,Mathematics
1143,Research Scientist,Algorithmic software
1143,Research Scientist,Active Listening
1148,Laboratory Technician,Linux
1148,Laboratory Technician,Science
1148,Laboratory Technician,Writing
1148,Laboratory Technician,C++
1148,Laboratory Technician,Monitoring
1148,Laboratory Technician,Microsoft Access
1148,Laboratory Technician,Reading Comprehension
1148,Laboratory Technician,Database software
1150,Manufacturing Director,Active Listening
1150,Manufacturing Director,Adobe InDesign
1150,Manufacturing Director,Monitoring
1150,Manufacturing Director,Reading Comprehension
1150,Manufacturing Director,Apple Final Cut Pro
1150,Manufacturing Director,Speaking
1150,Manufacturing Director,Adobe Photoshop
1150,Manufacturing Director,ABB Optimize IT Predict & Control
1152,Human Resources,Adobe InDesign
1152,Human Resources,Adobe Human Capital Application Solution Accelerator
1152,Human Resources,Reading Comprehension
1152,Human Resources,Adobe Illustrator
1152,Human Resources,Speaking
1152,Human Resources,Critical Thinking
1152,Human Resources,Adobe Creative Cloud software
1152,Human Resources,Active Listening
1154,Research Scientist,Reading Comprehension
1154,Research Scientist,3D graphics software
1154,Research Scientist,Active Listening
1154,Research Scientist,Amazon Elastic Compute Cloud EC2
1154,Research Scientist,Critical Thinking
1154,Research Scientist,Ada
1154,Research Scientist,Advanced numerical software
1156,Laboratory Technician,Monitoring
1156,Laboratory Technician,Microsoft Access
1156,Laboratory Technician,Email software
1156,Laboratory Technician,Database software
1156,Laboratory Technician,Critical Thinking
1156,Laboratory Technician,C++
1157,Sales Executive,Critical Thinking
1157,Sales Executive,Active Listening
1157,Sales Executive,Adobe Acrobat
1157,Sales Executive,Act!
1157,Sales Executive,Reading Comprehension
1157,Sales Executive,Speaking
1157,Sales Executive,Adobe ActionScript
1157,Sales Executive,Apple Keynote
1158,Laboratory Technician,Database software
1158,Laboratory Technician,Laboratory information management system LIMS
1158,Laboratory Technician,Reading Comprehension
1158,Laboratory Technician,Critical Thinking
1160,Laboratory Technician,Email software
1160,Laboratory Technician,Critical Thinking
1160,Laboratory Technician,Science
1160,Laboratory Technician,Reading Comprehension
1160,Laboratory Technician,Monitoring
1160,Laboratory Technician,Microsoft Access
1160,Laboratory Technician,Linux
1161,Healthcare Representative,Reading Comprehension
1161,Healthcare Representative,Allscripts healthcare automation software
1161,Healthcare Representative,Critical Thinking
1161,Healthcare Representative,Monitoring
1161,Healthcare Representative,3DGrid HIPAA Checkup
1161,Healthcare Representative,Active Listening
1161,Healthcare Representative,Speaking
1161,Healthcare Representative,Adobe Acrobat
1161,Healthcare Representative,Alteer Office
1162,Research Scientist,Mathematics
1162,Research Scientist,Amazon DynamoDB
1162,Research Scientist,Reading Comprehension
1162,Research Scientist,3D graphics software
1162,Research Scientist,Critical Thinking
1162,Research Scientist,Advanced numerical software
1162,Research Scientist,Algorithmic software
1162,Research Scientist,Active Learning
1163,Sales Executive,Act!
1163,Sales Executive,Adobe Acrobat
1163,Sales Executive,Speaking
1163,Sales Executive,Adobe Creative Cloud software
1163,Sales Executive,Critical Thinking
1163,Sales Executive,Airtable
1163,Sales Executive,Active Listening
1163,Sales Executive,Reading Comprehension
1164,Human Resources,Critical Thinking
1164,Human Resources,Speaking
1164,Human Resources,Adobe Acrobat
1164,Human Resources,Reading Comprehension
1164,Human Resources,Active Listening
1164,Human Resources,Adobe Illustrator
1164,Human Resources,Adobe Dreamweaver
1164,Human Resources,Writing
1165,Sales Executive,Reading Comprehension
1165,Sales Executive,Critical Thinking
1165,Sales Executive,Monitoring
1165,Sales Executive,Active Listening
1165,Sales Executive,Adobe ActionScript
1165,Sales Executive,Act!
1165,Sales Executive,Adobe Acrobat
1165,Sales Executive,Airtable
1166,Research Director,Graphics software
1166,Research Director,Adobe Photoshop
1166,Research Director,Critical Thinking
1166,Research Director,IBM Lotus 1-2-3
1166,Research Director,ESRI ArcGIS software
1166,Research Director,Writing
1166,Research Director,Active Listening
1166,Research Director,Reading Comprehension
1167,Sales Executive,Act!
1167,Sales Executive,Adobe Creative Cloud software
1167,Sales Executive,Speaking
1167,Sales Executive,Airtable
1167,Sales Executive,Monitoring
1167,Sales Executive,Critical Thinking
1167,Sales Executive,Active Listening
1167,Sales Executive,Reading Comprehension
1167,Sales Executive,Adobe Acrobat
1171,Sales Executive,Adobe Creative Cloud software
1171,Sales Executive,Active Listening
1171,Sales Executive,Apple Keynote
1171,Sales Executive,Airtable
1171,Sales Executive,Critical Thinking
1171,Sales Executive,Adobe Acrobat
1171,Sales Executive,Act!
1172,Laboratory Technician,C++
1172,Laboratory Technician,Monitoring
1172,Laboratory Technician,Email software
1172,Laboratory Technician,Reading Comprehension
1172,Laboratory Technician,Linux
1172,Laboratory Technician,Writing
1172,Laboratory Technician,Critical Thinking
1173,Laboratory Technician,Laboratory information management system LIMS
1173,Laboratory Technician,Microsoft Access
1173,Laboratory Technician,Monitoring
1173,Laboratory Technician,Email software
1173,Laboratory Technician,Science
1173,Laboratory Technician,Database software
1173,Laboratory Technician,C++
1175,Laboratory Technician,Email software
1175,Laboratory Technician,Monitoring
1175,Laboratory Technician,Science
1175,Laboratory Technician,Microsoft Access
1175,Laboratory Technician,Critical Thinking
1177,Laboratory Technician,Linux
1177,Laboratory Technician,Laboratory information management system LIMS
1177,Laboratory Technician,Microsoft Access
1177,Laboratory Technician,Email software
1177,Laboratory Technician,Reading Comprehension
1177,Laboratory Technician,Critical Thinking
1177,Laboratory Technician,Science
1179,Sales Executive,Monitoring
1179,Sales Executive,Airtable
1179,Sales Executive,Adobe Creative Cloud software
1179,Sales Executive,Apple Keynote
1179,Sales Executive,Active Listening
1179,Sales Executive,Critical Thinking
1179,Sales Executive,Adobe Acrobat
1179,Sales Executive,Act!
1179,Sales Executive,Speaking
1179,Sales Executive,Reading Comprehension
1180,Research Scientist,Reading Comprehension
1180,Research Scientist,Mathematics
1180,Research Scientist,Active Listening
1180,Research Scientist,Amazon DynamoDB
1180,Research Scientist,Active Learning
1180,Research Scientist,Advanced numerical software
1182,Manufacturing Director,Adobe Photoshop
1182,Manufacturing Director,Adobe After Effects
1182,Manufacturing Director,Monitoring
1182,Manufacturing Director,Critical Thinking
1182,Manufacturing Director,Active Listening
1182,Manufacturing Director,Apple Final Cut Pro
1182,Manufacturing Director,Speaking
1182,Manufacturing Director,Reading Comprehension
1182,Manufacturing Director,Adobe InDesign
1182,Manufacturing Director,ABB Optimize IT Predict & Control
1184,Healthcare Representative,American Medical Association CodeManager
1184,Healthcare Representative,AcuStaf
1184,Healthcare Representative,3DGrid HIPAA Checkup
1184,Healthcare Representative,Allscripts healthcare automation software
1184,Healthcare Representative,Adobe Acrobat
1184,Healthcare Representative,Reading Comprehension
1184,Healthcare Representative,Active Listening
1184,Healthcare Representative,Monitoring
1184,Healthcare Representative,Speaking
1185,Laboratory Technician,Monitoring
1185,Laboratory Technician,Linux
1185,Laboratory Technician,Email software
1185,Laboratory Technician,Microsoft Access
1185,Laboratory Technician,Critical Thinking
1185,Laboratory Technician,Science
1185,Laboratory Technician,Reading Comprehension
1185,Laboratory Technician,Laboratory information management system LIMS
1188,Sales Executive,Apple Keynote
1188,Sales Executive,Monitoring
1188,Sales Executive,Reading Comprehension
1188,Sales Executive,Adobe Acrobat
1188,Sales Executive,Airtable
1188,Sales Executive,Active Listening
1190,Sales Representative,ACT! Premium
1190,Sales Representative,Adobe Dreamweaver
1190,Sales Representative,Writing
1190,Sales Representative,Adobe Creative Cloud software
1191,Manager,Monitoring
1191,Manager,Adobe Creative Cloud software
1191,Manager,Speaking
1191,Manager,Act!
1191,Manager,Adobe Acrobat
1191,Manager,ADP Workforce Now
1191,Manager,Critical Thinking
1191,Manager,Reading Comprehension
1191,Manager,Adobe Photoshop
1191,Manager,Active Listening
1192,Laboratory Technician,C++
1192,Laboratory Technician,Writing
1192,Laboratory Technician,Monitoring
1192,Laboratory Technician,Email software
1192,Laboratory Technician,Reading Comprehension
1192,Laboratory Technician,Critical Thinking
1192,Laboratory Technician,Laboratory information management system LIMS
1192,Laboratory Technician,Microsoft Access
1193,Research Scientist,Amazon DynamoDB
1193,Research Scientist,3D graphics software
1193,Research Scientist,Amazon Elastic Compute Cloud EC2
1193,Research Scientist,Advanced numerical software
1193,Research Scientist,Active Listening
1195,Research Scientist,Mathematics
1195,Research Scientist,3D graphics software
1195,Research Scientist,Amazon DynamoDB
1195,Research Scientist,Active Learning
1195,Research Scientist,Advanced numerical software
1195,Research Scientist,Active Listening
1196,Manufacturing Director,ABB Optimize IT Predict & Control
1196,Manufacturing Director,Adobe Acrobat
1196,Manufacturing Director,Critical Thinking
1196,Manufacturing Director,Adobe Photoshop
1196,Manufacturing Director,Adobe InDesign
1196,Manufacturing Director,Speaking
1196,Manufacturing Director,Adobe After Effects
1196,Manufacturing Director,Active Listening
1198,Laboratory Technician,Critical Thinking
1198,Laboratory Technician,Writing
1198,Laboratory Technician,Monitoring
1198,Laboratory Technician,Microsoft Access
1198,Laboratory Technician,Linux
1198,Laboratory Technician,Reading Comprehension
1198,Laboratory Technician,Laboratory information management system LIMS
1200,Research Scientist,Reading Comprehension
1200,Research Scientist,Ada
1200,Research Scientist,Critical Thinking
1200,Research Scientist,Amazon Elastic Compute Cloud EC2
1200,Research Scientist,Algorithmic software
1200,Research Scientist,Mathematics
1200,Research Scientist,Advanced numerical software
1200,Research Scientist,Active Learning
1200,Research Scientist,3D graphics software
1201,Manager,Adobe Acrobat
1201,Manager,Critical Thinking
1201,Manager,Adobe Photoshop
1201,Manager,Adobe Creative Cloud software
1201,Manager,Reading Comprehension
1201,Manager,ActionWare
1201,Manager,Monitoring
1201,Manager,Act!
1201,Manager,Speaking
1201,Manager,ADP Workforce Now
1202,Research Scientist,Algorithmic software
1202,Research Scientist,Ada
1202,Research Scientist,Mathematics
1202,Research Scientist,3D graphics software
1202,Research Scientist,Advanced numerical software
1202,Research Scientist,Amazon DynamoDB
1202,Research Scientist,Critical Thinking
1203,Research Scientist,Ada
1203,Research Scientist,Active Listening
1203,Research Scientist,Reading Comprehension
1203,Research Scientist,Critical Thinking
1203,Research Scientist,Advanced numerical software
1203,Research Scientist,Algorithmic software
1204,Manager,Adobe Creative Cloud software
1204,Manager,Monitoring
1204,Manager,Active Listening
1204,Manager,Speaking
1204,Manager,ActionWare
1204,Manager,Adobe Photoshop
1204,Manager,Adobe Acrobat
1204,Manager,Critical Thinking
1206,Research Scientist,Critical Thinking
1206,Research Scientist,3D graphics software
1206,Research Scientist,Reading Comprehension
1206,Research Scientist,Ada
1206,Research Scientist,Algorithmic software
1207,Human Resources,Adobe Human Capital Application Solution Accelerator
1207,Human Resources,Writing
1207,Human Resources,Critical Thinking
1207,Human Resources,Adobe Creative Cloud software
1207,Human Resources,Reading Comprehension
1207,Human Resources,Speaking
1207,Human Resources,Adobe Dreamweaver
1207,Human Resources,Adobe Illustrator
1210,Research Scientist,Mathematics
1210,Research Scientist,Active Listening
1210,Research Scientist,3D graphics software
1210,Research Scientist,Critical Thinking
1211,Sales Executive,Active Listening
1211,Sales Executive,Act!
1211,Sales Executive,Speaking
1211,Sales Executive,Adobe Acrobat
1211,Sales Executive,Reading Comprehension
1211,Sales Executive,Adobe Creative Cloud software
1211,Sales Executive,Critical Thinking
1211,Sales Executive,Airtable
1211,Sales Executive,Adobe ActionScript
1212,Sales Executive,Adobe Acrobat
1212,Sales Executive,Critical Thinking
1212,Sales Executive,Monitoring
1212,Sales Executive,Active Listening
1212,Sales Executive,Adobe Creative Cloud software
1212,Sales Executive,Speaking
1215,Manager,Adobe Acrobat
1215,Manager,Reading Comprehension
1215,Manager,Adobe Creative Cloud software
1215,Manager,Speaking
1215,Manager,Critical Thinking
1215,Manager,ActionWare
1215,Manager,ADP Workforce Now
1216,Laboratory Technician,Laboratory information management system LIMS
1216,Laboratory Technician,Email software
1216,Laboratory Technician,Monitoring
1216,Laboratory Technician,Database software
1216,Laboratory Technician,Writing
1216,Laboratory Technician,Science
1216,Laboratory Technician,Critical Thinking
1216,Laboratory Technician,Reading Comprehension
1216,Laboratory Technician,Linux
1217,Research Director,IBM Lotus 1-2-3
1217,Research Director,Critical Thinking
1217,Research Director,Reading Comprehension
1217,Research Director,Clinical trial management software
1217,Research Director,Adobe Acrobat
1217,Research Director,Active Listening
1217,Research Director,Writing
1218,Sales Executive,Act!
1218,Sales Executive,Speaking
1218,Sales Executive,Reading Comprehension
1218,Sales Executive,Active Listening
1218,Sales Executive,Adobe Creative Cloud software
1218,Sales Executive,Critical Thinking
1218,Sales Executive,Adobe Acrobat
1218,Sales Executive,Monitoring
1218,Sales Executive,Apple Keynote
1219,Laboratory Technician,Science
1219,Laboratory Technician,Linux
1219,Laboratory Technician,Critical Thinking
1219,Laboratory Technician,Writing
1220,Sales Executive,Critical Thinking
1220,Sales Executive,Speaking
1220,Sales Executive,Act!
1220,Sales Executive,Monitoring
1220,Sales Executive,Reading Comprehension
1220,Sales Executive,Adobe ActionScript
1220,Sales Executive,Airtable
1220,Sales Executive,Adobe Creative Cloud software
1220,Sales Executive,Adobe Acrobat
1221,Laboratory Technician,Writing
1221,Laboratory Technician,Laboratory information management system LIMS
1221,Laboratory Technician,Science
1221,Laboratory Technician,Reading Comprehension
1221,Laboratory Technician,Monitoring
1221,Laboratory Technician,Critical Thinking
1221,Laboratory Technician,Email software
1221,Laboratory Technician,C++
1224,Laboratory Technician,Science
1224,Laboratory Technician,C++
1224,Laboratory Technician,Linux
1224,Laboratory Technician,Microsoft Access
1224,Laboratory Technician,Email software
1224,Laboratory Technician,Database software
1224,Laboratory Technician,Laboratory information management system LIMS
1224,Laboratory Technician,Writing
1225,Research Scientist,Ada
1225,Research Scientist,Critical Thinking
1225,Research Scientist,Amazon Elastic Compute Cloud EC2
1225,Research Scientist,3D graphics software
1225,Research Scientist,Amazon DynamoDB
1225,Research Scientist,Algorithmic software
1225,Research Scientist,Reading Comprehension
1225,Research Scientist,Mathematics
1226,Sales Representative,Adobe Illustrator
1226,Sales Representative,Reading Comprehension
1226,Sales Representative,Adobe Acrobat
1226,Sales Representative,Writing
1226,Sales Representative,Adobe Dreamweaver
1226,Sales Representative,ACT! Premium
1226,Sales Representative,Critical Thinking
1228,Manufacturing Director,Monitoring
1228,Manufacturing Director,Adobe After Effects
1228,Manufacturing Director,Apple Final Cut Pro
1228,Manufacturing Director,Reading Comprehension
1228,Manufacturing Director,Adobe Photoshop
1228,Manufacturing Director,Adobe InDesign
1228,Manufacturing Director,Critical Thinking
1228,Manufacturing Director,Active Listening
1228,Manufacturing Director,Speaking
1231,Human Resources,Adobe Human Capital Application Solution Accelerator
1231,Human Resources,Critical Thinking
1231,Human Resources,Adobe Dreamweaver
1231,Human Resources,Adobe Creative Cloud software
1231,Human Resources,Adobe Acrobat
1231,Human Resources,Active Listening
1231,Human Resources,Writing
1231,Human Resources,Speaking
1231,Human Resources,Reading Comprehension
1233,Sales Executive,Speaking
1233,Sales Executive,Apple Keynote
1233,Sales Executive,Airtable
1233,Sales Executive,Critical Thinking
1233,Sales Executive,Monitoring
1233,Sales Executive,Adobe ActionScript
1233,Sales Executive,Active Listening
1234,Laboratory Technician,Reading Comprehension
1234,Laboratory Technician,Database software
1234,Laboratory Technician,Monitoring
1234,Laboratory Technician,Laboratory information management system LIMS
1234,Laboratory Technician,Critical Thinking
1234,Laboratory Technician,C++
1235,Research Scientist,Critical Thinking
1235,Research Scientist,Active Listening
1235,Research Scientist,Algorithmic software
1235,Research Scientist,Amazon Elastic Compute Cloud EC2
1235,Research Scientist,Amazon DynamoDB
1235,Research Scientist,Active Learning
1235,Research Scientist,Mathematics
1237,Manufacturing Director,Speaking
1237,Manufacturing Director,Adobe After Effects
1237,Manufacturing Director,Active Listening
1237,Manufacturing Director,Critical Thinking
1237,Manufacturing Director,Apple Final Cut Pro
1237,Manufacturing Director,Adobe Acrobat
1237,Manufacturing Director,Reading Comprehension
1237,Manufacturing Director,Adobe InDesign
1237,Manufacturing Director,ABB Optimize IT Predict & Control
1237,Manufacturing Director,Adobe Photoshop
1238,Research Scientist,Amazon Elastic Compute Cloud EC2
1238,Research Scientist,Reading Comprehension
1238,Research Scientist,3D graphics software
1238,Research Scientist,Active Learning
1238,Research Scientist,Ada
1238,Research Scientist,Mathematics
1238,Research Scientist,Active Listening
1238,Research Scientist,Amazon DynamoDB
1238,Research Scientist,Advanced numerical software
1239,Sales Executive,Act!
1239,Sales Executive,Reading Comprehension
1239,Sales Executive,Critical Thinking
1239,Sales Executive,Adobe Acrobat
1239,Sales Executive,Speaking
1239,Sales Executive,Adobe Creative Cloud software
1240,Sales Executive,Act!
1240,Sales Executive,Active Listening
1240,Sales Executive,Adobe Acrobat
1240,Sales Executive,Adobe Creative Cloud software
1240,Sales Executive,Adobe ActionScript
1240,Sales Executive,Speaking
1240,Sales Executive,Reading Comprehension
1240,Sales Executive,Apple Keynote
1240,Sales Executive,Critical Thinking
1241,Research Scientist,3D graphics software
1241,Research Scientist,Critical Thinking
1241,Research Scientist,Mathematics
1241,Research Scientist,Reading Comprehension
1241,Research Scientist,Active Learning
1241,Research Scientist,Active Listening
1241,Research Scientist,Amazon Elastic Compute Cloud EC2
1241,Research Scientist,Advanced numerical software
1241,Research Scientist,Amazon DynamoDB
1242,Research Director,Adobe Photoshop
1242,Research Director,IBM Lotus 1-2-3
1242,Research Director,Science
1242,Research Director,Clinical trial management software
1242,Research Director,Critical Thinking
1242,Research Director,Adobe Acrobat
1242,Research Director,Active Listening
1242,Research Director,Writing
1243,Sales Executive,Speaking
1243,Sales Executive,Act!
1243,Sales Executive,Monitoring
1243,Sales Executive,Adobe ActionScript
1243,Sales Executive,Adobe Creative Cloud software
1243,Sales Executive,Active Listening
1243,Sales Executive,Adobe Acrobat
1243,Sales Executive,Critical Thinking
1243,Sales Executive,Apple Keynote
1244,Research Scientist,Active Learning
1244,Research Scientist,Active Listening
1244,Research Scientist,Ada
1244,Research Scientist,Amazon DynamoDB
1244,Research Scientist,Algorithmic software
1244,Research Scientist,Mathematics
1244,Research Scientist,Critical Thinking
1244,Research Scientist,Amazon Elastic Compute Cloud EC2
1244,Research Scientist,Advanced numerical software
1244,Research Scientist,Reading Comprehension
1245,Manufacturing Director,Speaking
1245,Manufacturing Director,Adobe After Effects
1245,Manufacturing Director,Apple Final Cut Pro
1245,Manufacturing Director,Adobe InDesign
1245,Manufacturing Director,ABB Optimize IT Predict & Control
1245,Manufacturing Director,Active Listening
1245,Manufacturing Director,Adobe Photoshop
1246,Research Scientist,Algorithmic software
1246,Research Scientist,Reading Comprehension
1246,Research Scientist,Advanced numerical software
1246,Research Scientist,Amazon Elastic Compute Cloud EC2
1246,Research Scientist,Active Listening
1246,Research Scientist,3D graphics software
1246,Research Scientist,Amazon DynamoDB
1246,Research Scientist,Mathematics
1246,Research Scientist,Ada
1246,Research Scientist,Critical Thinking
1248,Research Scientist,Advanced numerical software
1248,Research Scientist,3D graphics software
1248,Research Scientist,Amazon DynamoDB
1248,Research Scientist,Active Listening
1248,Research Scientist,Reading Comprehension
1248,Research Scientist,Mathematics
1249,Research Scientist,3D graphics software
1249,Research Scientist,Active Listening
1249,Research Scientist,Amazon DynamoDB
1249,Research Scientist,Advanced numerical software
1249,Research Scientist,Reading Comprehension
1249,Research Scientist,Ada
1250,Research Director,Adobe Acrobat
1250,Research Director,Writing
1250,Research Director,Clinical trial management software
1250,Research Director,Adobe Photoshop
1250,Research Director,Graphics software
1250,Research Director,IBM Lotus 1-2-3
1250,Research Director,Critical Thinking
1251,Healthcare Representative,Critical Thinking
1251,Healthcare Representative,Reading Comprehension
1251,Healthcare Representative,Adobe Acrobat
1251,Healthcare Representative,Alteer Office
1251,Healthcare Representative,Speaking
1251,Healthcare Representative,American Medical Association CodeManager
1251,Healthcare Representative,Active Listening
1251,Healthcare Representative,Monitoring
1251,Healthcare Representative,AcuStaf
1251,Healthcare Representative,3DGrid HIPAA Checkup
1252,Healthcare Representative,Allscripts healthcare automation software
1252,Healthcare Representative,Speaking
1252,Healthcare Representative,AcuStaf
1252,Healthcare Representative,Monitoring
1252,Healthcare Representative,3DGrid HIPAA Checkup
1252,Healthcare Representative,Adobe Acrobat
1252,Healthcare Representative,Alteer Office
1252,Healthcare Representative,Reading Comprehension
1254,Sales Executive,Adobe ActionScript
1254,Sales Executive,Airtable
1254,Sales Executive,Monitoring
1254,Sales Executive,Active Listening
1254,Sales Executive,Adobe Creative Cloud software
1254,Sales Executive,Adobe Acrobat
1254,Sales Executive,Reading Comprehension
1254,Sales Executive,Apple Keynote
1255,Research Director,Adobe Acrobat
1255,Research Director,IBM Lotus 1-2-3
1255,Research Director,Clinical trial management software
1255,Research Director,Reading Comprehension
1255,Research Director,Critical Thinking
1255,Research Director,Active Listening
1255,Research Director,Science
1255,Research Director,Adobe Photoshop
1256,Manager,Reading Comprehension
1256,Manager,Act!
1256,Manager,Monitoring
1256,Manager,ADP Workforce Now
1256,Manager,Adobe Acrobat
1256,Manager,Adobe Photoshop
1256,Manager,Adobe Creative Cloud software
1256,Manager,Critical Thinking
1256,Manager,Speaking
1256,Manager,Active Listening
1257,Research Scientist,Algorithmic software
1257,Research Scientist,Active Listening
1257,Research Scientist,Amazon Elastic Compute Cloud EC2
1257,Research Scientist,Mathematics
1257,Research Scientist,Critical Thinking
1257,Research Scientist,Reading Comprehension
1257,Research Scientist,Active Learning
1257,Research Scientist,3D graphics software
1257,Research Scientist,Advanced numerical software
1257,Research Scientist,Amazon DynamoDB
1258,Laboratory Technician,Microsoft Access
1258,Laboratory Technician,C++
1258,Laboratory Technician,Database software
1258,Laboratory Technician,Reading Comprehension
1258,Laboratory Technician,Monitoring
1259,Research Scientist,Mathematics
1259,Research Scientist,Algorithmic software
1259,Research Scientist,Ada
1259,Research Scientist,Active Listening
1259,Research Scientist,Amazon Elastic Compute Cloud EC2
1259,Research Scientist,Amazon DynamoDB
1259,Research Scientist,Active Learning
1259,Research Scientist,Reading Comprehension
1260,Healthcare Representative,Critical Thinking
1260,Healthcare Representative,Reading Comprehension
1260,Healthcare Representative,Allscripts healthcare automation software
1260,Healthcare Representative,American Medical Association CodeManager
1260,Healthcare Representative,Adobe Acrobat
1260,Healthcare Representative,Active Listening
1260,Healthcare Representative,3DGrid HIPAA Checkup
1263,Research Director,Reading Comprehension
1263,Research Director,Adobe Photoshop
1263,Research Director,Adobe Acrobat
1263,Research Director,Clinical trial management software
1263,Research Director,Active Listening
1263,Research Director,Graphics software
1263,Research Director,Critical Thinking
1263,Research Director,IBM Lotus 1-2-3
1264,Research Director,ESRI ArcGIS software
1264,Research Director,Adobe Photoshop
1264,Research Director,IBM Lotus 1-2-3
1264,Research Director,Active Listening
1264,Research Director,Writing
1264,Research Director,Critical Thinking
1264,Research Director,Reading Comprehension
1264,Research Director,Adobe Acrobat
1264,Research Director,Science
1265,Research Scientist,Ada
1265,Research Scientist,Mathematics
1265,Research Scientist,Algorithmic software
1265,Research Scientist,Critical Thinking
1265,Research Scientist,Advanced numerical software
1267,Manager,Active Listening
1267,Manager,Monitoring
1267,Manager,Adobe Acrobat
1267,Manager,Adobe Photoshop
1267,Manager,Adobe Creative Cloud software
1267,Manager,Act!
1267,Manager,ActionWare
1268,Sales Executive,Active Listening
1268,Sales Executive,Airtable
1268,Sales Executive,Act!
1268,Sales Executive,Monitoring
1268,Sales Executive,Speaking
1268,Sales Executive,Adobe Acrobat
1268,Sales Executive,Adobe ActionScript
1268,Sales Executive,Adobe Creative Cloud software
1268,Sales Executive,Reading Comprehension
1269,Research Scientist,Ada
1269,Research Scientist,Active Learning
1269,Research Scientist,Amazon Elastic Compute Cloud EC2
1269,Research Scientist,Reading Comprehension
1269,Research Scientist,Advanced numerical software
1270,Research Scientist,Active Listening
1270,Research Scientist,Reading Comprehension
1270,Research Scientist,Active Learning
1270,Research Scientist,Advanced numerical software
1270,Research Scientist,Amazon Elastic Compute Cloud EC2
1273,Sales Representative,Adobe Illustrator
1273,Sales Representative,Adobe Creative Cloud software
1273,Sales Representative,Critical Thinking
1273,Sales Representative,Speaking
1273,Sales Representative,Writing
1273,Sales Representative,ACT! Premium
1275,Research Scientist,Amazon DynamoDB
1275,Research Scientist,Ada
1275,Research Scientist,Amazon Elastic Compute Cloud EC2
1275,Research Scientist,3D graphics software
1275,Research Scientist,Algorithmic software
1275,Research Scientist,Mathematics
1275,Research Scientist,Reading Comprehension
1277,Manager,ActionWare
1277,Manager,Monitoring
1277,Manager,Critical Thinking
1277,Manager,Reading Comprehension
1277,Manager,Adobe Creative Cloud software
1277,Manager,Adobe Acrobat
1277,Manager,Adobe Photoshop
1277,Manager,Act!
1277,Manager,Speaking
1278,Healthcare Representative,Adobe Acrobat
1278,Healthcare Representative,Reading Comprehension
1278,Healthcare Representative,Speaking
1278,Healthcare Representative,3DGrid HIPAA Checkup
1278,Healthcare Representative,Alteer Office
1278,Healthcare Representative,Active Listening
1278,Healthcare Representative,Monitoring
1278,Healthcare Representative,Allscripts healthcare automation software
1279,Laboratory Technician,Microsoft Access
1279,Laboratory Technician,Linux
1279,Laboratory Technician,Database software
1279,Laboratory Technician,Monitoring
1279,Laboratory Technician,Critical Thinking
1279,Laboratory Technician,Reading Comprehension
1279,Laboratory Technician,Science
1280,Manager,Act!
1280,Manager,Speaking
1280,Manager,Adobe Photoshop
1280,Manager,Reading Comprehension
1280,Manager,Active Listening
1280,Manager,Adobe Acrobat
1280,Manager,Critical Thinking
1280,Manager,ActionWare
1281,Sales Executive,Critical Thinking
1281,Sales Executive,Apple Keynote
1281,Sales Executive,Adobe Creative Cloud software
1281,Sales Executive,Active Listening
1281,Sales Executive,Reading Comprehension
1281,Sales Executive,Adobe Acrobat
1281,Sales Executive,Adobe ActionScript
1281,Sales Executive,Airtable
1281,Sales Executive,Speaking
1282,Manager,Monitoring
1282,Manager,Critical Thinking
1282,Manager,Reading Comprehension
1282,Manager,Act!
1282,Manager,Adobe Acrobat
1282,Manager,Speaking
1282,Manager,ADP Workforce Now
1282,Manager,Adobe Creative Cloud software
1282,Manager,ActionWare
1283,Manufacturing Director,Monitoring
1283,Manufacturing Director,Active Listening
1283,Manufacturing Director,Critical Thinking
1283,Manufacturing Director,ABB Optimize IT Predict & Control
1283,Manufacturing Director,Adobe Photoshop
1283,Manufacturing Director,Apple Final Cut Pro
1283,Manufacturing Director,Adobe Acrobat
1283,Manufacturing Director,Reading Comprehension
1285,Laboratory Technician,C++
1285,Laboratory Technician,Monitoring
1285,Laboratory Technician,Writing
1285,Laboratory Technician,Science
1285,Laboratory Technician,Reading Comprehension
1285,Laboratory Technician,Email software
1285,Laboratory Technician,Critical Thinking
1285,Laboratory Technician,Database software
1286,Laboratory Technician,Monitoring
1286,Laboratory Technician,Email software
1286,Laboratory Technician,Database software
1286,Laboratory Technician,Microsoft Access
1286,Laboratory Technician,Critical Thinking
1288,Manager,Act!
1288,Manager,Critical Thinking
1288,Manager,ADP Workforce Now
1288,Manager,Monitoring
1288,Manager,Adobe Creative Cloud software
1288,Manager,Speaking
1288,Manager,Adobe Photoshop
1288,Manager,Adobe Acrobat
1288,Manager,Active Listening
1288,Manager,Reading Comprehension
1289,Human Resources,Adobe Illustrator
1289,Human Resources,Reading Comprehension
1289,Human Resources,Adobe Human Capital Application Solution Accelerator
1289,Human Resources,Adobe Acrobat
1289,Human Resources,Adobe Dreamweaver
1289,Human Resources,Speaking
1289,Human Resources,Critical Thinking
1289,Human Resources,Adobe Creative Cloud software
1289,Human Resources,Writing
1291,Research Scientist,Amazon Elastic Compute Cloud EC2
1291,Research Scientist,Amazon DynamoDB
1291,Research Scientist,Advanced numerical software
1291,Research Scientist,Mathematics
1291,Research Scientist,Ada
1291,Research Scientist,3D graphics software
1291,Research Scientist,Active Learning
1292,Research Scientist,Advanced numerical software
1292,Research Scientist,Amazon Elastic Compute Cloud EC2
1292,Research Scientist,3D graphics software
1292,Research Scientist,Active Listening
1292,Research Scientist,Critical Thinking
1292,Research Scientist,Active Learning
1292,Research Scientist,Ada
1292,Research Scientist,Amazon DynamoDB
1293,Sales Executive,Speaking
1293,Sales Executive,Apple Keynote
1293,Sales Executive,Act!
1293,Sales Executive,Critical Thinking
1293,Sales Executive,Reading Comprehension
1293,Sales Executive,Active Listening
1293,Sales Executive,Adobe Acrobat
1293,Sales Executive,Adobe ActionScript
1294,Manufacturing Director,Reading Comprehension
1294,Manufacturing Director,Monitoring
1294,Manufacturing Director,Active Listening
1294,Manufacturing Director,ABB Optimize IT Predict & Control
1294,Manufacturing Director,Apple Final Cut Pro
1294,Manufacturing Director,Adobe Photoshop
1294,Manufacturing Director,Adobe InDesign
1294,Manufacturing Director,Critical Thinking
1295,Healthcare Representative,3DGrid HIPAA Checkup
1295,Healthcare Representative,Adobe Acrobat
1295,Healthcare Representative,Speaking
1295,Healthcare Representative,American Medical Association CodeManager
1295,Healthcare Representative,Alteer Office
1295,Healthcare Representative,Critical Thinking
1295,Healthcare Representative,Allscripts healthcare automation software
1296,Laboratory Technician,Microsoft Access
1296,Laboratory Technician,C++
1296,Laboratory Technician,Reading Comprehension
1296,Laboratory Technician,Critical Thinking
1296,Laboratory Technician,Email software
1296,Laboratory Technician,Monitoring
1296,Laboratory Technician,Writing
1297,Laboratory Technician,Critical Thinking
1297,Laboratory Technician,Email software
1297,Laboratory Technician,Linux
1297,Laboratory Technician,Monitoring
1297,Laboratory Technician,Database software
1297,Laboratory Technician,Science
1297,Laboratory Technician,Writing
1297,Laboratory Technician,Reading Comprehension
1298,Manufacturing Director,Apple Final Cut Pro
1298,Manufacturing Director,Speaking
1298,Manufacturing Director,Adobe InDesign
1298,Manufacturing Director,Adobe After Effects
1298,Manufacturing Director,Active Listening
1298,Manufacturing Director,Monitoring
1298,Manufacturing Director,ABB Optimize IT Predict & Control
1299,Laboratory Technician,Monitoring
1299,Laboratory Technician,Reading Comprehension
1299,Laboratory Technician,Laboratory information management system LIMS
1299,Laboratory Technician,Linux
1299,Laboratory Technician,Microsoft Access
1299,Laboratory Technician,Email software
1299,Laboratory Technician,Science
1299,Laboratory Technician,Critical Thinking
1299,Laboratory Technician,Database software
1299,Laboratory Technician,Writing
1301,Research Scientist,Advanced numerical software
1301,Research Scientist,3D graphics software
1301,Research Scientist,Amazon DynamoDB
1301,Research Scientist,Active Learning
1301,Research Scientist,Active Listening
1301,Research Scientist,Amazon Elastic Compute Cloud EC2
1301,Research Scientist,Algorithmic software
1303,Research Scientist,Amazon Elastic Compute Cloud EC2
1303,Research Scientist,Active Listening
1303,Research Scientist,Active Learning
1303,Research Scientist,Mathematics
1304,Sales Executive,Critical Thinking
1304,Sales Executive,Reading Comprehension
1304,Sales Executive,Monitoring
1304,Sales Executive,Speaking
1304,Sales Executive,Act!
1304,Sales Executive,Adobe ActionScript
1304,Sales Executive,Apple Keynote
1306,Manager,Act!
1306,Manager,Adobe Acrobat
1306,Manager,ADP Workforce Now
1306,Manager,Monitoring
1306,Manager,Reading Comprehension
1306,Manager,Critical Thinking
1306,Manager,Active Listening
1306,Manager,Adobe Photoshop
1306,Manager,Speaking
1307,Manager,Monitoring
1307,Manager,Adobe Photoshop
1307,Manager,ADP Workforce Now
1307,Manager,ActionWare
1307,Manager,Adobe Creative Cloud software
1307,Manager,Speaking
1307,Manager,Reading Comprehension
1307,Manager,Adobe Acrobat
1307,Manager,Active Listening
1308,Research Scientist,Advanced numerical software
1308,Research Scientist,Amazon Elastic Compute Cloud EC2
1308,Research Scientist,Amazon DynamoDB
1308,Research Scientist,Ada
1308,Research Scientist,Critical Thinking
1308,Research Scientist,Algorithmic software
1308,Research Scientist,Mathematics
1309,Laboratory Technician,Science
1309,Laboratory Technician,C++
1309,Laboratory Technician,Writing
1309,Laboratory Technician,Critical Thinking
1309,Laboratory Technician,Microsoft Access
1309,Laboratory Technician,Monitoring
1309,Laboratory Technician,Linux
1309,Laboratory Technician,Email software
1309,Laboratory Technician,Laboratory information management system LIMS
1310,Research Scientist,Advanced numerical software
1310,Research Scientist,Active Learning
1310,Research Scientist,3D graphics software
1310,Research Scientist,Active Listening
1310,Research Scientist,Ada
1310,Research Scientist,Critical Thinking
1311,Laboratory Technician,Microsoft Access
1311,Laboratory Technician,Reading Comprehension
1311,Laboratory Technician,C++
1311,Laboratory Technician,Database software
1311,Laboratory Technician,Laboratory information management system LIMS
1311,Laboratory Technician,Science
1311,Laboratory Technician,Monitoring
1311,Laboratory Technician,Linux
1311,Laboratory Technician,Writing
1311,Laboratory Technician,Critical Thinking
1312,Healthcare Representative,Adobe Acrobat
1312,Healthcare Representative,3DGrid HIPAA Checkup
1312,Healthcare Representative,American Medical Association CodeManager
1312,Healthcare Representative,Reading Comprehension
1312,Healthcare Representative,Critical Thinking
1312,Healthcare Representative,Active Listening
1312,Healthcare Representative,Speaking
1312,Healthcare Representative,AcuStaf
1314,Human Resources,Adobe Illustrator
1314,Human Resources,Critical Thinking
1314,Human Resources,Adobe Creative Cloud software
1314,Human Resources,Adobe Dreamweaver
1314,Human Resources,Adobe InDesign
1314,Human Resources,Writing
1314,Human Resources,Speaking
1314,Human Resources,Adobe Acrobat
1314,Human Resources,Active Listening
1315,Laboratory Technician,Microsoft Access
1315,Laboratory Technician,Science
1315,Laboratory Technician,Writing
1315,Laboratory Technician,Monitoring
1315,Laboratory Technician,Linux
1315,Laboratory Technician,Laboratory information management system LIMS
1315,Laboratory Technician,Database software
1315,Laboratory Technician,Reading Comprehension
1315,Laboratory Technician,Critical Thinking
1315,Laboratory Technician,C++
1317,Research Director,Adobe Acrobat
1317,Research Director,Reading Comprehension
1317,Research Director,IBM Lotus 1-2-3
1317,Research Director,Clinical trial management software
1317,Research Director,Science
1317,Research Director,Active Listening
1317,Research Director,ESRI ArcGIS software
1317,Research Director,Writing
1317,Research Director,Graphics software
1317,Research Director,Adobe Photoshop
1318,Sales Executive,Active Listening
1318,Sales Executive,Critical Thinking
1318,Sales Executive,Adobe Acrobat
1318,Sales Executive,Apple Keynote
1318,Sales Executive,Adobe Creative Cloud software
1318,Sales Executive,Speaking
1318,Sales Executive,Reading Comprehension
1318,Sales Executive,Monitoring
1318,Sales Executive,Airtable
1318,Sales Executive,Act!
1319,Sales Executive,Speaking
1319,Sales Executive,Adobe Acrobat
1319,Sales Executive,Airtable
1319,Sales Executive,Adobe ActionScript
1319,Sales Executive,Active Listening
1319,Sales Executive,Monitoring
1319,Sales Executive,Critical Thinking
1319,Sales Executive,Reading Comprehension
1319,Sales Executive,Act!
1319,Sales Executive,Adobe Creative Cloud software
1321,Manager,Adobe Creative Cloud software
1321,Manager,Adobe Acrobat
1321,Manager,Act!
1321,Manager,Critical Thinking
1321,Manager,Speaking
1321,Manager,Adobe Photoshop
1321,Manager,Monitoring
1321,Manager,Reading Comprehension
1322,Manufacturing Director,Reading Comprehension
1322,Manufacturing Director,Monitoring
1322,Manufacturing Director,Speaking
1322,Manufacturing Director,Adobe Acrobat
1322,Manufacturing Director,Apple Final Cut Pro
1322,Manufacturing Director,Active Listening
1322,Manufacturing Director,ABB Optimize IT Predict & Control
1322,Manufacturing Director,Adobe After Effects
1322,Manufacturing Director,Critical Thinking
1324,Sales Executive,Airtable
1324,Sales Executive,Active Listening
1324,Sales Executive,Speaking
1324,Sales Executive,Act!
1324,Sales Executive,Adobe Creative Cloud software
1324,Sales Executive,Critical Thinking
1324,Sales Executive,Reading Comprehension
1329,Sales Executive,Act!
1329,Sales Executive,Speaking
1329,Sales Executive,Adobe ActionScript
1329,Sales Executive,Adobe Creative Cloud software
1329,Sales Executive,Critical Thinking
1329,Sales Executive,Active Listening
1329,Sales Executive,Adobe Acrobat
1329,Sales Executive,Reading Comprehension
1329,Sales Executive,Monitoring
1329,Sales Executive,Airtable
1331,Sales Representative,Adobe Illustrator
1331,Sales Representative,Speaking
1331,Sales Representative,Reading Comprehension
1331,Sales Representative,Critical Thinking
1331,Sales Representative,Adobe Acrobat
1331,Sales Representative,ACT! Premium
1333,Laboratory Technician,Reading Comprehension
1333,Laboratory Technician,Laboratory information management system LIMS
1333,Laboratory Technician,Science
1333,Laboratory Technician,Microsoft Access
1333,Laboratory Technician,C++
1333,Laboratory Technician,Database software
1334,Manager,Adobe Acrobat
1334,Manager,Reading Comprehension
1334,Manager,ActionWare
1334,Manager,Speaking
1334,Manager,Critical Thinking
1334,Manager,Monitoring
1334,Manager,Adobe Creative Cloud software
1334,Manager,Act!
1334,Manager,Adobe Photoshop
1336,Manager,Speaking
1336,Manager,Critical Thinking
1336,Manager,Monitoring
1336,Manager,Act!
1336,Manager,Reading Comprehension
1336,Manager,ADP Workforce Now
1336,Manager,ActionWare
1336,Manager,Adobe Photoshop
1338,Manager,Act!
1338,Manager,Critical Thinking
1338,Manager,Monitoring
1338,Manager,Adobe Acrobat
1338,Manager,ActionWare
1338,Manager,Reading Comprehension
1338,Manager,Adobe Creative Cloud software
1340,Research Scientist,Mathematics
1340,Research Scientist,Advanced numerical software
1340,Research Scientist,Reading Comprehension
1340,Research Scientist,Critical Thinking
1340,Research Scientist,3D graphics software
1340,Research Scientist,Ada
1340,Research Scientist,Amazon DynamoDB
1340,Research Scientist,Algorithmic software
1344,Healthcare Representative,AcuStaf
1344,Healthcare Representative,Adobe Acrobat
1344,Healthcare Representative,Speaking
1344,Healthcare Representative,American Medical Association CodeManager
1344,Healthcare Representative,Alteer Office
1344,Healthcare Representative,Allscripts healthcare automation software
1344,Healthcare Representative,3DGrid HIPAA Checkup
1344,Healthcare Representative,Reading Comprehension
1346,Research Scientist,Reading Comprehension
1346,Research Scientist,Mathematics
1346,Research Scientist,Algorithmic software
1346,Research Scientist,Ada
1346,Research Scientist,Active Listening
1346,Research Scientist,Amazon DynamoDB
1346,Research Scientist,Amazon Elastic Compute Cloud EC2
1349,Sales Executive,Airtable
1349,Sales Executive,Reading Comprehension
1349,Sales Executive,Active Listening
1349,Sales Executive,Monitoring
1349,Sales Executive,Adobe Acrobat
1349,Sales Executive,Adobe ActionScript
1349,Sales Executive,Critical Thinking
1349,Sales Executive,Apple Keynote
1349,Sales Executive,Adobe Creative Cloud software
1350,Research Scientist,Advanced numerical software
1350,Research Scientist,3D graphics software
1350,Research Scientist,Critical Thinking
1350,Research Scientist,Mathematics
1350,Research Scientist,Algorithmic software
1350,Research Scientist,Reading Comprehension
1350,Research Scientist,Active Learning
1350,Research Scientist,Amazon Elastic Compute Cloud EC2
1352,Manager,Monitoring
1352,Manager,ADP Workforce Now
1352,Manager,ActionWare
1352,Manager,Reading Comprehension
1352,Manager,Adobe Photoshop
1352,Manager,Critical Thinking
1352,Manager,Adobe Acrobat
1352,Manager,Act!
1355,Sales Executive,Adobe Acrobat
1355,Sales Executive,Act!
1355,Sales Executive,Airtable
1355,Sales Executive,Adobe Creative Cloud software
1355,Sales Executive,Apple Keynote
1355,Sales Executive,Active Listening
1355,Sales Executive,Critical Thinking
1355,Sales Executive,Adobe ActionScript
1356,Sales Executive,Adobe ActionScript
1356,Sales Executive,Critical Thinking
1356,Sales Executive,Speaking
1356,Sales Executive,Apple Keynote
1356,Sales Executive,Monitoring
1356,Sales Executive,Reading Comprehension
1356,Sales Executive,Adobe Creative Cloud software
1356,Sales Executive,Active Listening
1358,Laboratory Technician,Writing
1358,Laboratory Technician,Critical Thinking
1358,Laboratory Technician,Linux
1358,Laboratory Technician,Database software
1358,Laboratory Technician,Reading Comprehension
1360,Manufacturing Director,Critical Thinking
1360,Manufacturing Director,Reading Comprehension
1360,Manufacturing Director,ABB Optimize IT Predict & Control
1360,Manufacturing Director,Apple Final Cut Pro
1360,Manufacturing Director,Active Listening
1360,Manufacturing Director,Speaking
1360,Manufacturing Director,Adobe Acrobat
1360,Manufacturing Director,Monitoring
1360,Manufacturing Director,Adobe InDesign
1361,Laboratory Technician,Writing
1361,Laboratory Technician,Science
1361,Laboratory Technician,Reading Comprehension
1361,Laboratory Technician,Database software
1361,Laboratory Technician,Laboratory information management system LIMS
1362,Sales Executive,Act!
1362,Sales Executive,Active Listening
1362,Sales Executive,Speaking
1362,Sales Executive,Airtable
1362,Sales Executive,Reading Comprehension
1362,Sales Executive,Critical Thinking
1362,Sales Executive,Adobe Creative Cloud software
1362,Sales Executive,Adobe ActionScript
1363,Manufacturing Director,Active Listening
1363,Manufacturing Director,Reading Comprehension
1363,Manufacturing Director,Adobe After Effects
1363,Manufacturing Director,Adobe InDesign
1363,Manufacturing Director,Critical Thinking
1363,Manufacturing Director,Adobe Acrobat
1363,Manufacturing Director,Monitoring
1363,Manufacturing Director,Speaking
1364,Sales Representative,Adobe Dreamweaver
1364,Sales Representative,Active Listening
1364,Sales Representative,Adobe Illustrator
1364,Sales Representative,ACT! Premium
1364,Sales Representative,Speaking
1364,Sales Representative,Adobe Acrobat
1367,Manufacturing Director,Adobe InDesign
1367,Manufacturing Director,Critical Thinking
1367,Manufacturing Director,ABB Optimize IT Predict & Control
1367,Manufacturing Director,Speaking
1367,Manufacturing Director,Adobe After Effects
1367,Manufacturing Director,Monitoring
1367,Manufacturing Director,Apple Final Cut Pro
1367,Manufacturing Director,Reading Comprehension
1367,Manufacturing Director,Adobe Acrobat
1368,Laboratory Technician,Linux
1368,Laboratory Technician,C++
1368,Laboratory Technician,Laboratory information management system LIMS
1368,Laboratory Technician,Database software
1368,Laboratory Technician,Email software
1369,Laboratory Technician,Microsoft Access
1369,Laboratory Technician,Monitoring
1369,Laboratory Technician,Laboratory information management system LIMS
1369,Laboratory Technician,Linux
1369,Laboratory Technician,C++
1369,Laboratory Technician,Email software
1369,Laboratory Technician,Database software
1369,Laboratory Technician,Critical Thinking
1369,Laboratory Technician,Reading Comprehension
1371,Sales Executive,Act!
1371,Sales Executive,Active Listening
1371,Sales Executive,Reading Comprehension
1371,Sales Executive,Airtable
1371,Sales Executive,Adobe Acrobat
1371,Sales Executive,Adobe ActionScript
1371,Sales Executive,Critical Thinking
1372,Sales Executive,Adobe Creative Cloud software
1372,Sales Executive,Critical Thinking
1372,Sales Executive,Adobe Acrobat
1372,Sales Executive,Adobe ActionScript
1372,Sales Executive,Speaking
1372,Sales Executive,Active Listening
1372,Sales Executive,Act!
1372,Sales Executive,Monitoring
1373,Manufacturing Director,Adobe After Effects
1373,Manufacturing Director,Critical Thinking
1373,Manufacturing Director,Monitoring
1373,Manufacturing Director,ABB Optimize IT Predict & Control
1373,Manufacturing Director,Speaking
1373,Manufacturing Director,Adobe Photoshop
1373,Manufacturing Director,Apple Final Cut Pro
1373,Manufacturing Director,Active Listening
1373,Manufacturing Director,Adobe Acrobat
1373,Manufacturing Director,Adobe InDesign
1374,Research Scientist,Amazon DynamoDB
1374,Research Scientist,Critical Thinking
1374,Research Scientist,Ada
1374,Research Scientist,Algorithmic software
1374,Research Scientist,Active Listening
1374,Research Scientist,Mathematics
1374,Research Scientist,Active Learning
1375,Healthcare Representative,Monitoring
1375,Healthcare Representative,Reading Comprehension
1375,Healthcare Representative,Adobe Acrobat
1375,Healthcare Representative,Active Listening
1375,Healthcare Representative,American Medical Association CodeManager
1375,Healthcare Representative,AcuStaf
1375,Healthcare Representative,Alteer Office
1375,Healthcare Representative,Allscripts healthcare automation software
1377,Laboratory Technician,Linux
1377,Laboratory Technician,Writing
1377,Laboratory Technician,Critical Thinking
1377,Laboratory Technician,Laboratory information management system LIMS
1377,Laboratory Technician,Monitoring
1377,Laboratory Technician,Email software
1377,Laboratory Technician,Science
1377,Laboratory Technician,Microsoft Access
1377,Laboratory Technician,C++
1377,Laboratory Technician,Reading Comprehension
1379,Sales Representative,3M Post-it App
1379,Sales Representative,ACT! Premium
1379,Sales Representative,Adobe Illustrator
1379,Sales Representative,Critical Thinking
1379,Sales Representative,Writing
1379,Sales Representative,Adobe Dreamweaver
1379,Sales Representative,Adobe Acrobat
1380,Sales Executive,Airtable
1380,Sales Executive,Adobe Creative Cloud software
1380,Sales Executive,Reading Comprehension
1380,Sales Executive,Act!
1380,Sales Executive,Active Listening
1380,Sales Executive,Apple Keynote
1382,Research Scientist,Amazon Elastic Compute Cloud EC2
1382,Research Scientist,Reading Comprehension
1382,Research Scientist,Active Learning
1382,Research Scientist,Critical Thinking
1382,Research Scientist,Active Listening
1382,Research Scientist,Algorithmic software
1382,Research Scientist,Amazon DynamoDB
1383,Healthcare Representative,Speaking
1383,Healthcare Representative,AcuStaf
1383,Healthcare Representative,Alteer Office
1383,Healthcare Representative,3DGrid HIPAA Checkup
1383,Healthcare Representative,American Medical Association CodeManager
1383,Healthcare Representative,Reading Comprehension
1383,Healthcare Representative,Active Listening
1383,Healthcare Representative,Allscripts healthcare automation software
1383,Healthcare Representative,Monitoring
1387,Sales Executive,Adobe ActionScript
1387,Sales Executive,Speaking
1387,Sales Executive,Adobe Creative Cloud software
1387,Sales Executive,Critical Thinking
1387,Sales Executive,Apple Keynote
1387,Sales Executive,Active Listening
1387,Sales Executive,Act!
1387,Sales Executive,Adobe Acrobat
1389,Manufacturing Director,Speaking
1389,Manufacturing Director,Reading Comprehension
1389,Manufacturing Director,Monitoring
1389,Manufacturing Director,Adobe After Effects
1389,Manufacturing Director,Adobe InDesign
1389,Manufacturing Director,Active Listening
1389,Manufacturing Director,Apple Final Cut Pro
1390,Sales Executive,Reading Comprehension
1390,Sales Executive,Monitoring
1390,Sales Executive,Act!
1390,Sales Executive,Adobe Acrobat
1390,Sales Executive,Critical Thinking
1390,Sales Executive,Adobe ActionScript
1390,Sales Executive,Apple Keynote
1390,Sales Executive,Active Listening
1390,Sales Executive,Adobe Creative Cloud software
1391,Sales Executive,Reading Comprehension
1391,Sales Executive,Airtable
1391,Sales Executive,Act!
1391,Sales Executive,Monitoring
1391,Sales Executive,Speaking
1391,Sales Executive,Critical Thinking
1391,Sales Executive,Apple Keynote
1391,Sales Executive,Adobe ActionScript
1392,Research Scientist,Amazon DynamoDB
1392,Research Scientist,Reading Comprehension
1392,Research Scientist,Algorithmic software
1392,Research Scientist,3D graphics software
1392,Research Scientist,Active Learning
1392,Research Scientist,Amazon Elastic Compute Cloud EC2
1392,Research Scientist,Critical Thinking
1392,Research Scientist,Advanced numerical software
1392,Research Scientist,Active Listening
1394,Research Scientist,Reading Comprehension
1394,Research Scientist,Advanced numerical software
1394,Research Scientist,Ada
1394,Research Scientist,Amazon Elastic Compute Cloud EC2
1394,Research Scientist,Active Learning
1394,Research Scientist,3D graphics software
1395,Sales Executive,Act!
1395,Sales Executive,Adobe ActionScript
1395,Sales Executive,Monitoring
1395,Sales Executive,Critical Thinking
1395,Sales Executive,Apple Keynote
1395,Sales Executive,Adobe Creative Cloud software
1395,Sales Executive,Active Listening
1395,Sales Executive,Airtable
1395,Sales Executive,Adobe Acrobat
1395,Sales Executive,Speaking
1396,Sales Executive,Adobe Acrobat
1396,Sales Executive,Apple Keynote
1396,Sales Executive,Critical Thinking
1396,Sales Executive,Airtable
1396,Sales Executive,Speaking
1396,Sales Executive,Adobe ActionScript
1397,Healthcare Representative,Speaking
1397,Healthcare Representative,AcuStaf
1397,Healthcare Representative,Reading Comprehension
1397,Healthcare Representative,Active Listening
1397,Healthcare Representative,Monitoring
1397,Healthcare Representative,3DGrid HIPAA Checkup
1397,Healthcare Representative,Critical Thinking
1397,Healthcare Representative,Allscripts healthcare automation software
1399,Sales Executive,Airtable
1399,Sales Executive,Active Listening
1399,Sales Executive,Act!
1399,Sales Executive,Adobe Acrobat
1399,Sales Executive,Apple Keynote
1399,Sales Executive,Critical Thinking
1399,Sales Executive,Adobe Creative Cloud software
1399,Sales Executive,Speaking
1399,Sales Executive,Reading Comprehension
1401,Manufacturing Director,Critical Thinking
1401,Manufacturing Director,Adobe Photoshop
1401,Manufacturing Director,Active Listening
1401,Manufacturing Director,Adobe InDesign
1401,Manufacturing Director,Apple Final Cut Pro
1401,Manufacturing Director,Adobe Acrobat
1401,Manufacturing Director,Adobe After Effects
1401,Manufacturing Director,Monitoring
1401,Manufacturing Director,ABB Optimize IT Predict & Control
1401,Manufacturing Director,Reading Comprehension
1402,Research Scientist,Advanced numerical software
1402,Research Scientist,Ada
1402,Research Scientist,Amazon Elastic Compute Cloud EC2
1402,Research Scientist,Reading Comprehension
1402,Research Scientist,Mathematics
1402,Research Scientist,Algorithmic software
1402,Research Scientist,3D graphics software
1402,Research Scientist,Active Listening
1402,Research Scientist,Amazon DynamoDB
1403,Sales Executive,Reading Comprehension
1403,Sales Executive,Critical Thinking
1403,Sales Executive,Adobe Creative Cloud software
1403,Sales Executive,Airtable
1403,Sales Executive,Adobe Acrobat
1403,Sales Executive,Monitoring
1403,Sales Executive,Active Listening
1405,Research Scientist,3D graphics software
1405,Research Scientist,Advanced numerical software
1405,Research Scientist,Active Listening
1405,Research Scientist,Reading Comprehension
1405,Research Scientist,Algorithmic software
1405,Research Scientist,Amazon DynamoDB
1405,Research Scientist,Amazon Elastic Compute Cloud EC2
1407,Research Scientist,Amazon Elastic Compute Cloud EC2
1407,Research Scientist,Critical Thinking
1407,Research Scientist,Advanced numerical software
1407,Research Scientist,Active Listening
1407,Research Scientist,Reading Comprehension
1407,Research Scientist,3D graphics software
1407,Research Scientist,Active Learning
1407,Research Scientist,Amazon DynamoDB
1408,Manager,Monitoring
1408,Manager,ActionWare
1408,Manager,Act!
1408,Manager,Speaking
1408,Manager,Active Listening
1408,Manager,Reading Comprehension
1408,Manager,ADP Workforce Now
1409,Laboratory Technician,Linux
1409,Laboratory Technician,C++
1409,Laboratory Technician,Writing
1409,Laboratory Technician,Reading Comprehension
1409,Laboratory Technician,Monitoring
1409,Laboratory Technician,Database software
1409,Laboratory Technician,Microsoft Access
1411,Laboratory Technician,Microsoft Access
1411,Laboratory Technician,Database software
1411,Laboratory Technician,Writing
1411,Laboratory Technician,Science
1411,Laboratory Technician,Linux
1412,Manufacturing Director,Active Listening
1412,Manufacturing Director,Speaking
1412,Manufacturing Director,Monitoring
1412,Manufacturing Director,Adobe After Effects
1412,Manufacturing Director,ABB Optimize IT Predict & Control
1412,Manufacturing Director,Reading Comprehension
1412,Manufacturing Director,Adobe Acrobat
1412,Manufacturing Director,Critical Thinking
1415,Laboratory Technician,Linux
1415,Laboratory Technician,Microsoft Access
1415,Laboratory Technician,C++
1415,Laboratory Technician,Database software
1415,Laboratory Technician,Reading Comprehension
1417,Laboratory Technician,Laboratory information management system LIMS
1417,Laboratory Technician,C++
1417,Laboratory Technician,Critical Thinking
1417,Laboratory Technician,Reading Comprehension
1417,Laboratory Technician,Linux
1417,Laboratory Technician,Database software
1417,Laboratory Technician,Email software
1417,Laboratory Technician,Monitoring
1417,Laboratory Technician,Writing
1419,Human Resources,Critical Thinking
1419,Human Resources,Active Listening
1419,Human Resources,Adobe Illustrator
1419,Human Resources,Reading Comprehension
1419,Human Resources,Adobe Creative Cloud software
1419,Human Resources,Adobe Dreamweaver
1419,Human Resources,Adobe Human Capital Application Solution Accelerator
1419,Human Resources,Adobe Acrobat
1419,Human Resources,Speaking
1419,Human Resources,Adobe InDesign
1420,Laboratory Technician,Microsoft Access
1420,Laboratory Technician,Database software
1420,Laboratory Technician,Science
1420,Laboratory Technician,Reading Comprehension
1420,Laboratory Technician,C++
1420,Laboratory Technician,Laboratory information management system LIMS
1420,Laboratory Technician,Writing
1420,Laboratory Technician,Linux
1420,Laboratory Technician,Critical Thinking
1421,Healthcare Representative,Active Listening
1421,Healthcare Representative,American Medical Association CodeManager
1421,Healthcare Representative,3DGrid HIPAA Checkup
1421,Healthcare Representative,Reading Comprehension
1421,Healthcare Representative,Alteer Office
1421,Healthcare Representative,Monitoring
1421,Healthcare Representative,Allscripts healthcare automation software
1421,Healthcare Representative,Speaking
1422,Research Director,ESRI ArcGIS software
1422,Research Director,Writing
1422,Research Director,Adobe Photoshop
1422,Research Director,Active Listening
1422,Research Director,IBM Lotus 1-2-3
1422,Research Director,Critical Thinking
1422,Research Director,Graphics software
1422,Research Director,Clinical trial management software
1422,Research Director,Adobe Acrobat
1423,Research Director,Adobe Photoshop
1423,Research Director,Adobe Acrobat
1423,Research Director,Graphics software
1423,Research Director,IBM Lotus 1-2-3
1423,Research Director,Science
1423,Research Director,Critical Thinking
1423,Research Director,Clinical trial management software
1423,Research Director,Writing
1424,Research Director,Reading Comprehension
1424,Research Director,Clinical trial management software
1424,Research Director,Science
1424,Research Director,Graphics software
1424,Research Director,Writing
1424,Research Director,ESRI ArcGIS software
1424,Research Director,Active Listening
1424,Research Director,Adobe Acrobat
1424,Research Director,Adobe Photoshop
1424,Research Director,IBM Lotus 1-2-3
1425,Sales Executive,Airtable
1425,Sales Executive,Monitoring
1425,Sales Executive,Speaking
1425,Sales Executive,Adobe ActionScript
1425,Sales Executive,Active Listening
1425,Sales Executive,Apple Keynote
1425,Sales Executive,Act!
1425,Sales Executive,Reading Comprehension
1427,Sales Representative,Reading Comprehension
1427,Sales Representative,Active Listening
1427,Sales Representative,Adobe Illustrator
1427,Sales Representative,Adobe Creative Cloud software
1428,Sales Executive,Airtable
1428,Sales Executive,Critical Thinking
1428,Sales Executive,Reading Comprehension
1428,Sales Executive,Adobe Creative Cloud software
1428,Sales Executive,Monitoring
1430,Research Director,Writing
1430,Research Director,Graphics software
1430,Research Director,IBM Lotus 1-2-3
1430,Research Director,ESRI ArcGIS software
1430,Research Director,Critical Thinking
1430,Research Director,Adobe Photoshop
1430,Research Director,Science
1430,Research Director,Reading Comprehension
1430,Research Director,Clinical trial management software
1430,Research Director,Active Listening
1431,Research Scientist,3D graphics software
1431,Research Scientist,Active Listening
1431,Research Scientist,Algorithmic software
1431,Research Scientist,Active Learning
1431,Research Scientist,Ada
1431,Research Scientist,Reading Comprehension
1431,Research Scientist,Critical Thinking
1431,Research Scientist,Amazon DynamoDB
1433,Research Scientist,Amazon Elastic Compute Cloud EC2
1433,Research Scientist,Reading Comprehension
1433,Research Scientist,Mathematics
1433,Research Scientist,3D graphics software
1434,Laboratory Technician,Email software
1434,Laboratory Technician,Database software
1434,Laboratory Technician,Reading Comprehension
1434,Laboratory Technician,Writing
1434,Laboratory Technician,Laboratory information management system LIMS
1434,Laboratory Technician,Critical Thinking
1434,Laboratory Technician,Monitoring
1435,Laboratory Technician,Linux
1435,Laboratory Technician,Monitoring
1435,Laboratory Technician,Writing
1435,Laboratory Technician,Email software
1435,Laboratory Technician,Reading Comprehension
1435,Laboratory Technician,C++
1435,Laboratory Technician,Critical Thinking
1436,Sales Executive,Reading Comprehension
1436,Sales Executive,Adobe Creative Cloud software
1436,Sales Executive,Airtable
1436,Sales Executive,Adobe Acrobat
1436,Sales Executive,Speaking
1436,Sales Executive,Active Listening
1436,Sales Executive,Adobe ActionScript
1438,Research Scientist,Advanced numerical software
1438,Research Scientist,Algorithmic software
1438,Research Scientist,Amazon Elastic Compute Cloud EC2
1438,Research Scientist,Mathematics
1438,Research Scientist,Ada
1438,Research Scientist,Active Learning
1438,Research Scientist,Active Listening
1438,Research Scientist,3D graphics software
1439,Sales Representative,Speaking
1439,Sales Representative,Adobe Creative Cloud software
1439,Sales Representative,Reading Comprehension
1439,Sales Representative,Adobe Dreamweaver
1439,Sales Representative,Active Listening
1439,Sales Representative,Adobe Illustrator
1440,Laboratory Technician,C++
1440,Laboratory Technician,Monitoring
1440,Laboratory Technician,Critical Thinking
1440,Laboratory Technician,Database software
1440,Laboratory Technician,Email software
1440,Laboratory Technician,Science
1440,Laboratory Technician,Microsoft Access
1441,Research Scientist,3D graphics software
1441,Research Scientist,Active Listening
1441,Research Scientist,Amazon Elastic Compute Cloud EC2
1441,Research Scientist,Reading Comprehension
1441,Research Scientist,Algorithmic software
1443,Research Director,Critical Thinking
1443,Research Director,Adobe Acrobat
1443,Research Director,Clinical trial management software
1443,Research Director,IBM Lotus 1-2-3
1443,Research Director,Active Listening
1443,Research Director,Graphics software
1443,Research Director,Reading Comprehension
1443,Research Director,Adobe Photoshop
1443,Research Director,ESRI ArcGIS software
1443,Research Director,Writing
1445,Sales Executive,Reading Comprehension
1445,Sales Executive,Adobe Creative Cloud software
1445,Sales Executive,Airtable
1445,Sales Executive,Adobe ActionScript
1445,Sales Executive,Act!
1445,Sales Executive,Speaking
1445,Sales Executive,Apple Keynote
1446,Sales Executive,Active Listening
1446,Sales Executive,Monitoring
1446,Sales Executive,Adobe ActionScript
1446,Sales Executive,Apple Keynote
1446,Sales Executive,Reading Comprehension
1446,Sales Executive,Adobe Creative Cloud software
1446,Sales Executive,Speaking
1446,Sales Executive,Critical Thinking
1447,Laboratory Technician,Email software
1447,Laboratory Technician,Science
1447,Laboratory Technician,C++
1447,Laboratory Technician,Reading Comprehension
1447,Laboratory Technician,Monitoring
1447,Laboratory Technician,Linux
1447,Laboratory Technician,Database software
1448,Research Scientist,Amazon DynamoDB
1448,Research Scientist,Advanced numerical software
1448,Research Scientist,Active Listening
1448,Research Scientist,Ada
1448,Research Scientist,Mathematics
1448,Research Scientist,Critical Thinking
1449,Laboratory Technician,Microsoft Access
1449,Laboratory Technician,Email software
1449,Laboratory Technician,Linux
1449,Laboratory Technician,Laboratory information management system LIMS
1449,Laboratory Technician,Science
1449,Laboratory Technician,Writing
1449,Laboratory Technician,Monitoring
1449,Laboratory Technician,Database software
1449,Laboratory Technician,Critical Thinking
1453,Sales Executive,Adobe Acrobat
1453,Sales Executive,Act!
1453,Sales Executive,Reading Comprehension
1453,Sales Executive,Airtable
1453,Sales Executive,Monitoring
1453,Sales Executive,Adobe Creative Cloud software
1453,Sales Executive,Apple Keynote
1453,Sales Executive,Active Listening
1457,Sales Executive,Monitoring
1457,Sales Executive,Speaking
1457,Sales Executive,Apple Keynote
1457,Sales Executive,Critical Thinking
1457,Sales Executive,Active Listening
1457,Sales Executive,Adobe Acrobat
1457,Sales Executive,Reading Comprehension
1458,Laboratory Technician,Monitoring
1458,Laboratory Technician,Writing
1458,Laboratory Technician,Linux
1458,Laboratory Technician,C++
1458,Laboratory Technician,Microsoft Access
1459,Manufacturing Director,Adobe InDesign
1459,Manufacturing Director,Adobe Acrobat
1459,Manufacturing Director,Reading Comprehension
1459,Manufacturing Director,Speaking
1459,Manufacturing Director,Apple Final Cut Pro
1459,Manufacturing Director,Adobe After Effects
1459,Manufacturing Director,Monitoring
1459,Manufacturing Director,Adobe Photoshop
1459,Manufacturing Director,ABB Optimize IT Predict & Control
1460,Healthcare Representative,Monitoring
1460,Healthcare Representative,Reading Comprehension
1460,Healthcare Representative,Critical Thinking
1460,Healthcare Representative,Alteer Office
1460,Healthcare Representative,Active Listening
1460,Healthcare Representative,Allscripts healthcare automation software
1460,Healthcare Representative,AcuStaf
1460,Healthcare Representative,Adobe Acrobat
1460,Healthcare Representative,American Medical Association CodeManager
1461,Human Resources,Active Listening
1461,Human Resources,Adobe InDesign
1461,Human Resources,Adobe Acrobat
1461,Human Resources,Adobe Illustrator
1461,Human Resources,Adobe Dreamweaver
1461,Human Resources,Writing
1461,Human Resources,Critical Thinking
1464,Laboratory Technician,Email software
1464,Laboratory Technician,Database software
1464,Laboratory Technician,Linux
1464,Laboratory Technician,Microsoft Access
1464,Laboratory Technician,C++
1464,Laboratory Technician,Laboratory information management system LIMS
1464,Laboratory Technician,Science
1464,Laboratory Technician,Critical Thinking
1465,Manufacturing Director,Reading Comprehension
1465,Manufacturing Director,Adobe Acrobat
1465,Manufacturing Director,Critical Thinking
1465,Manufacturing Director,ABB Optimize IT Predict & Control
1465,Manufacturing Director,Adobe Photoshop
1465,Manufacturing Director,Active Listening
1465,Manufacturing Director,Apple Final Cut Pro
1465,Manufacturing Director,Adobe InDesign
1466,Sales Executive,Act!
1466,Sales Executive,Reading Comprehension
1466,Sales Executive,Airtable
1466,Sales Executive,Speaking
1466,Sales Executive,Active Listening
1466,Sales Executive,Critical Thinking
1466,Sales Executive,Adobe ActionScript
1467,Human Resources,Active Listening
1467,Human Resources,Adobe Illustrator
1467,Human Resources,Writing
1467,Human Resources,Reading Comprehension
1467,Human Resources,Adobe Dreamweaver
1467,Human Resources,Adobe InDesign
1468,Research Director,Graphics software
1468,Research Director,ESRI ArcGIS software
1468,Research Director,Writing
1468,Research Director,Clinical trial management software
1468,Research Director,Adobe Acrobat
1468,Research Director,Active Listening
1468,Research Director,IBM Lotus 1-2-3
1468,Research Director,Adobe Photoshop
1469,Sales Executive,Adobe ActionScript
1469,Sales Executive,Reading Comprehension
1469,Sales Executive,Active Listening
1469,Sales Executive,Airtable
1469,Sales Executive,Apple Keynote
1469,Sales Executive,Critical Thinking
1469,Sales Executive,Adobe Creative Cloud software
1469,Sales Executive,Speaking
1469,Sales Executive,Adobe Acrobat
1469,Sales Executive,Monitoring
1471,Laboratory Technician,Reading Comprehension
1471,Laboratory Technician,Critical Thinking
1471,Laboratory Technician,Writing
1471,Laboratory Technician,Monitoring
1471,Laboratory Technician,Laboratory information management system LIMS
1471,Laboratory Technician,Microsoft Access
1471,Laboratory Technician,Email software
1472,Research Director,Adobe Acrobat
1472,Research Director,Reading Comprehension
1472,Research Director,IBM Lotus 1-2-3
1472,Research Director,Clinical trial management software
1472,Research Director,ESRI ArcGIS software
1472,Research Director,Active Listening
1472,Research Director,Science
1472,Research Director,Critical Thinking
1472,Research Director,Writing
1472,Research Director,Adobe Photoshop
1473,Healthcare Representative,Reading Comprehension
1473,Healthcare Representative,Critical Thinking
1473,Healthcare Representative,Allscripts healthcare automation software
1473,Healthcare Representative,Adobe Acrobat
1473,Healthcare Representative,Alteer Office
1473,Healthcare Representative,Monitoring
1473,Healthcare Representative,Active Listening
1473,Healthcare Representative,AcuStaf
1474,Research Scientist,3D graphics software
1474,Research Scientist,Critical Thinking
1474,Research Scientist,Active Learning
1474,Research Scientist,Reading Comprehension
1474,Research Scientist,Algorithmic software
1474,Research Scientist,Amazon Elastic Compute Cloud EC2
1474,Research Scientist,Mathematics
1475,Research Scientist,Active Listening
1475,Research Scientist,Active Learning
1475,Research Scientist,Ada
1475,Research Scientist,Critical Thinking
1475,Research Scientist,Algorithmic software
1477,Sales Executive,Reading Comprehension
1477,Sales Executive,Apple Keynote
1477,Sales Executive,Speaking
1477,Sales Executive,Act!
1477,Sales Executive,Active Listening
1477,Sales Executive,Adobe ActionScript
1478,Sales Executive,Adobe Creative Cloud software
1478,Sales Executive,Adobe Acrobat
1478,Sales Executive,Monitoring
1478,Sales Executive,Apple Keynote
1478,Sales Executive,Act!
1478,Sales Executive,Critical Thinking
1478,Sales Executive,Active Listening
1478,Sales Executive,Airtable
1479,Sales Executive,Adobe ActionScript
1479,Sales Executive,Adobe Acrobat
1479,Sales Executive,Apple Keynote
1479,Sales Executive,Monitoring
1479,Sales Executive,Airtable
1479,Sales Executive,Active Listening
1479,Sales Executive,Speaking
1480,Laboratory Technician,Monitoring
1480,Laboratory Technician,Microsoft Access
1480,Laboratory Technician,C++
1480,Laboratory Technician,Laboratory information management system LIMS
1480,Laboratory Technician,Email software
1480,Laboratory Technician,Linux
1480,Laboratory Technician,Critical Thinking
1480,Laboratory Technician,Science
1480,Laboratory Technician,Database software
1481,Sales Executive,Critical Thinking
1481,Sales Executive,Speaking
1481,Sales Executive,Active Listening
1481,Sales Executive,Adobe Creative Cloud software
1481,Sales Executive,Act!
1481,Sales Executive,Reading Comprehension
1482,Research Scientist,Advanced numerical software
1482,Research Scientist,Ada
1482,Research Scientist,Amazon Elastic Compute Cloud EC2
1482,Research Scientist,3D graphics software
1482,Research Scientist,Reading Comprehension
1482,Research Scientist,Amazon DynamoDB
1483,Research Scientist,Ada
1483,Research Scientist,Active Learning
1483,Research Scientist,Reading Comprehension
1483,Research Scientist,Algorithmic software
1483,Research Scientist,Advanced numerical software
1483,Research Scientist,Mathematics
1483,Research Scientist,Active Listening
1483,Research Scientist,Amazon Elastic Compute Cloud EC2
1483,Research Scientist,Amazon DynamoDB
1483,Research Scientist,3D graphics software
1484,Healthcare Representative,AcuStaf
1484,Healthcare Representative,Adobe Acrobat
1484,Healthcare Representative,Critical Thinking
1484,Healthcare Representative,American Medical Association CodeManager
1484,Healthcare Representative,Reading Comprehension
1484,Healthcare Representative,Active Listening
1484,Healthcare Representative,3DGrid HIPAA Checkup
1484,Healthcare Representative,Speaking
1485,Research Director,Active Listening
1485,Research Director,Clinical trial management software
1485,Research Director,IBM Lotus 1-2-3
1485,Research Director,ESRI ArcGIS software
1485,Research Director,Adobe Photoshop
1485,Research Director,Critical Thinking
1485,Research Director,Reading Comprehension
1485,Research Director,Graphics software
1485,Research Director,Writing
1486,Sales Representative,Reading Comprehension
1486,Sales Representative,Adobe Creative Cloud software
1486,Sales Representative,Critical Thinking
1486,Sales Representative,Writing
1486,Sales Representative,Adobe Dreamweaver
1486,Sales Representative,Speaking
1486,Sales Representative,Adobe Illustrator
1487,Sales Executive,Active Listening
1487,Sales Executive,Adobe Acrobat
1487,Sales Executive,Apple Keynote
1487,Sales Executive,Act!
1487,Sales Executive,Adobe Creative Cloud software
1487,Sales Executive,Airtable
1487,Sales Executive,Reading Comprehension
1487,Sales Executive,Adobe ActionScript
1489,Sales Executive,Adobe Acrobat
1489,Sales Executive,Adobe Creative Cloud software
1489,Sales Executive,Airtable
1489,Sales Executive,Active Listening
1489,Sales Executive,Apple Keynote
1489,Sales Executive,Critical Thinking
1489,Sales Executive,Reading Comprehension
1489,Sales Executive,Adobe ActionScript
1489,Sales Executive,Act!
1489,Sales Executive,Speaking
1492,Sales Representative,Adobe Illustrator
1492,Sales Representative,3M Post-it App
1492,Sales Representative,ACT! Premium
1492,Sales Representative,Adobe Creative Cloud software
1494,Laboratory Technician,Writing
1494,Laboratory Technician,Email software
1494,Laboratory Technician,C++
1494,Laboratory Technician,Monitoring
1494,Laboratory Technician,Microsoft Access
1495,Sales Representative,Writing
1495,Sales Representative,Critical Thinking
1495,Sales Representative,Adobe Acrobat
1495,Sales Representative,Active Listening
1495,Sales Representative,Adobe Illustrator
1495,Sales Representative,Adobe Creative Cloud software
1495,Sales Representative,ACT! Premium
1496,Manufacturing Director,Reading Comprehension
1496,Manufacturing Director,Adobe Photoshop
1496,Manufacturing Director,Adobe Acrobat
1496,Manufacturing Director,ABB Optimize IT Predict & Control
1496,Manufacturing Director,Adobe After Effects
1496,Manufacturing Director,Speaking
1496,Manufacturing Director,Apple Final Cut Pro
1497,Sales Executive,Speaking
1497,Sales Executive,Monitoring
1497,Sales Executive,Adobe Acrobat
1497,Sales Executive,Active Listening
1497,Sales Executive,Adobe ActionScript
1497,Sales Executive,Adobe Creative Cloud software
1497,Sales Executive,Apple Keynote
1499,Human Resources,Adobe Creative Cloud software
1499,Human Resources,Adobe Human Capital Application Solution Accelerator
1499,Human Resources,Writing
1499,Human Resources,Adobe Dreamweaver
1499,Human Resources,Adobe Acrobat
1499,Human Resources,Active Listening
1499,Human Resources,Adobe InDesign
1501,Healthcare Representative,Allscripts healthcare automation software
1501,Healthcare Representative,3DGrid HIPAA Checkup
1501,Healthcare Representative,Adobe Acrobat
1501,Healthcare Representative,Reading Comprehension
1501,Healthcare Representative,Alteer Office
1501,Healthcare Representative,American Medical Association CodeManager
1502,Laboratory Technician,Database software
1502,Laboratory Technician,Laboratory information management system LIMS
1502,Laboratory Technician,Monitoring
1502,Laboratory Technician,Critical Thinking
1502,Laboratory Technician,Reading Comprehension
1502,Laboratory Technician,Writing
1502,Laboratory Technician,Email software
1503,Sales Executive,Reading Comprehension
1503,Sales Executive,Airtable
1503,Sales Executive,Monitoring
1503,Sales Executive,Apple Keynote
1503,Sales Executive,Speaking
1503,Sales Executive,Adobe ActionScript
1503,Sales Executive,Critical Thinking
1504,Laboratory Technician,Database software
1504,Laboratory Technician,C++
1504,Laboratory Technician,Email software
1504,Laboratory Technician,Science
1506,Research Scientist,Ada
1506,Research Scientist,Critical Thinking
1506,Research Scientist,Algorithmic software
1506,Research Scientist,Active Learning
1506,Research Scientist,Advanced numerical software
1506,Research Scientist,Amazon DynamoDB
1506,Research Scientist,Reading Comprehension
1507,Sales Executive,Reading Comprehension
1507,Sales Executive,Adobe Creative Cloud software
1507,Sales Executive,Adobe ActionScript
1507,Sales Executive,Critical Thinking
1507,Sales Executive,Monitoring
1507,Sales Executive,Adobe Acrobat
1507,Sales Executive,Act!
1509,Laboratory Technician,Science
1509,Laboratory Technician,Microsoft Access
1509,Laboratory Technician,Database software
1509,Laboratory Technician,C++
1509,Laboratory Technician,Linux
1509,Laboratory Technician,Writing
1513,Laboratory Technician,Linux
1513,Laboratory Technician,Science
1513,Laboratory Technician,Microsoft Access
1513,Laboratory Technician,Database software
1513,Laboratory Technician,Monitoring
1513,Laboratory Technician,Email software
1514,Manufacturing Director,Critical Thinking
1514,Manufacturing Director,Active Listening
1514,Manufacturing Director,Reading Comprehension
1514,Manufacturing Director,Adobe Photoshop
1514,Manufacturing Director,Adobe After Effects
1514,Manufacturing Director,Speaking
1514,Manufacturing Director,Apple Final Cut Pro
1514,Manufacturing Director,ABB Optimize IT Predict & Control
1514,Manufacturing Director,Adobe Acrobat
1515,Healthcare Representative,Allscripts healthcare automation software
1515,Healthcare Representative,3DGrid HIPAA Checkup
1515,Healthcare Representative,Reading Comprehension
1515,Healthcare Representative,American Medical Association CodeManager
1515,Healthcare Representative,Critical Thinking
1515,Healthcare Representative,Monitoring
1515,Healthcare Representative,AcuStaf
1516,Manager,Monitoring
1516,Manager,Reading Comprehension
1516,Manager,Act!
1516,Manager,Adobe Photoshop
1516,Manager,Speaking
1516,Manager,Adobe Creative Cloud software
1516,Manager,ActionWare
1516,Manager,Active Listening
1520,Manager,Speaking
1520,Manager,Adobe Photoshop
1520,Manager,Act!
1520,Manager,Reading Comprehension
1520,Manager,Monitoring
1520,Manager,Adobe Creative Cloud software
1520,Manager,Critical Thinking
1520,Manager,ADP Workforce Now
1522,Research Scientist,Active Listening
1522,Research Scientist,Reading Comprehension
1522,Research Scientist,Algorithmic software
1522,Research Scientist,Ada
1522,Research Scientist,Amazon Elastic Compute Cloud EC2
1522,Research Scientist,Advanced numerical software
1522,Research Scientist,3D graphics software
1522,Research Scientist,Amazon DynamoDB
1522,Research Scientist,Mathematics
1522,Research Scientist,Critical Thinking
1523,Research Director,ESRI ArcGIS software
1523,Research Director,Active Listening
1523,Research Director,Clinical trial management software
1523,Research Director,Adobe Photoshop
1523,Research Director,Graphics software
1523,Research Director,Critical Thinking
1523,Research Director,Science
1523,Research Director,Reading Comprehension
1523,Research Director,Writing
1525,Manufacturing Director,Speaking
1525,Manufacturing Director,Adobe After Effects
1525,Manufacturing Director,ABB Optimize IT Predict & Control
1525,Manufacturing Director,Apple Final Cut Pro
1525,Manufacturing Director,Reading Comprehension
1525,Manufacturing Director,Active Listening
1525,Manufacturing Director,Adobe Photoshop
1527,Manager,ADP Workforce Now
1527,Manager,Active Listening
1527,Manager,Reading Comprehension
1527,Manager,Act!
1527,Manager,ActionWare
1527,Manager,Adobe Acrobat
1527,Manager,Adobe Creative Cloud software
1527,Manager,Monitoring
1527,Manager,Critical Thinking
1529,Healthcare Representative,Monitoring
1529,Healthcare Representative,Adobe Acrobat
1529,Healthcare Representative,AcuStaf
1529,Healthcare Representative,Reading Comprehension
1529,Healthcare Representative,3DGrid HIPAA Checkup
1529,Healthcare Representative,Allscripts healthcare automation software
1529,Healthcare Representative,Active Listening
1529,Healthcare Representative,American Medical Association CodeManager
1533,Laboratory Technician,Writing
1533,Laboratory Technician,Microsoft Access
1533,Laboratory Technician,Critical Thinking
1533,Laboratory Technician,Reading Comprehension
1533,Laboratory Technician,C++
1533,Laboratory Technician,Laboratory information management system LIMS
1533,Laboratory Technician,Linux
1533,Laboratory Technician,Science
1534,Laboratory Technician,Writing
1534,Laboratory Technician,Laboratory information management system LIMS
1534,Laboratory Technician,Monitoring
1534,Laboratory Technician,Email software
1534,Laboratory Technician,Microsoft Access
1534,Laboratory Technician,Database software
1535,Sales Executive,Monitoring
1535,Sales Executive,Adobe ActionScript
1535,Sales Executive,Active Listening
1535,Sales Executive,Act!
1535,Sales Executive,Reading Comprehension
1535,Sales Executive,Adobe Acrobat
1535,Sales Executive,Apple Keynote
1535,Sales Executive,Adobe Creative Cloud software
1535,Sales Executive,Airtable
1537,Research Scientist,Reading Comprehension
1537,Research Scientist,3D graphics software
1537,Research Scientist,Critical Thinking
1537,Research Scientist,Amazon Elastic Compute Cloud EC2
1537,Research Scientist,Mathematics
1537,Research Scientist,Algorithmic software
1537,Research Scientist,Ada
1539,Research Director,Adobe Acrobat
1539,Research Director,ESRI ArcGIS software
1539,Research Director,Science
1539,Research Director,IBM Lotus 1-2-3
1539,Research Director,Reading Comprehension
1539,Research Director,Critical Thinking
1539,Research Director,Clinical trial management software
1539,Research Director,Active Listening
1539,Research Director,Adobe Photoshop
1541,Sales Representative,Adobe Illustrator
1541,Sales Representative,3M Post-it App
1541,Sales Representative,Adobe Acrobat
1541,Sales Representative,Writing
1541,Sales Representative,Active Listening
1541,Sales Representative,Critical Thinking
1541,Sales Representative,Speaking
1541,Sales Representative,Reading Comprehension
1542,Laboratory Technician,Monitoring
1542,Laboratory Technician,Science
1542,Laboratory Technician,Writing
1542,Laboratory Technician,Linux
1543,Research Scientist,3D graphics software
1543,Research Scientist,Reading Comprehension
1543,Research Scientist,Active Learning
1543,Research Scientist,Algorithmic software
1543,Research Scientist,Ada
1543,Research Scientist,Advanced numerical software
1543,Research Scientist,Active Listening
1543,Research Scientist,Critical Thinking
1543,Research Scientist,Mathematics
1544,Healthcare Representative,Monitoring
1544,Healthcare Representative,Allscripts healthcare automation software
1544,Healthcare Representative,American Medical Association CodeManager
1544,Healthcare Representative,Reading Comprehension
1544,Healthcare Representative,Critical Thinking
1544,Healthcare Representative,AcuStaf
1544,Healthcare Representative,Active Listening
1544,Healthcare Representative,3DGrid HIPAA Checkup
1544,Healthcare Representative,Adobe Acrobat
1544,Healthcare Representative,Speaking
1545,Manufacturing Director,Critical Thinking
1545,Manufacturing Director,Adobe InDesign
1545,Manufacturing Director,Adobe After Effects
1545,Manufacturing Director,Adobe Photoshop
1545,Manufacturing Director,Speaking
1545,Manufacturing Director,Adobe Acrobat
1545,Manufacturing Director,Apple Final Cut Pro
1546,Research Scientist,Ada
1546,Research Scientist,3D graphics software
1546,Research Scientist,Active Learning
1546,Research Scientist,Mathematics
1546,Research Scientist,Advanced numerical software
1546,Research Scientist,Active Listening
1546,Research Scientist,Algorithmic software
1547,Healthcare Representative,Alteer Office
1547,Healthcare Representative,Speaking
1547,Healthcare Representative,Allscripts healthcare automation software
1547,Healthcare Representative,Active Listening
1547,Healthcare Representative,Reading Comprehension
1547,Healthcare Representative,Adobe Acrobat
1547,Healthcare Representative,3DGrid HIPAA Checkup
1547,Healthcare Representative,Critical Thinking
1548,Sales Executive,Adobe Creative Cloud software
1548,Sales Executive,Speaking
1548,Sales Executive,Monitoring
1548,Sales Executive,Active Listening
1548,Sales Executive,Airtable
1548,Sales Executive,Act!
1548,Sales Executive,Adobe Acrobat
1548,Sales Executive,Apple Keynote
1548,Sales Executive,Reading Comprehension
1549,Laboratory Technician,Laboratory information management system LIMS
1549,Laboratory Technician,Microsoft Access
1549,Laboratory Technician,C++
1549,Laboratory Technician,Database software
1549,Laboratory Technician,Monitoring
1549,Laboratory Technician,Critical Thinking
1549,Laboratory Technician,Science
1549,Laboratory Technician,Reading Comprehension
1549,Laboratory Technician,Linux
1550,Manager,Adobe Acrobat
1550,Manager,Monitoring
1550,Manager,Speaking
1550,Manager,Adobe Creative Cloud software
1550,Manager,Reading Comprehension
1550,Manager,Act!
1550,Manager,Adobe Photoshop
1550,Manager,Active Listening
1551,Laboratory Technician,Email software
1551,Laboratory Technician,C++
1551,Laboratory Technician,Database software
1551,Laboratory Technician,Monitoring
1551,Laboratory Technician,Reading Comprehension
1551,Laboratory Technician,Linux
1552,Healthcare Representative,3DGrid HIPAA Checkup
1552,Healthcare Representative,Speaking
1552,Healthcare Representative,Active Listening
1552,Healthcare Representative,AcuStaf
1552,Healthcare Representative,Reading Comprehension
1552,Healthcare Representative,Monitoring
1552,Healthcare Representative,Critical Thinking
1553,Healthcare Representative,Allscripts healthcare automation software
1553,Healthcare Representative,Alteer Office
1553,Healthcare Representative,Active Listening
1553,Healthcare Representative,Adobe Acrobat
1553,Healthcare Representative,Monitoring
1553,Healthcare Representative,Reading Comprehension
1553,Healthcare Representative,American Medical Association CodeManager
1553,Healthcare Representative,Speaking
1553,Healthcare Representative,3DGrid HIPAA Checkup
1554,Sales Representative,Active Listening
1554,Sales Representative,Adobe Acrobat
1554,Sales Representative,Reading Comprehension
1554,Sales Representative,Writing
1554,Sales Representative,3M Post-it App
1554,Sales Representative,ACT! Premium
1554,Sales Representative,Adobe Illustrator
1554,Sales Representative,Adobe Creative Cloud software
1555,Research Scientist,Mathematics
1555,Research Scientist,Amazon DynamoDB
1555,Research Scientist,Algorithmic software
1555,Research Scientist,Critical Thinking
1555,Research Scientist,Amazon Elastic Compute Cloud EC2
1555,Research Scientist,3D graphics software
1555,Research Scientist,Active Learning
1555,Research Scientist,Active Listening
1556,Sales Representative,Adobe Dreamweaver
1556,Sales Representative,Speaking
1556,Sales Representative,Writing
1556,Sales Representative,Active Listening
1556,Sales Representative,Adobe Illustrator
1556,Sales Representative,Reading Comprehension
1557,Sales Executive,Reading Comprehension
1557,Sales Executive,Speaking
1557,Sales Executive,Adobe Acrobat
1557,Sales Executive,Monitoring
1557,Sales Executive,Airtable
1557,Sales Executive,Active Listening
1557,Sales Executive,Act!
1557,Sales Executive,Adobe Creative Cloud software
1557,Sales Executive,Critical Thinking
1558,Research Scientist,Algorithmic software
1558,Research Scientist,Active Learning
1558,Research Scientist,Reading Comprehension
1558,Research Scientist,Amazon DynamoDB
1558,Research Scientist,Amazon Elastic Compute Cloud EC2
1560,Sales Executive,Adobe ActionScript
1560,Sales Executive,Active Listening
1560,Sales Executive,Critical Thinking
1560,Sales Executive,Act!
1560,Sales Executive,Monitoring
1560,Sales Executive,Apple Keynote
1562,Sales Executive,Active Listening
1562,Sales Executive,Apple Keynote
1562,Sales Executive,Adobe Creative Cloud software
1562,Sales Executive,Monitoring
1562,Sales Executive,Critical Thinking
1562,Sales Executive,Adobe Acrobat
1562,Sales Executive,Speaking
1562,Sales Executive,Adobe ActionScript
1563,Human Resources,Active Listening
1563,Human Resources,Adobe Human Capital Application Solution Accelerator
1563,Human Resources,Adobe Creative Cloud software
1563,Human Resources,Reading Comprehension
1563,Human Resources,Adobe Illustrator
1563,Human Resources,Adobe Acrobat
1563,Human Resources,Critical Thinking
1564,Laboratory Technician,Reading Comprehension
1564,Laboratory Technician,Database software
1564,Laboratory Technician,C++
1564,Laboratory Technician,Email software
1564,Laboratory Technician,Linux
1564,Laboratory Technician,Critical Thinking
1564,Laboratory Technician,Science
1568,Sales Executive,Adobe Creative Cloud software
1568,Sales Executive,Reading Comprehension
1568,Sales Executive,Act!
1568,Sales Executive,Critical Thinking
1568,Sales Executive,Speaking
1568,Sales Executive,Airtable
1568,Sales Executive,Apple Keynote
1568,Sales Executive,Adobe Acrobat
1568,Sales Executive,Active Listening
1569,Laboratory Technician,Writing
1569,Laboratory Technician,Critical Thinking
1569,Laboratory Technician,Database software
1569,Laboratory Technician,Microsoft Access
1569,Laboratory Technician,C++
1569,Laboratory Technician,Monitoring
1569,Laboratory Technician,Science
1572,Manufacturing Director,Active Listening
1572,Manufacturing Director,Monitoring
1572,Manufacturing Director,Adobe InDesign
1572,Manufacturing Director,Critical Thinking
1572,Manufacturing Director,ABB Optimize IT Predict & Control
1572,Manufacturing Director,Speaking
1572,Manufacturing Director,Adobe After Effects
1572,Manufacturing Director,Adobe Acrobat
1572,Manufacturing Director,Adobe Photoshop
1572,Manufacturing Director,Reading Comprehension
1573,Manufacturing Director,Apple Final Cut Pro
1573,Manufacturing Director,Speaking
1573,Manufacturing Director,Adobe Photoshop
1573,Manufacturing Director,Adobe Acrobat
1573,Manufacturing Director,Adobe InDesign
1573,Manufacturing Director,Reading Comprehension
1574,Research Scientist,Reading Comprehension
1574,Research Scientist,Amazon Elastic Compute Cloud EC2
1574,Research Scientist,3D graphics software
1574,Research Scientist,Amazon DynamoDB
1574,Research Scientist,Critical Thinking
1574,Research Scientist,Active Learning
1574,Research Scientist,Algorithmic software
1576,Research Scientist,Advanced numerical software
1576,Research Scientist,Ada
1576,Research Scientist,3D graphics software
1576,Research Scientist,Reading Comprehension
1576,Research Scientist,Amazon DynamoDB
1576,Research Scientist,Amazon Elastic Compute Cloud EC2
1576,Research Scientist,Algorithmic software
1576,Research Scientist,Critical Thinking
1576,Research Scientist,Active Listening
1576,Research Scientist,Active Learning
1577,Research Scientist,Algorithmic software
1577,Research Scientist,Critical Thinking
1577,Research Scientist,Active Listening
1577,Research Scientist,Active Learning
1577,Research Scientist,Advanced numerical software
1577,Research Scientist,Ada
1577,Research Scientist,Amazon Elastic Compute Cloud EC2
1578,Manager,Act!
1578,Manager,ActionWare
1578,Manager,ADP Workforce Now
1578,Manager,Reading Comprehension
1578,Manager,Adobe Photoshop
1578,Manager,Adobe Acrobat
1578,Manager,Adobe Creative Cloud software
1578,Manager,Monitoring
1578,Manager,Speaking
1578,Manager,Critical Thinking
1580,Research Scientist,Ada
1580,Research Scientist,3D graphics software
1580,Research Scientist,Critical Thinking
1580,Research Scientist,Active Learning
1580,Research Scientist,Advanced numerical software
1580,Research Scientist,Amazon DynamoDB
1580,Research Scientist,Amazon Elastic Compute Cloud EC2
1581,Research Scientist,Critical Thinking
1581,Research Scientist,3D graphics software
1581,Research Scientist,Amazon DynamoDB
1581,Research Scientist,Reading Comprehension
1581,Research Scientist,Active Learning
1581,Research Scientist,Amazon Elastic Compute Cloud EC2
1582,Sales Executive,Speaking
1582,Sales Executive,Act!
1582,Sales Executive,Adobe ActionScript
1582,Sales Executive,Adobe Acrobat
1582,Sales Executive,Airtable
1582,Sales Executive,Reading Comprehension
1582,Sales Executive,Active Listening
1582,Sales Executive,Monitoring
1583,Sales Executive,Apple Keynote
1583,Sales Executive,Active Listening
1583,Sales Executive,Airtable
1583,Sales Executive,Adobe Creative Cloud software
1583,Sales Executive,Speaking
1583,Sales Executive,Adobe Acrobat
1583,Sales Executive,Act!
1583,Sales Executive,Critical Thinking
1585,Sales Executive,Adobe Creative Cloud software
1585,Sales Executive,Adobe ActionScript
1585,Sales Executive,Speaking
1585,Sales Executive,Apple Keynote
1585,Sales Executive,Active Listening
1585,Sales Executive,Act!
1586,Laboratory Technician,Critical Thinking
1586,Laboratory Technician,Linux
1586,Laboratory Technician,Reading Comprehension
1586,Laboratory Technician,C++
1586,Laboratory Technician,Email software
1586,Laboratory Technician,Science
1586,Laboratory Technician,Writing
1586,Laboratory Technician,Monitoring
1586,Laboratory Technician,Laboratory information management system LIMS
1587,Healthcare Representative,AcuStaf
1587,Healthcare Representative,Active Listening
1587,Healthcare Representative,3DGrid HIPAA Checkup
1587,Healthcare Representative,Adobe Acrobat
1587,Healthcare Representative,American Medical Association CodeManager
1587,Healthcare Representative,Critical Thinking
1587,Healthcare Representative,Speaking
1587,Healthcare Representative,Allscripts healthcare automation software
1588,Sales Executive,Reading Comprehension
1588,Sales Executive,Adobe Acrobat
1588,Sales Executive,Monitoring
1588,Sales Executive,Adobe Creative Cloud software
1588,Sales Executive,Adobe ActionScript
1588,Sales Executive,Airtable
1588,Sales Executive,Act!
1588,Sales Executive,Critical Thinking
1590,Healthcare Representative,American Medical Association CodeManager
1590,Healthcare Representative,3DGrid HIPAA Checkup
1590,Healthcare Representative,Adobe Acrobat
1590,Healthcare Representative,Reading Comprehension
1590,Healthcare Representative,AcuStaf
1590,Healthcare Representative,Monitoring
1590,Healthcare Representative,Critical Thinking
1591,Manager,Active Listening
1591,Manager,Monitoring
1591,Manager,Adobe Photoshop
1591,Manager,Reading Comprehension
1591,Manager,Act!
1591,Manager,Speaking
1591,Manager,Adobe Acrobat
1591,Manager,ActionWare
1591,Manager,Critical Thinking
1591,Manager,ADP Workforce Now
1592,Research Scientist,Amazon DynamoDB
1592,Research Scientist,Critical Thinking
1592,Research Scientist,Active Listening
1592,Research Scientist,Reading Comprehension
1592,Research Scientist,Ada
1592,Research Scientist,3D graphics software
1594,Laboratory Technician,Monitoring
1594,Laboratory Technician,Critical Thinking
1594,Laboratory Technician,Laboratory information management system LIMS
1594,Laboratory Technician,Microsoft Access
1594,Laboratory Technician,Reading Comprehension
1594,Laboratory Technician,C++
1594,Laboratory Technician,Science
1595,Manager,Adobe Acrobat
1595,Manager,Adobe Creative Cloud software
1595,Manager,Reading Comprehension
1595,Manager,Act!
1595,Manager,Speaking
1595,Manager,ADP Workforce Now
1595,Manager,Monitoring
1595,Manager,Active Listening
1595,Manager,Adobe Photoshop
1595,Manager,Critical Thinking
1596,Laboratory Technician,Microsoft Access
1596,Laboratory Technician,Critical Thinking
1596,Laboratory Technician,C++
1596,Laboratory Technician,Database software
1596,Laboratory Technician,Laboratory information management system LIMS
1596,Laboratory Technician,Email software
1596,Laboratory Technician,Reading Comprehension
1596,Laboratory Technician,Writing
1596,Laboratory Technician,Science
1596,Laboratory Technician,Monitoring
1597,Healthcare Representative,Monitoring
1597,Healthcare Representative,Alteer Office
1597,Healthcare Representative,Critical Thinking
1597,Healthcare Representative,Reading Comprehension
1597,Healthcare Representative,American Medical Association CodeManager
1597,Healthcare Representative,3DGrid HIPAA Checkup
1597,Healthcare Representative,Speaking
1598,Sales Executive,Reading Comprehension
1598,Sales Executive,Critical Thinking
1598,Sales Executive,Monitoring
1598,Sales Executive,Act!
1598,Sales Executive,Adobe ActionScript
1598,Sales Executive,Adobe Acrobat
1598,Sales Executive,Adobe Creative Cloud software
1598,Sales Executive,Active Listening
1599,Laboratory Technician,Database software
1599,Laboratory Technician,Reading Comprehension
1599,Laboratory Technician,C++
1599,Laboratory Technician,Email software
1599,Laboratory Technician,Writing
1599,Laboratory Technician,Linux
1599,Laboratory Technician,Monitoring
1601,Laboratory Technician,Email software
1601,Laboratory Technician,Database software
1601,Laboratory Technician,Laboratory information management system LIMS
1601,Laboratory Technician,Reading Comprehension
1601,Laboratory Technician,C++
1601,Laboratory Technician,Writing
1601,Laboratory Technician,Monitoring
1602,Manager,Active Listening
1602,Manager,ADP Workforce Now
1602,Manager,Adobe Acrobat
1602,Manager,Reading Comprehension
1602,Manager,Critical Thinking
1602,Manager,ActionWare
1602,Manager,Adobe Creative Cloud software
1602,Manager,Act!
1602,Manager,Adobe Photoshop
1602,Manager,Speaking
1604,Laboratory Technician,Science
1604,Laboratory Technician,Monitoring
1604,Laboratory Technician,Email software
1604,Laboratory Technician,Writing
1604,Laboratory Technician,Microsoft Access
1604,Laboratory Technician,Linux
1604,Laboratory Technician,Critical Thinking
1605,Research Scientist,Mathematics
1605,Research Scientist,3D graphics software
1605,Research Scientist,Active Learning
1605,Research Scientist,Active Listening
1605,Research Scientist,Algorithmic software
1605,Research Scientist,Amazon DynamoDB
1605,Research Scientist,Advanced numerical software
1606,Healthcare Representative,Allscripts healthcare automation software
1606,Healthcare Representative,Reading Comprehension
1606,Healthcare Representative,American Medical Association CodeManager
1606,Healthcare Representative,Adobe Acrobat
1606,Healthcare Representative,Speaking
1606,Healthcare Representative,Alteer Office
1606,Healthcare Representative,Active Listening
1606,Healthcare Representative,3DGrid HIPAA Checkup
1606,Healthcare Representative,Critical Thinking
1607,Research Scientist,3D graphics software
1607,Research Scientist,Mathematics
1607,Research Scientist,Reading Comprehension
1607,Research Scientist,Amazon Elastic Compute Cloud EC2
1607,Research Scientist,Advanced numerical software
1607,Research Scientist,Algorithmic software
1608,Research Director,Critical Thinking
1608,Research Director,Science
1608,Research Director,IBM Lotus 1-2-3
1608,Research Director,ESRI ArcGIS software
1608,Research Director,Adobe Acrobat
1608,Research Director,Clinical trial management software
1608,Research Director,Active Listening
1608,Research Director,Adobe Photoshop
1608,Research Director,Writing
1609,Research Scientist,Ada
1609,Research Scientist,Critical Thinking
1609,Research Scientist,Reading Comprehension
1609,Research Scientist,Advanced numerical software
1609,Research Scientist,Mathematics
1609,Research Scientist,Active Listening
1609,Research Scientist,Amazon DynamoDB
1611,Laboratory Technician,C++
1611,Laboratory Technician,Reading Comprehension
1611,Laboratory Technician,Science
1611,Laboratory Technician,Laboratory information management system LIMS
1611,Laboratory Technician,Linux
1611,Laboratory Technician,Database software
1611,Laboratory Technician,Writing
1611,Laboratory Technician,Critical Thinking
1611,Laboratory Technician,Monitoring
1612,Sales Executive,Speaking
1612,Sales Executive,Active Listening
1612,Sales Executive,Adobe Creative Cloud software
1612,Sales Executive,Act!
1612,Sales Executive,Airtable
1612,Sales Executive,Apple Keynote
1612,Sales Executive,Critical Thinking
1612,Sales Executive,Reading Comprehension
1612,Sales Executive,Monitoring
1612,Sales Executive,Adobe Acrobat
1613,Sales Executive,Airtable
1613,Sales Executive,Apple Keynote
1613,Sales Executive,Adobe Creative Cloud software
1613,Sales Executive,Speaking
1613,Sales Executive,Adobe ActionScript
1613,Sales Executive,Adobe Acrobat
1613,Sales Executive,Reading Comprehension
1614,Manufacturing Director,Reading Comprehension
1614,Manufacturing Director,Speaking
1614,Manufacturing Director,ABB Optimize IT Predict & Control
1614,Manufacturing Director,Adobe InDesign
1614,Manufacturing Director,Adobe Acrobat
1614,Manufacturing Director,Monitoring
1615,Manufacturing Director,Active Listening
1615,Manufacturing Director,Adobe InDesign
1615,Manufacturing Director,Monitoring
1615,Manufacturing Director,Adobe Photoshop
1615,Manufacturing Director,Apple Final Cut Pro
1615,Manufacturing Director,Critical Thinking
1615,Manufacturing Director,Adobe After Effects
1617,Laboratory Technician,Email software
1617,Laboratory Technician,Microsoft Access
1617,Laboratory Technician,C++
1617,Laboratory Technician,Science
1617,Laboratory Technician,Writing
1617,Laboratory Technician,Critical Thinking
1617,Laboratory Technician,Linux
1617,Laboratory Technician,Database software
1617,Laboratory Technician,Laboratory information management system LIMS
1617,Laboratory Technician,Reading Comprehension
1618,Manufacturing Director,Adobe After Effects
1618,Manufacturing Director,Adobe Acrobat
1618,Manufacturing Director,Adobe InDesign
1618,Manufacturing Director,Critical Thinking
1618,Manufacturing Director,Reading Comprehension
1618,Manufacturing Director,Monitoring
1618,Manufacturing Director,Adobe Photoshop
1618,Manufacturing Director,Active Listening
1619,Laboratory Technician,Writing
1619,Laboratory Technician,Reading Comprehension
1619,Laboratory Technician,Email software
1619,Laboratory Technician,Critical Thinking
1619,Laboratory Technician,Linux
1619,Laboratory Technician,Database software
1619,Laboratory Technician,Laboratory information management system LIMS
1621,Research Scientist,Reading Comprehension
1621,Research Scientist,Active Learning
1621,Research Scientist,Critical Thinking
1621,Research Scientist,Advanced numerical software
1621,Research Scientist,Mathematics
1621,Research Scientist,Algorithmic software
1621,Research Scientist,Amazon Elastic Compute Cloud EC2
1621,Research Scientist,Active Listening
1621,Research Scientist,Amazon DynamoDB
1621,Research Scientist,3D graphics software
1622,Manufacturing Director,Adobe Acrobat
1622,Manufacturing Director,Apple Final Cut Pro
1622,Manufacturing Director,Speaking
1622,Manufacturing Director,Monitoring
1622,Manufacturing Director,ABB Optimize IT Predict & Control
1622,Manufacturing Director,Reading Comprehension
1622,Manufacturing Director,Critical Thinking
1623,Research Scientist,3D graphics software
1623,Research Scientist,Advanced numerical software
1623,Research Scientist,Active Listening
1623,Research Scientist,Active Learning
1623,Research Scientist,Critical Thinking
1623,Research Scientist,Algorithmic software
1624,Sales Representative,ACT! Premium
1624,Sales Representative,Critical Thinking
1624,Sales Representative,Writing
1624,Sales Representative,3M Post-it App
1625,Manager,Speaking
1625,Manager,Active Listening
1625,Manager,Critical Thinking
1625,Manager,ADP Workforce Now
1625,Manager,Reading Comprehension
1625,Manager,Adobe Creative Cloud software
1625,Manager,Adobe Photoshop
1625,Manager,Monitoring
1625,Manager,ActionWare
1625,Manager,Act!
1627,Laboratory Technician,Email software
1627,Laboratory Technician,Microsoft Access
1627,Laboratory Technician,Monitoring
1627,Laboratory Technician,Science
1627,Laboratory Technician,Writing
1627,Laboratory Technician,Laboratory information management system LIMS
1627,Laboratory Technician,C++
1627,Laboratory Technician,Reading Comprehension
1627,Laboratory Technician,Linux
1628,Manufacturing Director,Monitoring
1628,Manufacturing Director,Adobe After Effects
1628,Manufacturing Director,Adobe InDesign
1628,Manufacturing Director,Apple Final Cut Pro
1628,Manufacturing Director,Critical Thinking
1628,Manufacturing Director,ABB Optimize IT Predict & Control
1628,Manufacturing Director,Reading Comprehension
1630,Healthcare Representative,Allscripts healthcare automation software
1630,Healthcare Representative,Alteer Office
1630,Healthcare Representative,American Medical Association CodeManager
1630,Healthcare Representative,Active Listening
1630,Healthcare Representative,AcuStaf
1630,Healthcare Representative,Monitoring
1630,Healthcare Representative,Speaking
1630,Healthcare Representative,Reading Comprehension
1631,Manufacturing Director,Speaking
1631,Manufacturing Director,Critical Thinking
1631,Manufacturing Director,Active Listening
1631,Manufacturing Director,Adobe Photoshop
1631,Manufacturing Director,Monitoring
1631,Manufacturing Director,Adobe InDesign
1631,Manufacturing Director,ABB Optimize IT Predict & Control
1631,Manufacturing Director,Adobe After Effects
1631,Manufacturing Director,Reading Comprehension
1633,Manufacturing Director,ABB Optimize IT Predict & Control
1633,Manufacturing Director,Monitoring
1633,Manufacturing Director,Apple Final Cut Pro
1633,Manufacturing Director,Adobe Acrobat
1633,Manufacturing Director,Adobe After Effects
1633,Manufacturing Director,Speaking
1633,Manufacturing Director,Reading Comprehension
1633,Manufacturing Director,Adobe Photoshop
1633,Manufacturing Director,Active Listening
1635,Manufacturing Director,Adobe Acrobat
1635,Manufacturing Director,Speaking
1635,Manufacturing Director,Critical Thinking
1635,Manufacturing Director,Active Listening
1635,Manufacturing Director,Adobe After Effects
1635,Manufacturing Director,Adobe InDesign
1635,Manufacturing Director,Apple Final Cut Pro
1635,Manufacturing Director,ABB Optimize IT Predict & Control
1635,Manufacturing Director,Monitoring
1638,Manufacturing Director,Monitoring
1638,Manufacturing Director,Adobe After Effects
1638,Manufacturing Director,Active Listening
1638,Manufacturing Director,Apple Final Cut Pro
1638,Manufacturing Director,Critical Thinking
1638,Manufacturing Director,Adobe Photoshop
1638,Manufacturing Director,Adobe Acrobat
1638,Manufacturing Director,ABB Optimize IT Predict & Control
1638,Manufacturing Director,Adobe InDesign
1638,Manufacturing Director,Speaking
1639,Sales Executive,Adobe Acrobat
1639,Sales Executive,Monitoring
1639,Sales Executive,Active Listening
1639,Sales Executive,Adobe Creative Cloud software
1639,Sales Executive,Act!
1639,Sales Executive,Airtable
1639,Sales Executive,Reading Comprehension
1639,Sales Executive,Speaking
1639,Sales Executive,Adobe ActionScript
1639,Sales Executive,Critical Thinking
1640,Research Scientist,Active Learning
1640,Research Scientist,Algorithmic software
1640,Research Scientist,Active Listening
1640,Research Scientist,Amazon DynamoDB
1640,Research Scientist,3D graphics software
1640,Research Scientist,Advanced numerical software
1640,Research Scientist,Amazon Elastic Compute Cloud EC2
1640,Research Scientist,Reading Comprehension
1640,Research Scientist,Ada
1641,Manufacturing Director,Adobe Acrobat
1641,Manufacturing Director,Speaking
1641,Manufacturing Director,Reading Comprehension
1641,Manufacturing Director,Critical Thinking
1641,Manufacturing Director,Active Listening
1641,Manufacturing Director,ABB Optimize IT Predict & Control
1641,Manufacturing Director,Adobe After Effects
1641,Manufacturing Director,Apple Final Cut Pro
1641,Manufacturing Director,Adobe InDesign
1641,Manufacturing Director,Adobe Photoshop
1642,Human Resources,Adobe Creative Cloud software
1642,Human Resources,Writing
1642,Human Resources,Speaking
1642,Human Resources,Adobe Illustrator
1642,Human Resources,Adobe Human Capital Application Solution Accelerator
1642,Human Resources,Reading Comprehension
1642,Human Resources,Active Listening
1642,Human Resources,Adobe Acrobat
1642,Human Resources,Adobe InDesign
1642,Human Resources,Adobe Dreamweaver
1644,Manager,Speaking
1644,Manager,Adobe Acrobat
1644,Manager,Adobe Creative Cloud software
1644,Manager,Act!
1644,Manager,Monitoring
1644,Manager,ADP Workforce Now
1644,Manager,Reading Comprehension
1644,Manager,Adobe Photoshop
1645,Sales Executive,Airtable
1645,Sales Executive,Adobe Acrobat
1645,Sales Executive,Adobe Creative Cloud software
1645,Sales Executive,Critical Thinking
1645,Sales Executive,Apple Keynote
1646,Research Scientist,Critical Thinking
1646,Research Scientist,Reading Comprehension
1646,Research Scientist,Active Listening
1646,Research Scientist,Mathematics
1646,Research Scientist,Algorithmic software
1646,Research Scientist,Active Learning
1646,Research Scientist,Ada
1646,Research Scientist,Amazon Elastic Compute Cloud EC2
1646,Research Scientist,Advanced numerical software
1647,Research Scientist,Amazon DynamoDB
1647,Research Scientist,Active Listening
1647,Research Scientist,Critical Thinking
1647,Research Scientist,Ada
1647,Research Scientist,Reading Comprehension
1647,Research Scientist,3D graphics software
1647,Research Scientist,Active Learning
1648,Research Scientist,Reading Comprehension
1648,Research Scientist,Amazon Elastic Compute Cloud EC2
1648,Research Scientist,Active Learning
1648,Research Scientist,Mathematics
1648,Research Scientist,Advanced numerical software
1648,Research Scientist,3D graphics software
1648,Research Scientist,Critical Thinking
1649,Laboratory Technician,Science
1649,Laboratory Technician,Microsoft Access
1649,Laboratory Technician,Linux
1649,Laboratory Technician,Email software
1649,Laboratory Technician,Monitoring
1649,Laboratory Technician,Database software
1650,Sales Executive,Apple Keynote
1650,Sales Executive,Adobe Creative Cloud software
1650,Sales Executive,Adobe Acrobat
1650,Sales Executive,Speaking
1650,Sales Executive,Active Listening
1650,Sales Executive,Critical Thinking
1650,Sales Executive,Act!
1650,Sales Executive,Adobe ActionScript
1650,Sales Executive,Monitoring
1651,Healthcare Representative,Allscripts healthcare automation software
1651,Healthcare Representative,Critical Thinking
1651,Healthcare Representative,Adobe Acrobat
1651,Healthcare Representative,Speaking
1651,Healthcare Representative,Monitoring
1651,Healthcare Representative,AcuStaf
1651,Healthcare Representative,American Medical Association CodeManager
1651,Healthcare Representative,Reading Comprehension
1651,Healthcare Representative,3DGrid HIPAA Checkup
1651,Healthcare Representative,Alteer Office
1653,Manufacturing Director,Active Listening
1653,Manufacturing Director,Critical Thinking
1653,Manufacturing Director,Speaking
1653,Manufacturing Director,ABB Optimize IT Predict & Control
1653,Manufacturing Director,Adobe Acrobat
1653,Manufacturing Director,Adobe After Effects
1653,Manufacturing Director,Apple Final Cut Pro
1653,Manufacturing Director,Monitoring
1653,Manufacturing Director,Adobe InDesign
1654,Manufacturing Director,Critical Thinking
1654,Manufacturing Director,Speaking
1654,Manufacturing Director,ABB Optimize IT Predict & Control
1654,Manufacturing Director,Adobe After Effects
1654,Manufacturing Director,Adobe Photoshop
1654,Manufacturing Director,Adobe InDesign
1654,Manufacturing Director,Reading Comprehension
1654,Manufacturing Director,Active Listening
1655,Research Director,IBM Lotus 1-2-3
1655,Research Director,ESRI ArcGIS software
1655,Research Director,Science
1655,Research Director,Graphics software
1655,Research Director,Reading Comprehension
1655,Research Director,Writing
1655,Research Director,Critical Thinking
1655,Research Director,Active Listening
1655,Research Director,Clinical trial management software
1656,Research Director,Active Listening
1656,Research Director,Graphics software
1656,Research Director,Adobe Acrobat
1656,Research Director,Adobe Photoshop
1656,Research Director,ESRI ArcGIS software
1656,Research Director,Clinical trial management software
1656,Research Director,IBM Lotus 1-2-3
1656,Research Director,Reading Comprehension
1656,Research Director,Critical Thinking
1657,Sales Representative,Critical Thinking
1657,Sales Representative,ACT! Premium
1657,Sales Representative,Adobe Creative Cloud software
1657,Sales Representative,3M Post-it App
1657,Sales Representative,Speaking
1657,Sales Representative,Reading Comprehension
1658,Research Scientist,Amazon DynamoDB
1658,Research Scientist,Reading Comprehension
1658,Research Scientist,Mathematics
1658,Research Scientist,Active Listening
1658,Research Scientist,Advanced numerical software
1658,Research Scientist,Ada
1658,Research Scientist,Amazon Elastic Compute Cloud EC2
1658,Research Scientist,3D graphics software
1658,Research Scientist,Critical Thinking
1659,Laboratory Technician,Critical Thinking
1659,Laboratory Technician,Monitoring
1659,Laboratory Technician,Writing
1659,Laboratory Technician,Laboratory information management system LIMS
1659,Laboratory Technician,Reading Comprehension
1661,Healthcare Representative,Reading Comprehension
1661,Healthcare Representative,Allscripts healthcare automation software
1661,Healthcare Representative,Monitoring
1661,Healthcare Representative,AcuStaf
1661,Healthcare Representative,Active Listening
1661,Healthcare Representative,Speaking
1661,Healthcare Representative,Adobe Acrobat
1662,Manufacturing Director,ABB Optimize IT Predict & Control
1662,Manufacturing Director,Adobe Acrobat
1662,Manufacturing Director,Reading Comprehension
1662,Manufacturing Director,Adobe Photoshop
1662,Manufacturing Director,Adobe After Effects
1662,Manufacturing Director,Monitoring
1664,Healthcare Representative,Reading Comprehension
1664,Healthcare Representative,American Medical Association CodeManager
1664,Healthcare Representative,Allscripts healthcare automation software
1664,Healthcare Representative,Critical Thinking
1664,Healthcare Representative,Speaking
1664,Healthcare Representative,3DGrid HIPAA Checkup
1664,Healthcare Representative,Adobe Acrobat
1664,Healthcare Representative,Alteer Office
1664,Healthcare Representative,Monitoring
1664,Healthcare Representative,Active Listening
1665,Manager,Adobe Acrobat
1665,Manager,Speaking
1665,Manager,ActionWare
1665,Manager,Adobe Creative Cloud software
1665,Manager,ADP Workforce Now
1665,Manager,Reading Comprehension
1665,Manager,Critical Thinking
1665,Manager,Adobe Photoshop
1665,Manager,Active Listening
1666,Research Director,Reading Comprehension
1666,Research Director,Clinical trial management software
1666,Research Director,Active Listening
1666,Research Director,Adobe Photoshop
1666,Research Director,Critical Thinking
1666,Research Director,Graphics software
1666,Research Director,Adobe Acrobat
1666,Research Director,Writing
1666,Research Director,ESRI ArcGIS software
1667,Sales Executive,Speaking
1667,Sales Executive,Adobe ActionScript
1667,Sales Executive,Reading Comprehension
1667,Sales Executive,Airtable
1667,Sales Executive,Critical Thinking
1667,Sales Executive,Monitoring
1667,Sales Executive,Apple Keynote
1667,Sales Executive,Adobe Creative Cloud software
1667,Sales Executive,Act!
1667,Sales Executive,Active Listening
1668,Research Scientist,Amazon DynamoDB
1668,Research Scientist,3D graphics software
1668,Research Scientist,Active Learning
1668,Research Scientist,Advanced numerical software
1668,Research Scientist,Critical Thinking
1668,Research Scientist,Active Listening
1668,Research Scientist,Mathematics
1668,Research Scientist,Algorithmic software
1669,Sales Executive,Apple Keynote
1669,Sales Executive,Reading Comprehension
1669,Sales Executive,Act!
1669,Sales Executive,Airtable
1669,Sales Executive,Adobe ActionScript
1669,Sales Executive,Adobe Acrobat
1669,Sales Executive,Critical Thinking
1670,Sales Executive,Reading Comprehension
1670,Sales Executive,Adobe ActionScript
1670,Sales Executive,Speaking
1670,Sales Executive,Apple Keynote
1670,Sales Executive,Airtable
1670,Sales Executive,Act!
1670,Sales Executive,Critical Thinking
1670,Sales Executive,Adobe Creative Cloud software
1670,Sales Executive,Monitoring
1670,Sales Executive,Adobe Acrobat
1671,Research Scientist,Amazon DynamoDB
1671,Research Scientist,Active Learning
1671,Research Scientist,Critical Thinking
1671,Research Scientist,Ada
1671,Research Scientist,Advanced numerical software
1671,Research Scientist,Reading Comprehension
1671,Research Scientist,Active Listening
1671,Research Scientist,Amazon Elastic Compute Cloud EC2
1671,Research Scientist,3D graphics software
1673,Sales Executive,Adobe Creative Cloud software
1673,Sales Executive,Active Listening
1673,Sales Executive,Act!
1673,Sales Executive,Speaking
1673,Sales Executive,Airtable
1673,Sales Executive,Adobe Acrobat
1673,Sales Executive,Reading Comprehension
1673,Sales Executive,Monitoring
1673,Sales Executive,Critical Thinking
1674,Laboratory Technician,Monitoring
1674,Laboratory Technician,Laboratory information management system LIMS
1674,Laboratory Technician,Science
1674,Laboratory Technician,Writing
1674,Laboratory Technician,Microsoft Access
1675,Laboratory Technician,Email software
1675,Laboratory Technician,Linux
1675,Laboratory Technician,Science
1675,Laboratory Technician,C++
1675,Laboratory Technician,Reading Comprehension
1675,Laboratory Technician,Writing
1675,Laboratory Technician,Microsoft Access
1675,Laboratory Technician,Critical Thinking
1676,Manager,ADP Workforce Now
1676,Manager,Active Listening
1676,Manager,Adobe Photoshop
1676,Manager,Act!
1676,Manager,Critical Thinking
1676,Manager,Monitoring
1676,Manager,Adobe Creative Cloud software
1676,Manager,Reading Comprehension
1676,Manager,ActionWare
1677,Manager,Speaking
1677,Manager,Monitoring
1677,Manager,Critical Thinking
1677,Manager,Adobe Creative Cloud software
1677,Manager,Adobe Photoshop
1677,Manager,ADP Workforce Now
1677,Manager,Reading Comprehension
1677,Manager,ActionWare
1677,Manager,Adobe Acrobat
1677,Manager,Act!
1678,Sales Executive,Adobe Creative Cloud software
1678,Sales Executive,Apple Keynote
1678,Sales Executive,Act!
1678,Sales Executive,Adobe ActionScript
1678,Sales Executive,Critical Thinking
1678,Sales Executive,Adobe Acrobat
1678,Sales Executive,Active Listening
1678,Sales Executive,Speaking
1680,Sales Representative,Active Listening
1680,Sales Representative,ACT! Premium
1680,Sales Representative,3M Post-it App
1680,Sales Representative,Reading Comprehension
1680,Sales Representative,Critical Thinking
1680,Sales Representative,Adobe Creative Cloud software
1681,Sales Executive,Speaking
1681,Sales Executive,Act!
1681,Sales Executive,Adobe ActionScript
1681,Sales Executive,Critical Thinking
1681,Sales Executive,Adobe Creative Cloud software
1681,Sales Executive,Reading Comprehension
1681,Sales Executive,Airtable
1681,Sales Executive,Monitoring
1682,Healthcare Representative,Speaking
1682,Healthcare Representative,3DGrid HIPAA Checkup
1682,Healthcare Representative,AcuStaf
1682,Healthcare Representative,Active Listening
1682,Healthcare Representative,Allscripts healthcare automation software
1682,Healthcare Representative,Monitoring
1683,Human Resources,Adobe Acrobat
1683,Human Resources,Adobe Illustrator
1683,Human Resources,Adobe Creative Cloud software
1683,Human Resources,Adobe Human Capital Application Solution Accelerator
1683,Human Resources,Active Listening
1683,Human Resources,Writing
1684,Laboratory Technician,Laboratory information management system LIMS
1684,Laboratory Technician,Critical Thinking
1684,Laboratory Technician,Email software
1684,Laboratory Technician,Science
1684,Laboratory Technician,Reading Comprehension
1684,Laboratory Technician,Linux
1684,Laboratory Technician,Microsoft Access
1687,Laboratory Technician,Writing
1687,Laboratory Technician,Critical Thinking
1687,Laboratory Technician,Laboratory information management system LIMS
1687,Laboratory Technician,Database software
1689,Healthcare Representative,Alteer Office
1689,Healthcare Representative,AcuStaf
1689,Healthcare Representative,Monitoring
1689,Healthcare Representative,Critical Thinking
1689,Healthcare Representative,American Medical Association CodeManager
1689,Healthcare Representative,Reading Comprehension
1689,Healthcare Representative,Speaking
1691,Sales Representative,3M Post-it App
1691,Sales Representative,Writing
1691,Sales Representative,Adobe Acrobat
1691,Sales Representative,ACT! Premium
1691,Sales Representative,Critical Thinking
1691,Sales Representative,Active Listening
1691,Sales Representative,Adobe Creative Cloud software
1691,Sales Representative,Speaking
1691,Sales Representative,Adobe Dreamweaver
1691,Sales Representative,Adobe Illustrator
1692,Laboratory Technician,Monitoring
1692,Laboratory Technician,Critical Thinking
1692,Laboratory Technician,Email software
1692,Laboratory Technician,Microsoft Access
1693,Laboratory Technician,Database software
1693,Laboratory Technician,Laboratory information management system LIMS
1693,Laboratory Technician,Email software
1693,Laboratory Technician,Science
1693,Laboratory Technician,Critical Thinking
1693,Laboratory Technician,Monitoring
1693,Laboratory Technician,Microsoft Access
1693,Laboratory Technician,Writing
1694,Research Scientist,Active Learning
1694,Research Scientist,Ada
1694,Research Scientist,Critical Thinking
1694,Research Scientist,Active Listening
1694,Research Scientist,Mathematics
1696,Laboratory Technician,Microsoft Access
1696,Laboratory Technician,Critical Thinking
1696,Laboratory Technician,Monitoring
1696,Laboratory Technician,Laboratory information management system LIMS
1696,Laboratory Technician,Linux
1696,Laboratory Technician,Database software
1696,Laboratory Technician,Reading Comprehension
1696,Laboratory Technician,C++
1696,Laboratory Technician,Writing
1697,Healthcare Representative,Critical Thinking
1697,Healthcare Representative,Adobe Acrobat
1697,Healthcare Representative,3DGrid HIPAA Checkup
1697,Healthcare Representative,Reading Comprehension
1697,Healthcare Representative,Monitoring
1697,Healthcare Representative,AcuStaf
1697,Healthcare Representative,Speaking
1698,Laboratory Technician,Monitoring
1698,Laboratory Technician,Laboratory information management system LIMS
1698,Laboratory Technician,Critical Thinking
1698,Laboratory Technician,Science
1698,Laboratory Technician,Database software
1698,Laboratory Technician,Linux
1698,Laboratory Technician,Reading Comprehension
1700,Sales Executive,Speaking
1700,Sales Executive,Adobe ActionScript
1700,Sales Executive,Adobe Creative Cloud software
1700,Sales Executive,Monitoring
1700,Sales Executive,Apple Keynote
1700,Sales Executive,Airtable
1700,Sales Executive,Reading Comprehension
1700,Sales Executive,Adobe Acrobat
1700,Sales Executive,Active Listening
1700,Sales Executive,Critical Thinking
1701,Research Scientist,Mathematics
1701,Research Scientist,Advanced numerical software
1701,Research Scientist,Critical Thinking
1701,Research Scientist,Algorithmic software
1701,Research Scientist,Active Learning
1701,Research Scientist,Amazon Elastic Compute Cloud EC2
1701,Research Scientist,Amazon DynamoDB
1701,Research Scientist,3D graphics software
1701,Research Scientist,Active Listening
1701,Research Scientist,Reading Comprehension
1702,Sales Representative,Speaking
1702,Sales Representative,Writing
1702,Sales Representative,ACT! Premium
1702,Sales Representative,Reading Comprehension
1702,Sales Representative,3M Post-it App
1702,Sales Representative,Adobe Dreamweaver
1703,Healthcare Representative,Speaking
1703,Healthcare Representative,American Medical Association CodeManager
1703,Healthcare Representative,Critical Thinking
1703,Healthcare Representative,Monitoring
1703,Healthcare Representative,Allscripts healthcare automation software
1703,Healthcare Representative,3DGrid HIPAA Checkup
1703,Healthcare Representative,AcuStaf
1703,Healthcare Representative,Reading Comprehension
1704,Research Scientist,Reading Comprehension
1704,Research Scientist,Amazon DynamoDB
1704,Research Scientist,Critical Thinking
1704,Research Scientist,Amazon Elastic Compute Cloud EC2
1704,Research Scientist,Ada
1704,Research Scientist,Algorithmic software
1706,Sales Executive,Speaking
1706,Sales Executive,Critical Thinking
1706,Sales Executive,Act!
1706,Sales Executive,Monitoring
1706,Sales Executive,Adobe Acrobat
1706,Sales Executive,Adobe ActionScript
1706,Sales Executive,Active Listening
1706,Sales Executive,Apple Keynote
1706,Sales Executive,Airtable
1706,Sales Executive,Reading Comprehension
1707,Research Scientist,Algorithmic software
1707,Research Scientist,Critical Thinking
1707,Research Scientist,Advanced numerical software
1707,Research Scientist,Active Listening
1707,Research Scientist,Reading Comprehension
1707,Research Scientist,Ada
1707,Research Scientist,Amazon DynamoDB
1708,Sales Executive,Speaking
1708,Sales Executive,Monitoring
1708,Sales Executive,Adobe Creative Cloud software
1708,Sales Executive,Reading Comprehension
1708,Sales Executive,Adobe Acrobat
1708,Sales Executive,Active Listening
1708,Sales Executive,Act!
1708,Sales Executive,Apple Keynote
1708,Sales Executive,Airtable
1708,Sales Executive,Adobe ActionScript
1709,Laboratory Technician,Microsoft Access
1709,Laboratory Technician,Database software
1709,Laboratory Technician,Linux
1709,Laboratory Technician,Critical Thinking
1709,Laboratory Technician,Laboratory information management system LIMS
1709,Laboratory Technician,Science
1709,Laboratory Technician,Reading Comprehension
1710,Sales Representative,ACT! Premium
1710,Sales Representative,Adobe Creative Cloud software
1710,Sales Representative,Writing
1710,Sales Representative,Adobe Illustrator
1710,Sales Representative,Adobe Dreamweaver
1710,Sales Representative,3M Post-it App
1710,Sales Representative,Critical Thinking
1710,Sales Representative,Speaking
1710,Sales Representative,Reading Comprehension
1710,Sales Representative,Adobe Acrobat
1712,Healthcare Representative,Adobe Acrobat
1712,Healthcare Representative,Reading Comprehension
1712,Healthcare Representative,Monitoring
1712,Healthcare Representative,Allscripts healthcare automation software
1712,Healthcare Representative,American Medical Association CodeManager
1712,Healthcare Representative,Alteer Office
1712,Healthcare Representative,Active Listening
1712,Healthcare Representative,AcuStaf
1714,Human Resources,Adobe Creative Cloud software
1714,Human Resources,Adobe Human Capital Application Solution Accelerator
1714,Human Resources,Speaking
1714,Human Resources,Critical Thinking
1716,Sales Executive,Act!
1716,Sales Executive,Adobe Creative Cloud software
1716,Sales Executive,Airtable
1716,Sales Executive,Active Listening
1716,Sales Executive,Critical Thinking
1716,Sales Executive,Adobe Acrobat
1716,Sales Executive,Monitoring
1716,Sales Executive,Apple Keynote
1716,Sales Executive,Reading Comprehension
1716,Sales Executive,Speaking
1718,Laboratory Technician,Linux
1718,Laboratory Technician,C++
1718,Laboratory Technician,Reading Comprehension
1718,Laboratory Technician,Laboratory information management system LIMS
1718,Laboratory Technician,Microsoft Access
1718,Laboratory Technician,Monitoring
1718,Laboratory Technician,Writing
1719,Research Director,ESRI ArcGIS software
1719,Research Director,Science
1719,Research Director,Clinical trial management software
1719,Research Director,Active Listening
1719,Research Director,Critical Thinking
1719,Research Director,Adobe Acrobat
1719,Research Director,IBM Lotus 1-2-3
1719,Research Director,Writing
1720,Research Scientist,Active Learning
1720,Research Scientist,Algorithmic software
1720,Research Scientist,Reading Comprehension
1720,Research Scientist,3D graphics software
1720,Research Scientist,Active Listening
1720,Research Scientist,Amazon Elastic Compute Cloud EC2
1720,Research Scientist,Critical Thinking
1721,Laboratory Technician,Linux
1721,Laboratory Technician,Laboratory information management system LIMS
1721,Laboratory Technician,Monitoring
1721,Laboratory Technician,Email software
1721,Laboratory Technician,C++
1721,Laboratory Technician,Microsoft Access
1721,Laboratory Technician,Science
1721,Laboratory Technician,Database software
1722,Human Resources,Adobe Human Capital Application Solution Accelerator
1722,Human Resources,Speaking
1722,Human Resources,Adobe Dreamweaver
1722,Human Resources,Adobe Acrobat
1722,Human Resources,Active Listening
1722,Human Resources,Writing
1722,Human Resources,Reading Comprehension
1724,Manufacturing Director,Apple Final Cut Pro
1724,Manufacturing Director,Active Listening
1724,Manufacturing Director,Adobe Photoshop
1724,Manufacturing Director,Critical Thinking
1724,Manufacturing Director,Adobe After Effects
1724,Manufacturing Director,Monitoring
1724,Manufacturing Director,ABB Optimize IT Predict & Control
1724,Manufacturing Director,Speaking
1725,Laboratory Technician,C++
1725,Laboratory Technician,Monitoring
1725,Laboratory Technician,Critical Thinking
1725,Laboratory Technician,Database software
1725,Laboratory Technician,Science
1725,Laboratory Technician,Writing
1725,Laboratory Technician,Email software
1725,Laboratory Technician,Laboratory information management system LIMS
1727,Healthcare Representative,Speaking
1727,Healthcare Representative,Adobe Acrobat
1727,Healthcare Representative,Active Listening
1727,Healthcare Representative,American Medical Association CodeManager
1727,Healthcare Representative,Allscripts healthcare automation software
1727,Healthcare Representative,3DGrid HIPAA Checkup
1727,Healthcare Representative,AcuStaf
1727,Healthcare Representative,Alteer Office
1727,Healthcare Representative,Monitoring
1728,Manufacturing Director,Apple Final Cut Pro
1728,Manufacturing Director,ABB Optimize IT Predict & Control
1728,Manufacturing Director,Active Listening
1728,Manufacturing Director,Critical Thinking
1728,Manufacturing Director,Speaking
1728,Manufacturing Director,Adobe InDesign
1728,Manufacturing Director,Adobe After Effects
1729,Research Scientist,Active Listening
1729,Research Scientist,Reading Comprehension
1729,Research Scientist,3D graphics software
1729,Research Scientist,Algorithmic software
1729,Research Scientist,Amazon DynamoDB
1729,Research Scientist,Active Learning
1729,Research Scientist,Critical Thinking
1729,Research Scientist,Amazon Elastic Compute Cloud EC2
1729,Research Scientist,Advanced numerical software
1729,Research Scientist,Mathematics
1731,Sales Executive,Act!
1731,Sales Executive,Monitoring
1731,Sales Executive,Adobe Acrobat
1731,Sales Executive,Speaking
1731,Sales Executive,Adobe Creative Cloud software
1731,Sales Executive,Adobe ActionScript
1731,Sales Executive,Apple Keynote
1731,Sales Executive,Active Listening
1732,Sales Executive,Airtable
1732,Sales Executive,Adobe Creative Cloud software
1732,Sales Executive,Adobe ActionScript
1732,Sales Executive,Speaking
1732,Sales Executive,Active Listening
1732,Sales Executive,Adobe Acrobat
1732,Sales Executive,Reading Comprehension
1732,Sales Executive,Critical Thinking
1732,Sales Executive,Apple Keynote
1733,Sales Executive,Adobe ActionScript
1733,Sales Executive,Speaking
1733,Sales Executive,Airtable
1733,Sales Executive,Adobe Acrobat
1733,Sales Executive,Monitoring
1733,Sales Executive,Apple Keynote
1734,Sales Executive,Reading Comprehension
1734,Sales Executive,Active Listening
1734,Sales Executive,Act!
1734,Sales Executive,Apple Keynote
1734,Sales Executive,Monitoring
1734,Sales Executive,Speaking
1735,Laboratory Technician,Reading Comprehension
1735,Laboratory Technician,C++
1735,Laboratory Technician,Microsoft Access
1735,Laboratory Technician,Laboratory information management system LIMS
1735,Laboratory Technician,Database software
1735,Laboratory Technician,Critical Thinking
1735,Laboratory Technician,Email software
1736,Manufacturing Director,Apple Final Cut Pro
1736,Manufacturing Director,Adobe InDesign
1736,Manufacturing Director,Critical Thinking
1736,Manufacturing Director,Speaking
1736,Manufacturing Director,Monitoring
1736,Manufacturing Director,Adobe Photoshop
1736,Manufacturing Director,ABB Optimize IT Predict & Control
1736,Manufacturing Director,Adobe After Effects
1736,Manufacturing Director,Adobe Acrobat
1736,Manufacturing Director,Reading Comprehension
1737,Laboratory Technician,Email software
1737,Laboratory Technician,C++
1737,Laboratory Technician,Writing
1737,Laboratory Technician,Linux
1737,Laboratory Technician,Microsoft Access
1737,Laboratory Technician,Monitoring
1737,Laboratory Technician,Critical Thinking
1737,Laboratory Technician,Laboratory information management system LIMS
1737,Laboratory Technician,Science
1737,Laboratory Technician,Reading Comprehension
1739,Sales Executive,Airtable
1739,Sales Executive,Active Listening
1739,Sales Executive,Apple Keynote
1739,Sales Executive,Critical Thinking
1739,Sales Executive,Reading Comprehension
1739,Sales Executive,Monitoring
1739,Sales Executive,Adobe ActionScript
1740,Manager,ActionWare
1740,Manager,Adobe Photoshop
1740,Manager,Active Listening
1740,Manager,Monitoring
1740,Manager,Speaking
1740,Manager,ADP Workforce Now
1740,Manager,Act!
1740,Manager,Adobe Creative Cloud software
1740,Manager,Critical Thinking
1744,Human Resources,Speaking
1744,Human Resources,Adobe Human Capital Application Solution Accelerator
1744,Human Resources,Critical Thinking
1744,Human Resources,Adobe Illustrator
1744,Human Resources,Adobe InDesign
1744,Human Resources,Reading Comprehension
1744,Human Resources,Adobe Dreamweaver
1744,Human Resources,Writing
1744,Human Resources,Adobe Acrobat
1745,Research Scientist,Algorithmic software
1745,Research Scientist,Advanced numerical software
1745,Research Scientist,Amazon DynamoDB
1745,Research Scientist,Active Listening
1745,Research Scientist,Mathematics
1745,Research Scientist,Reading Comprehension
1745,Research Scientist,Amazon Elastic Compute Cloud EC2
1745,Research Scientist,Active Learning
1745,Research Scientist,Critical Thinking
1746,Human Resources,Adobe Creative Cloud software
1746,Human Resources,Adobe Acrobat
1746,Human Resources,Adobe Dreamweaver
1746,Human Resources,Adobe Human Capital Application Solution Accelerator
1746,Human Resources,Adobe InDesign
1746,Human Resources,Critical Thinking
1747,Human Resources,Adobe Human Capital Application Solution Accelerator
1747,Human Resources,Adobe InDesign
1747,Human Resources,Speaking
1747,Human Resources,Active Listening
1747,Human Resources,Writing
1747,Human Resources,Adobe Acrobat
1749,Sales Executive,Act!
1749,Sales Executive,Speaking
1749,Sales Executive,Airtable
1749,Sales Executive,Adobe ActionScript
1749,Sales Executive,Reading Comprehension
1749,Sales Executive,Adobe Acrobat
1749,Sales Executive,Apple Keynote
1749,Sales Executive,Monitoring
1749,Sales Executive,Adobe Creative Cloud software
1749,Sales Executive,Critical Thinking
1751,Research Scientist,Active Listening
1751,Research Scientist,Critical Thinking
1751,Research Scientist,Mathematics
1751,Research Scientist,Advanced numerical software
1751,Research Scientist,Amazon DynamoDB
1751,Research Scientist,Amazon Elastic Compute Cloud EC2
1751,Research Scientist,Ada
1752,Sales Representative,Reading Comprehension
1752,Sales Representative,Active Listening
1752,Sales Representative,Critical Thinking
1752,Sales Representative,Adobe Creative Cloud software
1752,Sales Representative,Adobe Dreamweaver
1753,Healthcare Representative,Speaking
1753,Healthcare Representative,AcuStaf
1753,Healthcare Representative,Monitoring
1753,Healthcare Representative,Critical Thinking
1753,Healthcare Representative,Reading Comprehension
1753,Healthcare Representative,Allscripts healthcare automation software
1753,Healthcare Representative,Adobe Acrobat
1753,Healthcare Representative,3DGrid HIPAA Checkup
1754,Sales Executive,Act!
1754,Sales Executive,Adobe Acrobat
1754,Sales Executive,Adobe ActionScript
1754,Sales Executive,Speaking
1754,Sales Executive,Monitoring
1754,Sales Executive,Reading Comprehension
1754,Sales Executive,Adobe Creative Cloud software
1754,Sales Executive,Apple Keynote
1755,Research Scientist,Mathematics
1755,Research Scientist,Algorithmic software
1755,Research Scientist,3D graphics software
1755,Research Scientist,Ada
1755,Research Scientist,Critical Thinking
1755,Research Scientist,Reading Comprehension
1755,Research Scientist,Amazon Elastic Compute Cloud EC2
1756,Sales Executive,Adobe ActionScript
1756,Sales Executive,Reading Comprehension
1756,Sales Executive,Critical Thinking
1756,Sales Executive,Speaking
1756,Sales Executive,Adobe Creative Cloud software
1756,Sales Executive,Airtable
1756,Sales Executive,Monitoring
1757,Sales Executive,Monitoring
1757,Sales Executive,Adobe ActionScript
1757,Sales Executive,Reading Comprehension
1757,Sales Executive,Apple Keynote
1757,Sales Executive,Active Listening
1757,Sales Executive,Adobe Acrobat
1757,Sales Executive,Critical Thinking
1758,Sales Executive,Monitoring
1758,Sales Executive,Speaking
1758,Sales Executive,Adobe Acrobat
1758,Sales Executive,Airtable
1758,Sales Executive,Adobe Creative Cloud software
1758,Sales Executive,Active Listening
1760,Laboratory Technician,Email software
1760,Laboratory Technician,Linux
1760,Laboratory Technician,Science
1760,Laboratory Technician,Writing
1760,Laboratory Technician,Laboratory information management system LIMS
1760,Laboratory Technician,Reading Comprehension
1760,Laboratory Technician,Critical Thinking
1760,Laboratory Technician,Microsoft Access
1760,Laboratory Technician,Monitoring
1761,Sales Executive,Adobe Creative Cloud software
1761,Sales Executive,Apple Keynote
1761,Sales Executive,Speaking
1761,Sales Executive,Reading Comprehension
1761,Sales Executive,Airtable
1761,Sales Executive,Adobe ActionScript
1761,Sales Executive,Monitoring
1761,Sales Executive,Critical Thinking
1762,Research Scientist,3D graphics software
1762,Research Scientist,Critical Thinking
1762,Research Scientist,Algorithmic software
1762,Research Scientist,Ada
1763,Healthcare Representative,American Medical Association CodeManager
1763,Healthcare Representative,Critical Thinking
1763,Healthcare Representative,Speaking
1763,Healthcare Representative,Active Listening
1763,Healthcare Representative,Reading Comprehension
1763,Healthcare Representative,Monitoring
1763,Healthcare Representative,AcuStaf
1763,Healthcare Representative,Adobe Acrobat
1763,Healthcare Representative,Allscripts healthcare automation software
1763,Healthcare Representative,Alteer Office
1764,Research Scientist,Active Listening
1764,Research Scientist,Critical Thinking
1764,Research Scientist,Amazon Elastic Compute Cloud EC2
1764,Research Scientist,Advanced numerical software
1764,Research Scientist,Active Learning
1764,Research Scientist,Ada
1764,Research Scientist,3D graphics software
1764,Research Scientist,Algorithmic software
1766,Healthcare Representative,Monitoring
1766,Healthcare Representative,3DGrid HIPAA Checkup
1766,Healthcare Representative,AcuStaf
1766,Healthcare Representative,Critical Thinking
1766,Healthcare Representative,Adobe Acrobat
1767,Research Scientist,Ada
1767,Research Scientist,Mathematics
1767,Research Scientist,Amazon DynamoDB
1767,Research Scientist,Active Listening
1768,Laboratory Technician,Critical Thinking
1768,Laboratory Technician,Writing
1768,Laboratory Technician,Laboratory information management system LIMS
1768,Laboratory Technician,Linux
1768,Laboratory Technician,C++
1768,Laboratory Technician,Microsoft Access
1770,Research Director,Reading Comprehension
1770,Research Director,Adobe Acrobat
1770,Research Director,Writing
1770,Research Director,Active Listening
1770,Research Director,IBM Lotus 1-2-3
1770,Research Director,ESRI ArcGIS software
1770,Research Director,Adobe Photoshop
1770,Research Director,Science
1771,Research Scientist,Amazon DynamoDB
1771,Research Scientist,Ada
1771,Research Scientist,Advanced numerical software
1771,Research Scientist,Active Learning
1771,Research Scientist,Amazon Elastic Compute Cloud EC2
1771,Research Scientist,Reading Comprehension
1771,Research Scientist,Active Listening
1771,Research Scientist,Critical Thinking
1771,Research Scientist,Algorithmic software
1771,Research Scientist,Mathematics
1772,Laboratory Technician,Critical Thinking
1772,Laboratory Technician,Writing
1772,Laboratory Technician,Linux
1772,Laboratory Technician,Laboratory information management system LIMS
1772,Laboratory Technician,Email software
1772,Laboratory Technician,Database software
1772,Laboratory Technician,Reading Comprehension
1772,Laboratory Technician,Monitoring
1774,Sales Executive,Act!
1774,Sales Executive,Monitoring
1774,Sales Executive,Adobe Creative Cloud software
1774,Sales Executive,Apple Keynote
1774,Sales Executive,Speaking
1774,Sales Executive,Airtable
1774,Sales Executive,Adobe Acrobat
1774,Sales Executive,Active Listening
1775,Manufacturing Director,Apple Final Cut Pro
1775,Manufacturing Director,Adobe After Effects
1775,Manufacturing Director,Critical Thinking
1775,Manufacturing Director,Speaking
1775,Manufacturing Director,Reading Comprehension
1775,Manufacturing Director,Adobe Acrobat
1775,Manufacturing Director,Adobe Photoshop
1775,Manufacturing Director,ABB Optimize IT Predict & Control
1775,Manufacturing Director,Adobe InDesign
1778,Human Resources,Critical Thinking
1778,Human Resources,Active Listening
1778,Human Resources,Writing
1778,Human Resources,Adobe Human Capital Application Solution Accelerator
1778,Human Resources,Adobe Creative Cloud software
1778,Human Resources,Adobe Acrobat
1778,Human Resources,Adobe InDesign
1778,Human Resources,Adobe Illustrator
1779,Sales Executive,Act!
1779,Sales Executive,Active Listening
1779,Sales Executive,Monitoring
1779,Sales Executive,Critical Thinking
1779,Sales Executive,Adobe Creative Cloud software
1779,Sales Executive,Adobe Acrobat
1779,Sales Executive,Reading Comprehension
1779,Sales Executive,Adobe ActionScript
1780,Sales Representative,Active Listening
1780,Sales Representative,3M Post-it App
1780,Sales Representative,Adobe Acrobat
1780,Sales Representative,Speaking
1782,Laboratory Technician,Writing
1782,Laboratory Technician,Reading Comprehension
1782,Laboratory Technician,Database software
1782,Laboratory Technician,Laboratory information management system LIMS
1782,Laboratory Technician,Microsoft Access
1783,Laboratory Technician,Email software
1783,Laboratory Technician,Microsoft Access
1783,Laboratory Technician,Database software
1783,Laboratory Technician,Science
1784,Sales Executive,Speaking
1784,Sales Executive,Adobe Acrobat
1784,Sales Executive,Monitoring
1784,Sales Executive,Reading Comprehension
1784,Sales Executive,Apple Keynote
1784,Sales Executive,Adobe Creative Cloud software
1784,Sales Executive,Act!
1784,Sales Executive,Adobe ActionScript
1784,Sales Executive,Critical Thinking
1784,Sales Executive,Active Listening
1786,Manager,Adobe Acrobat
1786,Manager,Adobe Creative Cloud software
1786,Manager,ADP Workforce Now
1786,Manager,Active Listening
1786,Manager,ActionWare
1786,Manager,Monitoring
1787,Sales Executive,Airtable
1787,Sales Executive,Active Listening
1787,Sales Executive,Speaking
1787,Sales Executive,Adobe Acrobat
1787,Sales Executive,Critical Thinking
1787,Sales Executive,Monitoring
1787,Sales Executive,Apple Keynote
1787,Sales Executive,Adobe Creative Cloud software
1789,Research Director,Reading Comprehension
1789,Research Director,Graphics software
1789,Research Director,IBM Lotus 1-2-3
1789,Research Director,Adobe Acrobat
1789,Research Director,Writing
1789,Research Director,Clinical trial management software
1789,Research Director,Active Listening
1789,Research Director,Science
1790,Healthcare Representative,Active Listening
1790,Healthcare Representative,Monitoring
1790,Healthcare Representative,American Medical Association CodeManager
1790,Healthcare Representative,3DGrid HIPAA Checkup
1790,Healthcare Representative,Reading Comprehension
1790,Healthcare Representative,AcuStaf
1790,Healthcare Representative,Adobe Acrobat
1790,Healthcare Representative,Allscripts healthcare automation software
1790,Healthcare Representative,Critical Thinking
1790,Healthcare Representative,Alteer Office
1792,Research Scientist,Amazon DynamoDB
1792,Research Scientist,Active Learning
1792,Research Scientist,Amazon Elastic Compute Cloud EC2
1792,Research Scientist,Active Listening
1792,Research Scientist,Mathematics
1792,Research Scientist,3D graphics software
1792,Research Scientist,Advanced numerical software
1792,Research Scientist,Reading Comprehension
1794,Human Resources,Adobe Acrobat
1794,Human Resources,Adobe InDesign
1794,Human Resources,Adobe Dreamweaver
1794,Human Resources,Critical Thinking
1794,Human Resources,Adobe Illustrator
1794,Human Resources,Adobe Creative Cloud software
1794,Human Resources,Reading Comprehension
1794,Human Resources,Writing
1794,Human Resources,Adobe Human Capital Application Solution Accelerator
1797,Sales Executive,Adobe ActionScript
1797,Sales Executive,Speaking
1797,Sales Executive,Act!
1797,Sales Executive,Adobe Acrobat
1797,Sales Executive,Active Listening
1797,Sales Executive,Adobe Creative Cloud software
1797,Sales Executive,Airtable
1798,Research Scientist,Ada
1798,Research Scientist,Critical Thinking
1798,Research Scientist,Amazon DynamoDB
1798,Research Scientist,Advanced numerical software
1798,Research Scientist,3D graphics software
1798,Research Scientist,Active Learning
1798,Research Scientist,Reading Comprehension
1798,Research Scientist,Mathematics
1798,Research Scientist,Amazon Elastic Compute Cloud EC2
1799,Research Scientist,Amazon Elastic Compute Cloud EC2
1799,Research Scientist,Reading Comprehension
1799,Research Scientist,Mathematics
1799,Research Scientist,Advanced numerical software
1799,Research Scientist,Ada
1799,Research Scientist,Active Learning
1799,Research Scientist,Amazon DynamoDB
1800,Research Director,Writing
1800,Research Director,Adobe Photoshop
1800,Research Director,Critical Thinking
1800,Research Director,Graphics software
1800,Research Director,IBM Lotus 1-2-3
1800,Research Director,Adobe Acrobat
1800,Research Director,Science
1801,Sales Executive,Act!
1801,Sales Executive,Apple Keynote
1801,Sales Executive,Adobe ActionScript
1801,Sales Executive,Critical Thinking
1801,Sales Executive,Adobe Creative Cloud software
1801,Sales Executive,Monitoring
1802,Laboratory Technician,Laboratory information management system LIMS
1802,Laboratory Technician,C++
1802,Laboratory Technician,Critical Thinking
1802,Laboratory Technician,Reading Comprehension
1802,Laboratory Technician,Science
1802,Laboratory Technician,Writing
1803,Healthcare Representative,Critical Thinking
1803,Healthcare Representative,Active Listening
1803,Healthcare Representative,Allscripts healthcare automation software
1803,Healthcare Representative,Monitoring
1803,Healthcare Representative,American Medical Association CodeManager
1804,Manufacturing Director,ABB Optimize IT Predict & Control
1804,Manufacturing Director,Speaking
1804,Manufacturing Director,Apple Final Cut Pro
1804,Manufacturing Director,Reading Comprehension
1804,Manufacturing Director,Adobe Photoshop
1804,Manufacturing Director,Active Listening
1804,Manufacturing Director,Adobe Acrobat
1804,Manufacturing Director,Adobe After Effects
1804,Manufacturing Director,Critical Thinking
1805,Human Resources,Writing
1805,Human Resources,Adobe Illustrator
1805,Human Resources,Adobe InDesign
1805,Human Resources,Adobe Dreamweaver
1805,Human Resources,Critical Thinking
1805,Human Resources,Active Listening
1805,Human Resources,Reading Comprehension
1805,Human Resources,Adobe Acrobat
1807,Laboratory Technician,Writing
1807,Laboratory Technician,Linux
1807,Laboratory Technician,C++
1807,Laboratory Technician,Critical Thinking
1807,Laboratory Technician,Email software
1807,Laboratory Technician,Reading Comprehension
1807,Laboratory Technician,Database software
1809,Manufacturing Director,Active Listening
1809,Manufacturing Director,Monitoring
1809,Manufacturing Director,Adobe Photoshop
1809,Manufacturing Director,Speaking
1809,Manufacturing Director,Adobe After Effects
1809,Manufacturing Director,Critical Thinking
1809,Manufacturing Director,Adobe InDesign
1809,Manufacturing Director,Apple Final Cut Pro
1809,Manufacturing Director,ABB Optimize IT Predict & Control
1809,Manufacturing Director,Adobe Acrobat
1812,Sales Executive,Speaking
1812,Sales Executive,Adobe ActionScript
1812,Sales Executive,Adobe Acrobat
1812,Sales Executive,Critical Thinking
1812,Sales Executive,Apple Keynote
1812,Sales Executive,Airtable
1812,Sales Executive,Active Listening
1812,Sales Executive,Reading Comprehension
1813,Research Scientist,Mathematics
1813,Research Scientist,Ada
1813,Research Scientist,Amazon Elastic Compute Cloud EC2
1813,Research Scientist,Active Listening
1813,Research Scientist,Algorithmic software
1814,Healthcare Representative,AcuStaf
1814,Healthcare Representative,Monitoring
1814,Healthcare Representative,Speaking
1814,Healthcare Representative,Reading Comprehension
1814,Healthcare Representative,Allscripts healthcare automation software
1814,Healthcare Representative,American Medical Association CodeManager
1815,Sales Executive,Airtable
1815,Sales Executive,Monitoring
1815,Sales Executive,Act!
1815,Sales Executive,Active Listening
1815,Sales Executive,Adobe Creative Cloud software
1815,Sales Executive,Critical Thinking
1815,Sales Executive,Apple Keynote
1815,Sales Executive,Adobe Acrobat
1815,Sales Executive,Reading Comprehension
1815,Sales Executive,Speaking
1816,Manufacturing Director,Adobe After Effects
1816,Manufacturing Director,Speaking
1816,Manufacturing Director,Adobe Acrobat
1816,Manufacturing Director,ABB Optimize IT Predict & Control
1816,Manufacturing Director,Reading Comprehension
1816,Manufacturing Director,Monitoring
1816,Manufacturing Director,Apple Final Cut Pro
1816,Manufacturing Director,Critical Thinking
1816,Manufacturing Director,Adobe InDesign
1816,Manufacturing Director,Adobe Photoshop
1818,Human Resources,Critical Thinking
1818,Human Resources,Adobe Creative Cloud software
1818,Human Resources,Adobe InDesign
1818,Human Resources,Speaking
1818,Human Resources,Active Listening
1818,Human Resources,Reading Comprehension
1818,Human Resources,Adobe Acrobat
1821,Healthcare Representative,Reading Comprehension
1821,Healthcare Representative,Allscripts healthcare automation software
1821,Healthcare Representative,American Medical Association CodeManager
1821,Healthcare Representative,Active Listening
1821,Healthcare Representative,Alteer Office
1821,Healthcare Representative,Speaking
1821,Healthcare Representative,3DGrid HIPAA Checkup
1821,Healthcare Representative,Critical Thinking
1822,Healthcare Representative,Monitoring
1822,Healthcare Representative,3DGrid HIPAA Checkup
1822,Healthcare Representative,Speaking
1822,Healthcare Representative,Alteer Office
1822,Healthcare Representative,AcuStaf
1822,Healthcare Representative,Allscripts healthcare automation software
1822,Healthcare Representative,Adobe Acrobat
1823,Sales Executive,Apple Keynote
1823,Sales Executive,Speaking
1823,Sales Executive,Critical Thinking
1823,Sales Executive,Airtable
1823,Sales Executive,Act!
1823,Sales Executive,Reading Comprehension
1823,Sales Executive,Adobe Acrobat
1823,Sales Executive,Adobe ActionScript
1823,Sales Executive,Adobe Creative Cloud software
1824,Manager,Speaking
1824,Manager,Monitoring
1824,Manager,Act!
1824,Manager,Reading Comprehension
1824,Manager,Active Listening
1824,Manager,Adobe Acrobat
1824,Manager,Adobe Photoshop
1824,Manager,Critical Thinking
1826,Laboratory Technician,Science
1826,Laboratory Technician,Reading Comprehension
1826,Laboratory Technician,Linux
1826,Laboratory Technician,C++
1826,Laboratory Technician,Critical Thinking
1827,Manufacturing Director,Reading Comprehension
1827,Manufacturing Director,Monitoring
1827,Manufacturing Director,ABB Optimize IT Predict & Control
1827,Manufacturing Director,Adobe After Effects
1827,Manufacturing Director,Apple Final Cut Pro
1827,Manufacturing Director,Adobe Acrobat
1827,Manufacturing Director,Adobe InDesign
1827,Manufacturing Director,Critical Thinking
1827,Manufacturing Director,Active Listening
1829,Healthcare Representative,3DGrid HIPAA Checkup
1829,Healthcare Representative,Adobe Acrobat
1829,Healthcare Representative,Alteer Office
1829,Healthcare Representative,AcuStaf
1829,Healthcare Representative,American Medical Association CodeManager
1829,Healthcare Representative,Critical Thinking
1829,Healthcare Representative,Active Listening
1829,Healthcare Representative,Reading Comprehension
1829,Healthcare Representative,Speaking
1829,Healthcare Representative,Monitoring
1830,Research Scientist,Active Learning
1830,Research Scientist,Active Listening
1830,Research Scientist,Reading Comprehension
1830,Research Scientist,Advanced numerical software
1830,Research Scientist,Algorithmic software
1830,Research Scientist,3D graphics software
1830,Research Scientist,Amazon Elastic Compute Cloud EC2
1833,Sales Executive,Act!
1833,Sales Executive,Monitoring
1833,Sales Executive,Adobe ActionScript
1833,Sales Executive,Speaking
1833,Sales Executive,Apple Keynote
1833,Sales Executive,Reading Comprehension
1833,Sales Executive,Airtable
1833,Sales Executive,Critical Thinking
1833,Sales Executive,Adobe Creative Cloud software
1833,Sales Executive,Adobe Acrobat
1834,Research Scientist,Mathematics
1834,Research Scientist,3D graphics software
1834,Research Scientist,Critical Thinking
1834,Research Scientist,Amazon DynamoDB
1834,Research Scientist,Active Learning
1834,Research Scientist,Amazon Elastic Compute Cloud EC2
1835,Sales Representative,Reading Comprehension
1835,Sales Representative,Adobe Dreamweaver
1835,Sales Representative,Adobe Illustrator
1835,Sales Representative,Adobe Acrobat
1835,Sales Representative,Writing
1835,Sales Representative,Speaking
1835,Sales Representative,Active Listening
1836,Sales Executive,Speaking
1836,Sales Executive,Act!
1836,Sales Executive,Adobe Acrobat
1836,Sales Executive,Monitoring
1836,Sales Executive,Airtable
1836,Sales Executive,Reading Comprehension
1836,Sales Executive,Adobe ActionScript
1837,Research Director,Critical Thinking
1837,Research Director,Graphics software
1837,Research Director,Science
1837,Research Director,Clinical trial management software
1837,Research Director,IBM Lotus 1-2-3
1837,Research Director,Adobe Photoshop
1837,Research Director,Active Listening
1837,Research Director,Writing
1839,Research Scientist,Active Learning
1839,Research Scientist,Reading Comprehension
1839,Research Scientist,Active Listening
1839,Research Scientist,Amazon DynamoDB
1839,Research Scientist,Ada
1842,Human Resources,Adobe Acrobat
1842,Human Resources,Adobe Human Capital Application Solution Accelerator
1842,Human Resources,Speaking
1842,Human Resources,Writing
1844,Human Resources,Adobe Illustrator
1844,Human Resources,Adobe Dreamweaver
1844,Human Resources,Critical Thinking
1844,Human Resources,Adobe Creative Cloud software
1844,Human Resources,Active Listening
1844,Human Resources,Reading Comprehension
1844,Human Resources,Speaking
1845,Sales Executive,Active Listening
1845,Sales Executive,Speaking
1845,Sales Executive,Adobe ActionScript
1845,Sales Executive,Adobe Creative Cloud software
1845,Sales Executive,Adobe Acrobat
1845,Sales Executive,Airtable
1845,Sales Executive,Act!
1845,Sales Executive,Reading Comprehension
1847,Research Scientist,3D graphics software
1847,Research Scientist,Critical Thinking
1847,Research Scientist,Mathematics
1847,Research Scientist,Active Learning
1847,Research Scientist,Amazon DynamoDB
1847,Research Scientist,Algorithmic software
1849,Sales Executive,Apple Keynote
1849,Sales Executive,Speaking
1849,Sales Executive,Airtable
1849,Sales Executive,Monitoring
1849,Sales Executive,Act!
1849,Sales Executive,Active Listening
1849,Sales Executive,Adobe Creative Cloud software
1849,Sales Executive,Adobe ActionScript
1849,Sales Executive,Reading Comprehension
1850,Laboratory Technician,C++
1850,Laboratory Technician,Email software
1850,Laboratory Technician,Microsoft Access
1850,Laboratory Technician,Database software
1850,Laboratory Technician,Laboratory information management system LIMS
1850,Laboratory Technician,Writing
1850,Laboratory Technician,Critical Thinking
1850,Laboratory Technician,Linux
1852,Laboratory Technician,Laboratory information management system LIMS
1852,Laboratory Technician,Microsoft Access
1852,Laboratory Technician,Email software
1852,Laboratory Technician,Science
1852,Laboratory Technician,Monitoring
1852,Laboratory Technician,Database software
1852,Laboratory Technician,Reading Comprehension
1852,Laboratory Technician,Critical Thinking
1852,Laboratory Technician,Linux
1853,Sales Executive,Critical Thinking
1853,Sales Executive,Monitoring
1853,Sales Executive,Airtable
1853,Sales Executive,Adobe Creative Cloud software
1854,Research Scientist,Mathematics
1854,Research Scientist,Advanced numerical software
1854,Research Scientist,Reading Comprehension
1854,Research Scientist,Amazon Elastic Compute Cloud EC2
1854,Research Scientist,Active Learning
1854,Research Scientist,3D graphics software
1854,Research Scientist,Ada
1856,Laboratory Technician,Monitoring
1856,Laboratory Technician,C++
1856,Laboratory Technician,Critical Thinking
1856,Laboratory Technician,Reading Comprehension
1856,Laboratory Technician,Science
1857,Manufacturing Director,ABB Optimize IT Predict & Control
1857,Manufacturing Director,Reading Comprehension
1857,Manufacturing Director,Speaking
1857,Manufacturing Director,Adobe Acrobat
1857,Manufacturing Director,Critical Thinking
1857,Manufacturing Director,Adobe After Effects
1857,Manufacturing Director,Active Listening
1857,Manufacturing Director,Adobe InDesign
1858,Human Resources,Writing
1858,Human Resources,Active Listening
1858,Human Resources,Adobe InDesign
1858,Human Resources,Reading Comprehension
1858,Human Resources,Speaking
1858,Human Resources,Adobe Dreamweaver
1859,Healthcare Representative,Monitoring
1859,Healthcare Representative,Reading Comprehension
1859,Healthcare Representative,3DGrid HIPAA Checkup
1859,Healthcare Representative,Adobe Acrobat
1859,Healthcare Representative,Active Listening
1859,Healthcare Representative,American Medical Association CodeManager
1859,Healthcare Representative,Alteer Office
1859,Healthcare Representative,Allscripts healthcare automation software
1860,Laboratory Technician,Linux
1860,Laboratory Technician,C++
1860,Laboratory Technician,Database software
1860,Laboratory Technician,Laboratory information management system LIMS
1860,Laboratory Technician,Science
1860,Laboratory Technician,Critical Thinking
1862,Sales Executive,Critical Thinking
1862,Sales Executive,Speaking
1862,Sales Executive,Adobe Acrobat
1862,Sales Executive,Adobe Creative Cloud software
1862,Sales Executive,Airtable
1862,Sales Executive,Reading Comprehension
1862,Sales Executive,Monitoring
1862,Sales Executive,Act!
1863,Sales Executive,Adobe Acrobat
1863,Sales Executive,Speaking
1863,Sales Executive,Critical Thinking
1863,Sales Executive,Monitoring
1863,Sales Executive,Active Listening
1863,Sales Executive,Adobe ActionScript
1863,Sales Executive,Airtable
1863,Sales Executive,Act!
1863,Sales Executive,Adobe Creative Cloud software
1864,Sales Representative,3M Post-it App
1864,Sales Representative,Adobe Creative Cloud software
1864,Sales Representative,Critical Thinking
1864,Sales Representative,Adobe Dreamweaver
1864,Sales Representative,Writing
1864,Sales Representative,ACT! Premium
1864,Sales Representative,Adobe Illustrator
1864,Sales Representative,Active Listening
1864,Sales Representative,Adobe Acrobat
1864,Sales Representative,Speaking
1865,Human Resources,Active Listening
1865,Human Resources,Adobe Creative Cloud software
1865,Human Resources,Adobe Acrobat
1865,Human Resources,Speaking
1865,Human Resources,Reading Comprehension
1866,Manager,Adobe Photoshop
1866,Manager,Critical Thinking
1866,Manager,ADP Workforce Now
1866,Manager,Reading Comprehension
1866,Manager,Active Listening
1866,Manager,Adobe Creative Cloud software
1866,Manager,Act!
1866,Manager,Adobe Acrobat
1866,Manager,Speaking
1867,Research Director,Active Listening
1867,Research Director,Adobe Photoshop
1867,Research Director,IBM Lotus 1-2-3
1867,Research Director,Critical Thinking
1867,Research Director,Graphics software
1867,Research Director,Reading Comprehension
1867,Research Director,Writing
1867,Research Director,Science
1867,Research Director,ESRI ArcGIS software
1868,Research Scientist,Active Learning
1868,Research Scientist,Amazon Elastic Compute Cloud EC2
1868,Research Scientist,Active Listening
1868,Research Scientist,Algorithmic software
1869,Sales Executive,Active Listening
1869,Sales Executive,Monitoring
1869,Sales Executive,Adobe Creative Cloud software
1869,Sales Executive,Critical Thinking
1869,Sales Executive,Airtable
1869,Sales Executive,Speaking
1869,Sales Executive,Reading Comprehension
1869,Sales Executive,Apple Keynote
1870,Research Scientist,Ada
1870,Research Scientist,3D graphics software
1870,Research Scientist,Algorithmic software
1870,Research Scientist,Reading Comprehension
1870,Research Scientist,Amazon DynamoDB
1870,Research Scientist,Advanced numerical software
1870,Research Scientist,Amazon Elastic Compute Cloud EC2
1871,Research Scientist,Active Learning
1871,Research Scientist,Advanced numerical software
1871,Research Scientist,Mathematics
1871,Research Scientist,Active Listening
1871,Research Scientist,3D graphics software
1871,Research Scientist,Amazon DynamoDB
1871,Research Scientist,Algorithmic software
1871,Research Scientist,Critical Thinking
1873,Research Scientist,Critical Thinking
1873,Research Scientist,Active Learning
1873,Research Scientist,Amazon DynamoDB
1873,Research Scientist,Amazon Elastic Compute Cloud EC2
1873,Research Scientist,3D graphics software
1873,Research Scientist,Mathematics
1873,Research Scientist,Ada
1875,Sales Representative,Reading Comprehension
1875,Sales Representative,Critical Thinking
1875,Sales Representative,Active Listening
1875,Sales Representative,Adobe Creative Cloud software
1875,Sales Representative,Adobe Dreamweaver
1876,Sales Representative,Adobe Creative Cloud software
1876,Sales Representative,Reading Comprehension
1876,Sales Representative,Adobe Illustrator
1876,Sales Representative,Active Listening
1878,Research Scientist,Amazon Elastic Compute Cloud EC2
1878,Research Scientist,Amazon DynamoDB
1878,Research Scientist,Advanced numerical software
1878,Research Scientist,3D graphics software
1878,Research Scientist,Reading Comprehension
1878,Research Scientist,Ada
1880,Sales Executive,Critical Thinking
1880,Sales Executive,Act!
1880,Sales Executive,Adobe Acrobat
1880,Sales Executive,Airtable
1880,Sales Executive,Reading Comprehension
1880,Sales Executive,Apple Keynote
1880,Sales Executive,Adobe Creative Cloud software
1880,Sales Executive,Monitoring
1880,Sales Executive,Adobe ActionScript
1880,Sales Executive,Active Listening
1881,Laboratory Technician,Monitoring
1881,Laboratory Technician,Linux
1881,Laboratory Technician,Laboratory information management system LIMS
1881,Laboratory Technician,Critical Thinking
1881,Laboratory Technician,Microsoft Access
1881,Laboratory Technician,Email software
1881,Laboratory Technician,Database software
1881,Laboratory Technician,Science
1881,Laboratory Technician,C++
1882,Sales Executive,Speaking
1882,Sales Executive,Act!
1882,Sales Executive,Adobe ActionScript
1882,Sales Executive,Adobe Acrobat
1882,Sales Executive,Airtable
1882,Sales Executive,Reading Comprehension
1882,Sales Executive,Adobe Creative Cloud software
1882,Sales Executive,Monitoring
1882,Sales Executive,Critical Thinking
1882,Sales Executive,Apple Keynote
1883,Laboratory Technician,Email software
1883,Laboratory Technician,Critical Thinking
1883,Laboratory Technician,Reading Comprehension
1883,Laboratory Technician,Microsoft Access
1883,Laboratory Technician,Linux
1885,Research Scientist,Active Listening
1885,Research Scientist,3D graphics software
1885,Research Scientist,Ada
1885,Research Scientist,Amazon DynamoDB
1885,Research Scientist,Active Learning
1885,Research Scientist,Advanced numerical software
1885,Research Scientist,Critical Thinking
1886,Manufacturing Director,Apple Final Cut Pro
1886,Manufacturing Director,Adobe InDesign
1886,Manufacturing Director,Adobe Acrobat
1886,Manufacturing Director,Speaking
1886,Manufacturing Director,Adobe After Effects
1886,Manufacturing Director,Critical Thinking
1886,Manufacturing Director,Active Listening
1886,Manufacturing Director,ABB Optimize IT Predict & Control
1888,Manufacturing Director,Adobe Photoshop
1888,Manufacturing Director,Speaking
1888,Manufacturing Director,Adobe Acrobat
1888,Manufacturing Director,Critical Thinking
1888,Manufacturing Director,Active Listening
1888,Manufacturing Director,ABB Optimize IT Predict & Control
1888,Manufacturing Director,Reading Comprehension
1888,Manufacturing Director,Adobe After Effects
1888,Manufacturing Director,Apple Final Cut Pro
1888,Manufacturing Director,Monitoring
1890,Human Resources,Adobe Dreamweaver
1890,Human Resources,Adobe Creative Cloud software
1890,Human Resources,Adobe Human Capital Application Solution Accelerator
1890,Human Resources,Adobe Illustrator
1890,Human Resources,Speaking
1890,Human Resources,Critical Thinking
1890,Human Resources,Reading Comprehension
1892,Manager,Adobe Creative Cloud software
1892,Manager,Reading Comprehension
1892,Manager,Critical Thinking
1892,Manager,Active Listening
1892,Manager,ActionWare
1892,Manager,Monitoring
1892,Manager,Adobe Photoshop
1892,Manager,Act!
1892,Manager,Speaking
1892,Manager,Adobe Acrobat
1893,Research Scientist,3D graphics software
1893,Research Scientist,Amazon Elastic Compute Cloud EC2
1893,Research Scientist,Reading Comprehension
1893,Research Scientist,Active Listening
1893,Research Scientist,Ada
1893,Research Scientist,Advanced numerical software
1893,Research Scientist,Mathematics
1898,Sales Executive,Adobe Creative Cloud software
1898,Sales Executive,Speaking
1898,Sales Executive,Reading Comprehension
1898,Sales Executive,Active Listening
1898,Sales Executive,Airtable
1898,Sales Executive,Adobe ActionScript
1898,Sales Executive,Act!
1898,Sales Executive,Apple Keynote
1898,Sales Executive,Adobe Acrobat
1900,Manager,ADP Workforce Now
1900,Manager,Speaking
1900,Manager,Act!
1900,Manager,Monitoring
1900,Manager,Critical Thinking
1900,Manager,Reading Comprehension
1900,Manager,Adobe Creative Cloud software
1903,Healthcare Representative,3DGrid HIPAA Checkup
1903,Healthcare Representative,Allscripts healthcare automation software
1903,Healthcare Representative,American Medical Association CodeManager
1903,Healthcare Representative,Reading Comprehension
1903,Healthcare Representative,Alteer Office
1903,Healthcare Representative,Critical Thinking
1903,Healthcare Representative,Monitoring
1905,Research Scientist,Reading Comprehension
1905,Research Scientist,Advanced numerical software
1905,Research Scientist,Ada
1905,Research Scientist,Mathematics
1905,Research Scientist,Active Listening
1905,Research Scientist,Critical Thinking
1905,Research Scientist,Active Learning
1907,Laboratory Technician,C++
1907,Laboratory Technician,Monitoring
1907,Laboratory Technician,Laboratory information management system LIMS
1907,Laboratory Technician,Reading Comprehension
1907,Laboratory Technician,Database software
1907,Laboratory Technician,Science
1907,Laboratory Technician,Writing
1907,Laboratory Technician,Microsoft Access
1908,Sales Executive,Monitoring
1908,Sales Executive,Apple Keynote
1908,Sales Executive,Adobe Acrobat
1908,Sales Executive,Airtable
1908,Sales Executive,Reading Comprehension
1908,Sales Executive,Active Listening
1908,Sales Executive,Adobe ActionScript
1908,Sales Executive,Act!
1909,Sales Executive,Reading Comprehension
1909,Sales Executive,Airtable
1909,Sales Executive,Critical Thinking
1909,Sales Executive,Apple Keynote
1909,Sales Executive,Active Listening
1909,Sales Executive,Act!
1909,Sales Executive,Adobe Creative Cloud software
1909,Sales Executive,Monitoring
1909,Sales Executive,Adobe ActionScript
1909,Sales Executive,Speaking
1911,Research Director,Science
1911,Research Director,Clinical trial management software
1911,Research Director,ESRI ArcGIS software
1911,Research Director,IBM Lotus 1-2-3
1911,Research Director,Writing
1911,Research Director,Active Listening
1911,Research Director,Adobe Photoshop
1911,Research Director,Graphics software
1911,Research Director,Adobe Acrobat
1912,Sales Executive,Act!
1912,Sales Executive,Critical Thinking
1912,Sales Executive,Adobe Acrobat
1912,Sales Executive,Adobe ActionScript
1912,Sales Executive,Adobe Creative Cloud software
1912,Sales Executive,Monitoring
1912,Sales Executive,Active Listening
1915,Sales Executive,Active Listening
1915,Sales Executive,Reading Comprehension
1915,Sales Executive,Adobe Creative Cloud software
1915,Sales Executive,Monitoring
1915,Sales Executive,Adobe Acrobat
1915,Sales Executive,Airtable
1915,Sales Executive,Act!
1916,Laboratory Technician,C++
1916,Laboratory Technician,Science
1916,Laboratory Technician,Reading Comprehension
1916,Laboratory Technician,Laboratory information management system LIMS
1916,Laboratory Technician,Linux
1916,Laboratory Technician,Database software
1918,Laboratory Technician,Critical Thinking
1918,Laboratory Technician,Monitoring
1918,Laboratory Technician,Reading Comprehension
1918,Laboratory Technician,Database software
1918,Laboratory Technician,Writing
1918,Laboratory Technician,C++
1918,Laboratory Technician,Science
1918,Laboratory Technician,Laboratory information management system LIMS
1922,Healthcare Representative,Reading Comprehension
1922,Healthcare Representative,Critical Thinking
1922,Healthcare Representative,Allscripts healthcare automation software
1922,Healthcare Representative,Adobe Acrobat
1922,Healthcare Representative,Alteer Office
1922,Healthcare Representative,Speaking
1922,Healthcare Representative,3DGrid HIPAA Checkup
1922,Healthcare Representative,Monitoring
1924,Sales Executive,Speaking
1924,Sales Executive,Airtable
1924,Sales Executive,Act!
1924,Sales Executive,Active Listening
1924,Sales Executive,Critical Thinking
1924,Sales Executive,Adobe Acrobat
1924,Sales Executive,Adobe ActionScript
1924,Sales Executive,Adobe Creative Cloud software
1924,Sales Executive,Apple Keynote
1924,Sales Executive,Monitoring
1927,Sales Executive,Adobe ActionScript
1927,Sales Executive,Monitoring
1927,Sales Executive,Critical Thinking
1927,Sales Executive,Active Listening
1927,Sales Executive,Reading Comprehension
1927,Sales Executive,Adobe Creative Cloud software
1927,Sales Executive,Airtable
1927,Sales Executive,Adobe Acrobat
1927,Sales Executive,Speaking
1928,Sales Representative,Adobe Acrobat
1928,Sales Representative,Active Listening
1928,Sales Representative,Critical Thinking
1928,Sales Representative,Adobe Illustrator
1928,Sales Representative,Adobe Creative Cloud software
1928,Sales Representative,Writing
1928,Sales Representative,Adobe Dreamweaver
1929,Sales Executive,Adobe ActionScript
1929,Sales Executive,Monitoring
1929,Sales Executive,Critical Thinking
1929,Sales Executive,Reading Comprehension
1929,Sales Executive,Adobe Acrobat
1929,Sales Executive,Airtable
1929,Sales Executive,Speaking
1929,Sales Executive,Adobe Creative Cloud software
1929,Sales Executive,Act!
1931,Research Scientist,Mathematics
1931,Research Scientist,Active Listening
1931,Research Scientist,Algorithmic software
1931,Research Scientist,Active Learning
1931,Research Scientist,Ada
1931,Research Scientist,Reading Comprehension
1931,Research Scientist,Amazon DynamoDB
1931,Research Scientist,Advanced numerical software
1932,Research Scientist,Amazon Elastic Compute Cloud EC2
1932,Research Scientist,Advanced numerical software
1932,Research Scientist,Active Listening
1932,Research Scientist,Algorithmic software
1932,Research Scientist,Amazon DynamoDB
1932,Research Scientist,Active Learning
1932,Research Scientist,Mathematics
1933,Sales Executive,Reading Comprehension
1933,Sales Executive,Speaking
1933,Sales Executive,Adobe Acrobat
1933,Sales Executive,Active Listening
1933,Sales Executive,Airtable
1933,Sales Executive,Adobe ActionScript
1934,Research Scientist,Amazon DynamoDB
1934,Research Scientist,Mathematics
1934,Research Scientist,Active Listening
1934,Research Scientist,Critical Thinking
1934,Research Scientist,Algorithmic software
1934,Research Scientist,Active Learning
1934,Research Scientist,Amazon Elastic Compute Cloud EC2
1935,Sales Executive,Critical Thinking
1935,Sales Executive,Reading Comprehension
1935,Sales Executive,Monitoring
1935,Sales Executive,Active Listening
1935,Sales Executive,Adobe Acrobat
1935,Sales Executive,Apple Keynote
1936,Manufacturing Director,Critical Thinking
1936,Manufacturing Director,Adobe Acrobat
1936,Manufacturing Director,Adobe Photoshop
1936,Manufacturing Director,ABB Optimize IT Predict & Control
1936,Manufacturing Director,Reading Comprehension
1936,Manufacturing Director,Adobe After Effects
1936,Manufacturing Director,Monitoring
1937,Research Scientist,Active Learning
1937,Research Scientist,Reading Comprehension
1937,Research Scientist,Ada
1937,Research Scientist,3D graphics software
1937,Research Scientist,Mathematics
1937,Research Scientist,Algorithmic software
1937,Research Scientist,Active Listening
1938,Manager,ActionWare
1938,Manager,ADP Workforce Now
1938,Manager,Adobe Creative Cloud software
1938,Manager,Adobe Photoshop
1938,Manager,Monitoring
1938,Manager,Adobe Acrobat
1939,Research Scientist,Mathematics
1939,Research Scientist,Critical Thinking
1939,Research Scientist,Algorithmic software
1939,Research Scientist,Advanced numerical software
1939,Research Scientist,Amazon Elastic Compute Cloud EC2
1939,Research Scientist,Amazon DynamoDB
1939,Research Scientist,3D graphics software
1940,Research Scientist,Advanced numerical software
1940,Research Scientist,Active Listening
1940,Research Scientist,Reading Comprehension
1940,Research Scientist,3D graphics software
1940,Research Scientist,Critical Thinking
1940,Research Scientist,Active Learning
1940,Research Scientist,Amazon DynamoDB
1940,Research Scientist,Amazon Elastic Compute Cloud EC2
1941,Research Director,Clinical trial management software
1941,Research Director,Writing
1941,Research Director,Science
1941,Research Director,IBM Lotus 1-2-3
1941,Research Director,Adobe Acrobat
1941,Research Director,Active Listening
1941,Research Director,ESRI ArcGIS software
1941,Research Director,Critical Thinking
1941,Research Director,Graphics software
1943,Sales Executive,Monitoring
1943,Sales Executive,Adobe Acrobat
1943,Sales Executive,Adobe Creative Cloud software
1943,Sales Executive,Adobe ActionScript
1943,Sales Executive,Active Listening
1943,Sales Executive,Airtable
1944,Human Resources,Reading Comprehension
1944,Human Resources,Adobe Dreamweaver
1944,Human Resources,Speaking
1944,Human Resources,Adobe Creative Cloud software
1945,Sales Executive,Act!
1945,Sales Executive,Adobe ActionScript
1945,Sales Executive,Adobe Acrobat
1945,Sales Executive,Reading Comprehension
1945,Sales Executive,Apple Keynote
1945,Sales Executive,Airtable
1945,Sales Executive,Active Listening
1945,Sales Executive,Speaking
1945,Sales Executive,Adobe Creative Cloud software
1947,Research Scientist,3D graphics software
1947,Research Scientist,Ada
1947,Research Scientist,Algorithmic software
1947,Research Scientist,Mathematics
1947,Research Scientist,Reading Comprehension
1947,Research Scientist,Critical Thinking
1947,Research Scientist,Advanced numerical software
1947,Research Scientist,Amazon DynamoDB
1948,Research Scientist,Advanced numerical software
1948,Research Scientist,Active Learning
1948,Research Scientist,Mathematics
1948,Research Scientist,Critical Thinking
1948,Research Scientist,Amazon DynamoDB
1948,Research Scientist,Active Listening
1948,Research Scientist,Amazon Elastic Compute Cloud EC2
1948,Research Scientist,Algorithmic software
1949,Laboratory Technician,C++
1949,Laboratory Technician,Email software
1949,Laboratory Technician,Reading Comprehension
1949,Laboratory Technician,Monitoring
1949,Laboratory Technician,Linux
1949,Laboratory Technician,Laboratory information management system LIMS
1949,Laboratory Technician,Microsoft Access
1949,Laboratory Technician,Science
1950,Sales Executive,Airtable
1950,Sales Executive,Speaking
1950,Sales Executive,Active Listening
1950,Sales Executive,Adobe Acrobat
1950,Sales Executive,Critical Thinking
1950,Sales Executive,Adobe ActionScript
1950,Sales Executive,Reading Comprehension
1950,Sales Executive,Monitoring
1951,Sales Executive,Monitoring
1951,Sales Executive,Apple Keynote
1951,Sales Executive,Adobe Creative Cloud software
1951,Sales Executive,Adobe Acrobat
1951,Sales Executive,Speaking
1951,Sales Executive,Critical Thinking
1951,Sales Executive,Reading Comprehension
1951,Sales Executive,Adobe ActionScript
1952,Laboratory Technician,C++
1952,Laboratory Technician,Reading Comprehension
1952,Laboratory Technician,Monitoring
1952,Laboratory Technician,Microsoft Access
1952,Laboratory Technician,Laboratory information management system LIMS
1952,Laboratory Technician,Critical Thinking
1952,Laboratory Technician,Linux
1954,Healthcare Representative,Active Listening
1954,Healthcare Representative,Alteer Office
1954,Healthcare Representative,American Medical Association CodeManager
1954,Healthcare Representative,Adobe Acrobat
1954,Healthcare Representative,AcuStaf
1954,Healthcare Representative,Allscripts healthcare automation software
1954,Healthcare Representative,Monitoring
1955,Healthcare Representative,Critical Thinking
1955,Healthcare Representative,Speaking
1955,Healthcare Representative,Reading Comprehension
1955,Healthcare Representative,Active Listening
1955,Healthcare Representative,AcuStaf
1955,Healthcare Representative,Adobe Acrobat
1955,Healthcare Representative,American Medical Association CodeManager
1955,Healthcare Representative,Monitoring
1955,Healthcare Representative,Alteer Office
1956,Research Scientist,Active Listening
1956,Research Scientist,Ada
1956,Research Scientist,Advanced numerical software
1956,Research Scientist,Reading Comprehension
1956,Research Scientist,Amazon Elastic Compute Cloud EC2
1956,Research Scientist,Mathematics
1956,Research Scientist,Active Learning
1956,Research Scientist,3D graphics software
1956,Research Scientist,Algorithmic software
1960,Laboratory Technician,Writing
1960,Laboratory Technician,Critical Thinking
1960,Laboratory Technician,Linux
1960,Laboratory Technician,Email software
1960,Laboratory Technician,Microsoft Access
1960,Laboratory Technician,Monitoring
1960,Laboratory Technician,Science
1961,Sales Representative,Writing
1961,Sales Representative,Active Listening
1961,Sales Representative,Adobe Acrobat
1961,Sales Representative,ACT! Premium
1962,Sales Executive,Speaking
1962,Sales Executive,Adobe Creative Cloud software
1962,Sales Executive,Monitoring
1962,Sales Executive,Adobe Acrobat
1962,Sales Executive,Critical Thinking
1962,Sales Executive,Active Listening
1962,Sales Executive,Reading Comprehension
1962,Sales Executive,Adobe ActionScript
1962,Sales Executive,Airtable
1965,Sales Executive,Active Listening
1965,Sales Executive,Airtable
1965,Sales Executive,Critical Thinking
1965,Sales Executive,Adobe ActionScript
1965,Sales Executive,Reading Comprehension
1965,Sales Executive,Monitoring
1965,Sales Executive,Adobe Acrobat
1965,Sales Executive,Speaking
1966,Manufacturing Director,Speaking
1966,Manufacturing Director,ABB Optimize IT Predict & Control
1966,Manufacturing Director,Apple Final Cut Pro
1966,Manufacturing Director,Reading Comprehension
1966,Manufacturing Director,Adobe Acrobat
1966,Manufacturing Director,Active Listening
1967,Sales Executive,Act!
1967,Sales Executive,Reading Comprehension
1967,Sales Executive,Airtable
1967,Sales Executive,Adobe ActionScript
1967,Sales Executive,Monitoring
1967,Sales Executive,Adobe Creative Cloud software
1967,Sales Executive,Speaking
1967,Sales Executive,Adobe Acrobat
1967,Sales Executive,Apple Keynote
1967,Sales Executive,Critical Thinking
1968,Sales Executive,Speaking
1968,Sales Executive,Monitoring
1968,Sales Executive,Apple Keynote
1968,Sales Executive,Adobe Acrobat
1968,Sales Executive,Act!
1968,Sales Executive,Adobe Creative Cloud software
1968,Sales Executive,Critical Thinking
1968,Sales Executive,Active Listening
1968,Sales Executive,Adobe ActionScript
1969,Research Scientist,Active Listening
1969,Research Scientist,Mathematics
1969,Research Scientist,Reading Comprehension
1969,Research Scientist,Amazon DynamoDB
1969,Research Scientist,Active Learning
1969,Research Scientist,3D graphics software
1969,Research Scientist,Amazon Elastic Compute Cloud EC2
1969,Research Scientist,Advanced numerical software
1969,Research Scientist,Ada
1970,Healthcare Representative,Allscripts healthcare automation software
1970,Healthcare Representative,Active Listening
1970,Healthcare Representative,Reading Comprehension
1970,Healthcare Representative,3DGrid HIPAA Checkup
1970,Healthcare Representative,Alteer Office
1970,Healthcare Representative,Speaking
1970,Healthcare Representative,AcuStaf
1970,Healthcare Representative,Monitoring
1970,Healthcare Representative,Critical Thinking
1970,Healthcare Representative,Adobe Acrobat
1971,Healthcare Representative,Monitoring
1971,Healthcare Representative,Alteer Office
1971,Healthcare Representative,Active Listening
1971,Healthcare Representative,Allscripts healthcare automation software
1971,Healthcare Representative,Reading Comprehension
1971,Healthcare Representative,Speaking
1971,Healthcare Representative,American Medical Association CodeManager
1971,Healthcare Representative,Critical Thinking
1971,Healthcare Representative,3DGrid HIPAA Checkup
1972,Human Resources,Adobe Human Capital Application Solution Accelerator
1972,Human Resources,Reading Comprehension
1972,Human Resources,Adobe Creative Cloud software
1972,Human Resources,Adobe InDesign
1972,Human Resources,Critical Thinking
1972,Human Resources,Adobe Illustrator
1972,Human Resources,Writing
1973,Manager,Speaking
1973,Manager,Adobe Creative Cloud software
1973,Manager,Active Listening
1973,Manager,Monitoring
1973,Manager,Act!
1973,Manager,ADP Workforce Now
1973,Manager,Reading Comprehension
1973,Manager,Adobe Acrobat
1973,Manager,Adobe Photoshop
1973,Manager,Critical Thinking
1974,Laboratory Technician,Email software
1974,Laboratory Technician,Microsoft Access
1974,Laboratory Technician,Writing
1974,Laboratory Technician,Linux
1975,Sales Executive,Critical Thinking
1975,Sales Executive,Act!
1975,Sales Executive,Reading Comprehension
1975,Sales Executive,Adobe Creative Cloud software
1975,Sales Executive,Apple Keynote
1975,Sales Executive,Speaking
1975,Sales Executive,Airtable
1975,Sales Executive,Adobe Acrobat
1975,Sales Executive,Active Listening
1976,Research Scientist,Reading Comprehension
1976,Research Scientist,Amazon Elastic Compute Cloud EC2
1976,Research Scientist,Mathematics
1976,Research Scientist,Active Learning
1976,Research Scientist,3D graphics software
1976,Research Scientist,Critical Thinking
1976,Research Scientist,Ada
1976,Research Scientist,Amazon DynamoDB
1976,Research Scientist,Active Listening
1976,Research Scientist,Algorithmic software
1979,Research Director,Adobe Photoshop
1979,Research Director,ESRI ArcGIS software
1979,Research Director,IBM Lotus 1-2-3
1979,Research Director,Adobe Acrobat
1979,Research Director,Reading Comprehension
1979,Research Director,Writing
1979,Research Director,Active Listening
1979,Research Director,Critical Thinking
1979,Research Director,Science
1979,Research Director,Clinical trial management software
1980,Manufacturing Director,Active Listening
1980,Manufacturing Director,Adobe InDesign
1980,Manufacturing Director,Apple Final Cut Pro
1980,Manufacturing Director,Adobe After Effects
1980,Manufacturing Director,ABB Optimize IT Predict & Control
1980,Manufacturing Director,Monitoring
1980,Manufacturing Director,Adobe Photoshop
1980,Manufacturing Director,Speaking
1981,Healthcare Representative,AcuStaf
1981,Healthcare Representative,Active Listening
1981,Healthcare Representative,Allscripts healthcare automation software
1981,Healthcare Representative,American Medical Association CodeManager
1981,Healthcare Representative,Alteer Office
1981,Healthcare Representative,3DGrid HIPAA Checkup
1981,Healthcare Representative,Adobe Acrobat
1981,Healthcare Representative,Reading Comprehension
1981,Healthcare Representative,Critical Thinking
1982,Laboratory Technician,Laboratory information management system LIMS
1982,Laboratory Technician,Critical Thinking
1982,Laboratory Technician,Linux
1982,Laboratory Technician,Monitoring
1982,Laboratory Technician,Science
1982,Laboratory Technician,Database software
1982,Laboratory Technician,Writing
1982,Laboratory Technician,C++
1985,Laboratory Technician,Reading Comprehension
1985,Laboratory Technician,Email software
1985,Laboratory Technician,Laboratory information management system LIMS
1985,Laboratory Technician,C++
1985,Laboratory Technician,Critical Thinking
1985,Laboratory Technician,Database software
1985,Laboratory Technician,Science
1985,Laboratory Technician,Monitoring
1985,Laboratory Technician,Writing
1986,Sales Executive,Reading Comprehension
1986,Sales Executive,Active Listening
1986,Sales Executive,Speaking
1986,Sales Executive,Act!
1986,Sales Executive,Adobe Acrobat
1986,Sales Executive,Airtable
1986,Sales Executive,Adobe Creative Cloud software
1986,Sales Executive,Apple Keynote
1986,Sales Executive,Adobe ActionScript
1987,Human Resources,Adobe Illustrator
1987,Human Resources,Adobe Dreamweaver
1987,Human Resources,Adobe InDesign
1987,Human Resources,Critical Thinking
1987,Human Resources,Reading Comprehension
1987,Human Resources,Adobe Creative Cloud software
1989,Laboratory Technician,Laboratory information management system LIMS
1989,Laboratory Technician,Linux
1989,Laboratory Technician,Critical Thinking
1989,Laboratory Technician,Science
1989,Laboratory Technician,Writing
1989,Laboratory Technician,Microsoft Access
1989,Laboratory Technician,Email software
1989,Laboratory Technician,Database software
1989,Laboratory Technician,C++
1989,Laboratory Technician,Reading Comprehension
1992,Laboratory Technician,Email software
1992,Laboratory Technician,Monitoring
1992,Laboratory Technician,Microsoft Access
1992,Laboratory Technician,Writing
1992,Laboratory Technician,Science
1992,Laboratory Technician,Database software
1992,Laboratory Technician,Critical Thinking
1992,Laboratory Technician,C++
1993,Healthcare Representative,Monitoring
1993,Healthcare Representative,American Medical Association CodeManager
1993,Healthcare Representative,3DGrid HIPAA Checkup
1993,Healthcare Representative,AcuStaf
1993,Healthcare Representative,Active Listening
1993,Healthcare Representative,Alteer Office
1993,Healthcare Representative,Critical Thinking
1993,Healthcare Representative,Speaking
1993,Healthcare Representative,Adobe Acrobat
1993,Healthcare Representative,Reading Comprehension
1994,Laboratory Technician,Writing
1994,Laboratory Technician,Linux
1994,Laboratory Technician,Database software
1994,Laboratory Technician,Email software
1994,Laboratory Technician,Reading Comprehension
1995,Sales Executive,Adobe Acrobat
1995,Sales Executive,Airtable
1995,Sales Executive,Monitoring
1995,Sales Executive,Adobe ActionScript
1995,Sales Executive,Adobe Creative Cloud software
1995,Sales Executive,Critical Thinking
1995,Sales Executive,Reading Comprehension
1995,Sales Executive,Active Listening
1995,Sales Executive,Apple Keynote
1996,Sales Representative,Active Listening
1996,Sales Representative,Adobe Creative Cloud software
1996,Sales Representative,Speaking
1996,Sales Representative,Reading Comprehension
1996,Sales Representative,Adobe Dreamweaver
1997,Manufacturing Director,ABB Optimize IT Predict & Control
1997,Manufacturing Director,Apple Final Cut Pro
1997,Manufacturing Director,Reading Comprehension
1997,Manufacturing Director,Adobe InDesign
1997,Manufacturing Director,Adobe Acrobat
1997,Manufacturing Director,Adobe After Effects
1997,Manufacturing Director,Monitoring
1997,Manufacturing Director,Critical Thinking
1998,Research Scientist,Advanced numerical software
1998,Research Scientist,Critical Thinking
1998,Research Scientist,Active Listening
1998,Research Scientist,Active Learning
1998,Research Scientist,Algorithmic software
1998,Research Scientist,Amazon DynamoDB
1999,Research Scientist,Reading Comprehension
1999,Research Scientist,Advanced numerical software
1999,Research Scientist,Active Learning
1999,Research Scientist,Amazon Elastic Compute Cloud EC2
1999,Research Scientist,Critical Thinking
1999,Research Scientist,Active Listening
1999,Research Scientist,Amazon DynamoDB
2000,Research Director,Reading Comprehension
2000,Research Director,Clinical trial management software
2000,Research Director,IBM Lotus 1-2-3
2000,Research Director,Graphics software
2000,Research Director,ESRI ArcGIS software
2000,Research Director,Science
2000,Research Director,Adobe Photoshop
2000,Research Director,Active Listening
2000,Research Director,Adobe Acrobat
2000,Research Director,Critical Thinking
2003,Laboratory Technician,Writing
2003,Laboratory Technician,C++
2003,Laboratory Technician,Critical Thinking
2003,Laboratory Technician,Science
2003,Laboratory Technician,Database software
2003,Laboratory Technician,Reading Comprehension
2003,Laboratory Technician,Microsoft Access
2007,Research Scientist,Amazon Elastic Compute Cloud EC2
2007,Research Scientist,Algorithmic software
2007,Research Scientist,Mathematics
2007,Research Scientist,Amazon DynamoDB
2007,Research Scientist,Ada
2007,Research Scientist,Active Listening
2008,Research Scientist,Active Learning
2008,Research Scientist,Amazon Elastic Compute Cloud EC2
2008,Research Scientist,Active Listening
2008,Research Scientist,Ada
2008,Research Scientist,Advanced numerical software
2008,Research Scientist,3D graphics software
2008,Research Scientist,Mathematics
2009,Healthcare Representative,Critical Thinking
2009,Healthcare Representative,Alteer Office
2009,Healthcare Representative,3DGrid HIPAA Checkup
2009,Healthcare Representative,Monitoring
2009,Healthcare Representative,Adobe Acrobat
2009,Healthcare Representative,American Medical Association CodeManager
2009,Healthcare Representative,Speaking
2009,Healthcare Representative,Allscripts healthcare automation software
2009,Healthcare Representative,Reading Comprehension
2009,Healthcare Representative,Active Listening
2010,Laboratory Technician,Linux
2010,Laboratory Technician,Science
2010,Laboratory Technician,Monitoring
2010,Laboratory Technician,Database software
2010,Laboratory Technician,Laboratory information management system LIMS
2010,Laboratory Technician,Email software
2010,Laboratory Technician,C++
2010,Laboratory Technician,Writing
2010,Laboratory Technician,Microsoft Access
2012,Laboratory Technician,Laboratory information management system LIMS
2012,Laboratory Technician,Database software
2012,Laboratory Technician,Monitoring
2012,Laboratory Technician,Microsoft Access
2012,Laboratory Technician,Writing
2012,Laboratory Technician,Email software
2013,Sales Representative,3M Post-it App
2013,Sales Representative,Reading Comprehension
2013,Sales Representative,Writing
2013,Sales Representative,Adobe Creative Cloud software
2013,Sales Representative,Adobe Illustrator
2013,Sales Representative,Adobe Acrobat
2014,Research Scientist,Active Listening
2014,Research Scientist,Amazon Elastic Compute Cloud EC2
2014,Research Scientist,Critical Thinking
2014,Research Scientist,Active Learning
2014,Research Scientist,3D graphics software
2014,Research Scientist,Reading Comprehension
2014,Research Scientist,Amazon DynamoDB
2014,Research Scientist,Algorithmic software
2015,Research Director,Graphics software
2015,Research Director,Reading Comprehension
2015,Research Director,Critical Thinking
2015,Research Director,Adobe Acrobat
2015,Research Director,Clinical trial management software
2015,Research Director,Active Listening
2015,Research Director,Adobe Photoshop
2015,Research Director,ESRI ArcGIS software
2016,Sales Executive,Airtable
2016,Sales Executive,Critical Thinking
2016,Sales Executive,Adobe Acrobat
2016,Sales Executive,Act!
2016,Sales Executive,Adobe Creative Cloud software
2016,Sales Executive,Adobe ActionScript
2016,Sales Executive,Speaking
2016,Sales Executive,Apple Keynote
2016,Sales Executive,Monitoring
2016,Sales Executive,Reading Comprehension
2017,Research Director,IBM Lotus 1-2-3
2017,Research Director,Graphics software
2017,Research Director,Adobe Acrobat
2017,Research Director,Reading Comprehension
2017,Research Director,Science
2017,Research Director,Critical Thinking
2017,Research Director,ESRI ArcGIS software
2017,Research Director,Clinical trial management software
2018,Sales Executive,Apple Keynote
2018,Sales Executive,Adobe Creative Cloud software
2018,Sales Executive,Adobe Acrobat
2018,Sales Executive,Adobe ActionScript
2018,Sales Executive,Active Listening
2018,Sales Executive,Speaking
2018,Sales Executive,Monitoring
2018,Sales Executive,Act!
2018,Sales Executive,Critical Thinking
2018,Sales Executive,Airtable
2019,Sales Representative,Adobe Illustrator
2019,Sales Representative,ACT! Premium
2019,Sales Representative,3M Post-it App
2019,Sales Representative,Writing
2019,Sales Representative,Adobe Dreamweaver
2019,Sales Representative,Active Listening
2019,Sales Representative,Adobe Acrobat
2019,Sales Representative,Reading Comprehension
2019,Sales Representative,Adobe Creative Cloud software
2020,Research Scientist,3D graphics software
2020,Research Scientist,Algorithmic software
2020,Research Scientist,Ada
2020,Research Scientist,Active Learning
2020,Research Scientist,Reading Comprehension
2020,Research Scientist,Mathematics
2021,Sales Representative,Adobe Acrobat
2021,Sales Representative,Writing
2021,Sales Representative,Critical Thinking
2021,Sales Representative,Adobe Creative Cloud software
2021,Sales Representative,Active Listening
2021,Sales Representative,Adobe Illustrator
2021,Sales Representative,Reading Comprehension
2021,Sales Representative,ACT! Premium
2022,Manager,Active Listening
2022,Manager,ActionWare
2022,Manager,Adobe Creative Cloud software
2022,Manager,Critical Thinking
2022,Manager,ADP Workforce Now
2022,Manager,Speaking
2022,Manager,Act!
2022,Manager,Monitoring
2023,Sales Representative,Adobe Dreamweaver
2023,Sales Representative,3M Post-it App
2023,Sales Representative,ACT! Premium
2023,Sales Representative,Active Listening
2023,Sales Representative,Speaking
2024,Sales Executive,Active Listening
2024,Sales Executive,Critical Thinking
2024,Sales Executive,Airtable
2024,Sales Executive,Apple Keynote
2024,Sales Executive,Act!
2024,Sales Executive,Monitoring
2024,Sales Executive,Reading Comprehension
2024,Sales Executive,Adobe Acrobat
2024,Sales Executive,Adobe Creative Cloud software
2024,Sales Executive,Adobe ActionScript
2025,Manufacturing Director,Adobe Photoshop
2025,Manufacturing Director,Reading Comprehension
2025,Manufacturing Director,Critical Thinking
2025,Manufacturing Director,Adobe InDesign
2025,Manufacturing Director,Active Listening
2025,Manufacturing Director,Monitoring
2025,Manufacturing Director,Adobe After Effects
2025,Manufacturing Director,Apple Final Cut Pro
2026,Healthcare Representative,Monitoring
2026,Healthcare Representative,Reading Comprehension
2026,Healthcare Representative,Allscripts healthcare automation software
2026,Healthcare Representative,Critical Thinking
2026,Healthcare Representative,Active Listening
2026,Healthcare Representative,Adobe Acrobat
2026,Healthcare Representative,3DGrid HIPAA Checkup
2026,Healthcare Representative,Speaking
2027,Research Scientist,Active Learning
2027,Research Scientist,Active Listening
2027,Research Scientist,Amazon Elastic Compute Cloud EC2
2027,Research Scientist,Reading Comprehension
2027,Research Scientist,Mathematics
2031,Manager,Adobe Creative Cloud software
2031,Manager,Critical Thinking
2031,Manager,Speaking
2031,Manager,Active Listening
2031,Manager,Act!
2031,Manager,Reading Comprehension
2031,Manager,Adobe Acrobat
2031,Manager,ADP Workforce Now
2032,Laboratory Technician,Critical Thinking
2032,Laboratory Technician,Monitoring
2032,Laboratory Technician,Email software
2032,Laboratory Technician,Database software
2032,Laboratory Technician,Microsoft Access
2032,Laboratory Technician,Reading Comprehension
2032,Laboratory Technician,C++
2034,Manufacturing Director,Reading Comprehension
2034,Manufacturing Director,Monitoring
2034,Manufacturing Director,Critical Thinking
2034,Manufacturing Director,Speaking
2034,Manufacturing Director,Adobe After Effects
2034,Manufacturing Director,Adobe Acrobat
2034,Manufacturing Director,Active Listening
2035,Sales Executive,Speaking
2035,Sales Executive,Airtable
2035,Sales Executive,Critical Thinking
2035,Sales Executive,Act!
2035,Sales Executive,Reading Comprehension
2035,Sales Executive,Apple Keynote
2035,Sales Executive,Monitoring
2035,Sales Executive,Adobe Acrobat
2035,Sales Executive,Active Listening
2035,Sales Executive,Adobe Creative Cloud software
2036,Sales Executive,Act!
2036,Sales Executive,Reading Comprehension
2036,Sales Executive,Speaking
2036,Sales Executive,Adobe Creative Cloud software
2036,Sales Executive,Adobe Acrobat
2036,Sales Executive,Airtable
2036,Sales Executive,Apple Keynote
2036,Sales Executive,Critical Thinking
2036,Sales Executive,Active Listening
2037,Sales Executive,Act!
2037,Sales Executive,Adobe Creative Cloud software
2037,Sales Executive,Apple Keynote
2037,Sales Executive,Speaking
2037,Sales Executive,Airtable
2037,Sales Executive,Active Listening
2037,Sales Executive,Critical Thinking
2037,Sales Executive,Adobe ActionScript
2038,Research Scientist,Ada
2038,Research Scientist,Active Listening
2038,Research Scientist,Advanced numerical software
2038,Research Scientist,Reading Comprehension
2038,Research Scientist,Amazon Elastic Compute Cloud EC2
2038,Research Scientist,Amazon DynamoDB
2040,Human Resources,Adobe InDesign
2040,Human Resources,Speaking
2040,Human Resources,Adobe Human Capital Application Solution Accelerator
2040,Human Resources,Adobe Acrobat
2040,Human Resources,Adobe Illustrator
2040,Human Resources,Adobe Creative Cloud software
2040,Human Resources,Adobe Dreamweaver
2040,Human Resources,Active Listening
2040,Human Resources,Reading Comprehension
2041,Sales Executive,Adobe Acrobat
2041,Sales Executive,Active Listening
2041,Sales Executive,Airtable
2041,Sales Executive,Adobe Creative Cloud software
2041,Sales Executive,Reading Comprehension
2041,Sales Executive,Act!
2041,Sales Executive,Critical Thinking
2041,Sales Executive,Monitoring
2041,Sales Executive,Adobe ActionScript
2041,Sales Executive,Speaking
2044,Sales Executive,Airtable
2044,Sales Executive,Speaking
2044,Sales Executive,Active Listening
2044,Sales Executive,Act!
2044,Sales Executive,Reading Comprehension
2044,Sales Executive,Adobe Creative Cloud software
2044,Sales Executive,Apple Keynote
2045,Sales Executive,Monitoring
2045,Sales Executive,Adobe Creative Cloud software
2045,Sales Executive,Active Listening
2045,Sales Executive,Adobe Acrobat
2045,Sales Executive,Apple Keynote
2045,Sales Executive,Airtable
2045,Sales Executive,Critical Thinking
2046,Sales Executive,Active Listening
2046,Sales Executive,Monitoring
2046,Sales Executive,Reading Comprehension
2046,Sales Executive,Adobe ActionScript
2046,Sales Executive,Critical Thinking
2046,Sales Executive,Speaking
2046,Sales Executive,Apple Keynote
2046,Sales Executive,Airtable
2046,Sales Executive,Adobe Creative Cloud software
2046,Sales Executive,Adobe Acrobat
2048,Research Scientist,Ada
2048,Research Scientist,Amazon Elastic Compute Cloud EC2
2048,Research Scientist,3D graphics software
2048,Research Scientist,Algorithmic software
2049,Healthcare Representative,Active Listening
2049,Healthcare Representative,3DGrid HIPAA Checkup
2049,Healthcare Representative,Alteer Office
2049,Healthcare Representative,Critical Thinking
2049,Healthcare Representative,Speaking
2049,Healthcare Representative,Allscripts healthcare automation software
2049,Healthcare Representative,AcuStaf
2049,Healthcare Representative,American Medical Association CodeManager
2049,Healthcare Representative,Monitoring
2049,Healthcare Representative,Adobe Acrobat
2051,Research Scientist,Amazon Elastic Compute Cloud EC2
2051,Research Scientist,Reading Comprehension
2051,Research Scientist,Ada
2051,Research Scientist,Amazon DynamoDB
2051,Research Scientist,Advanced numerical software
2051,Research Scientist,Critical Thinking
2051,Research Scientist,Active Listening
2051,Research Scientist,Active Learning
2051,Research Scientist,Algorithmic software
2052,Research Scientist,Active Learning
2052,Research Scientist,Advanced numerical software
2052,Research Scientist,Reading Comprehension
2052,Research Scientist,Algorithmic software
2052,Research Scientist,Critical Thinking
2052,Research Scientist,Mathematics
2052,Research Scientist,Active Listening
2052,Research Scientist,Ada
2053,Laboratory Technician,Email software
2053,Laboratory Technician,Critical Thinking
2053,Laboratory Technician,Laboratory information management system LIMS
2053,Laboratory Technician,Reading Comprehension
2053,Laboratory Technician,Monitoring
2053,Laboratory Technician,Science
2053,Laboratory Technician,Writing
2053,Laboratory Technician,Microsoft Access
2054,Research Scientist,Advanced numerical software
2054,Research Scientist,Critical Thinking
2054,Research Scientist,Algorithmic software
2054,Research Scientist,Amazon DynamoDB
2054,Research Scientist,Amazon Elastic Compute Cloud EC2
2054,Research Scientist,Active Listening
2055,Sales Executive,Adobe ActionScript
2055,Sales Executive,Apple Keynote
2055,Sales Executive,Airtable
2055,Sales Executive,Speaking
2055,Sales Executive,Adobe Acrobat
2055,Sales Executive,Act!
2055,Sales Executive,Adobe Creative Cloud software
2056,Sales Executive,Act!
2056,Sales Executive,Airtable
2056,Sales Executive,Adobe Creative Cloud software
2056,Sales Executive,Reading Comprehension
2056,Sales Executive,Apple Keynote
2056,Sales Executive,Active Listening
2056,Sales Executive,Adobe Acrobat
2056,Sales Executive,Adobe ActionScript
2057,Manufacturing Director,Adobe InDesign
2057,Manufacturing Director,Critical Thinking
2057,Manufacturing Director,ABB Optimize IT Predict & Control
2057,Manufacturing Director,Monitoring
2057,Manufacturing Director,Adobe After Effects
2057,Manufacturing Director,Speaking
2057,Manufacturing Director,Adobe Acrobat
2057,Manufacturing Director,Reading Comprehension
2060,Sales Representative,Active Listening
2060,Sales Representative,Adobe Dreamweaver
2060,Sales Representative,Adobe Acrobat
2060,Sales Representative,Adobe Illustrator
2060,Sales Representative,Critical Thinking
2060,Sales Representative,Speaking
2060,Sales Representative,3M Post-it App
2060,Sales Representative,ACT! Premium
2061,Laboratory Technician,Critical Thinking
2061,Laboratory Technician,Email software
2061,Laboratory Technician,Reading Comprehension
2061,Laboratory Technician,Database software
2061,Laboratory Technician,C++
2061,Laboratory Technician,Microsoft Access
2061,Laboratory Technician,Science
2062,Healthcare Representative,Alteer Office
2062,Healthcare Representative,Speaking
2062,Healthcare Representative,AcuStaf
2062,Healthcare Representative,Allscripts healthcare automation software
2062,Healthcare Representative,American Medical Association CodeManager
2062,Healthcare Representative,Adobe Acrobat
2062,Healthcare Representative,Critical Thinking
2062,Healthcare Representative,3DGrid HIPAA Checkup
2062,Healthcare Representative,Reading Comprehension
2064,Manufacturing Director,Adobe Photoshop
2064,Manufacturing Director,Monitoring
2064,Manufacturing Director,Speaking
2064,Manufacturing Director,Apple Final Cut Pro
2064,Manufacturing Director,Critical Thinking
2064,Manufacturing Director,Adobe Acrobat
2064,Manufacturing Director,Active Listening
2064,Manufacturing Director,Reading Comprehension
2065,Sales Executive,Adobe Acrobat
2065,Sales Executive,Act!
2065,Sales Executive,Reading Comprehension
2065,Sales Executive,Adobe Creative Cloud software
2065,Sales Executive,Speaking
2065,Sales Executive,Active Listening
2065,Sales Executive,Critical Thinking
2065,Sales Executive,Adobe ActionScript
2065,Sales Executive,Airtable
2065,Sales Executive,Monitoring
2068,Laboratory Technician,Science
2068,Laboratory Technician,Laboratory information management system LIMS
2068,Laboratory Technician,Reading Comprehension
2068,Laboratory Technician,Writing
2068,Laboratory Technician,Monitoring
2068,Laboratory Technician,Critical Thinking
